
main.elf:     file format elf32-littlearm


Disassembly of section .text:

00000000 <_stext>:
       0:	20001ffc 	strdcs	r1, [r0], -ip
       4:	000001d5 	ldrdeq	r0, [r0], -r5
       8:	000001d9 	ldrdeq	r0, [r0], -r9
       c:	000001d9 	ldrdeq	r0, [r0], -r9
      10:	000001d9 	ldrdeq	r0, [r0], -r9
      14:	000001d9 	ldrdeq	r0, [r0], -r9
      18:	000001d9 	ldrdeq	r0, [r0], -r9
      1c:	000001d9 	ldrdeq	r0, [r0], -r9
      20:	000001d9 	ldrdeq	r0, [r0], -r9
      24:	000001d9 	ldrdeq	r0, [r0], -r9
      28:	000001d9 	ldrdeq	r0, [r0], -r9
      2c:	000001d9 	ldrdeq	r0, [r0], -r9
      30:	0000230b 	andeq	r2, r0, fp, lsl #6
      34:	000001d9 	ldrdeq	r0, [r0], -r9
      38:	000001d9 	ldrdeq	r0, [r0], -r9
      3c:	00002421 	andeq	r2, r0, r1, lsr #8
      40:	00002467 	andeq	r2, r0, r7, ror #8
	...

000001d4 <reset_handler>:
	.section .text 
	.align 1
	.type reset_handler, %function

reset_handler:
	b start
     1d4:	e030      	b.n	238 <start>
	b .
     1d6:	e7fe      	b.n	1d6 <reset_handler+0x2>

000001d8 <default>:

	.section .text
	.align 1
	.type default, %function
default:
	b .
     1d8:	e7fe      	b.n	1d8 <default>
	...

000001dc <vTask1>:
#include "queue.h"

#define GLOBAL_VAR 	4
QueueHandle_t xQueue;

static void vTask1(void *pvParameters){
     1dc:	b580      	push	{r7, lr}
     1de:	b086      	sub	sp, #24
     1e0:	af00      	add	r7, sp, #0
     1e2:	6078      	str	r0, [r7, #4]
	BaseType_t xstatus;
	int32_t ValueToSend;

	ValueToSend = (int32_t) pvParameters;
     1e4:	687b      	ldr	r3, [r7, #4]
     1e6:	613b      	str	r3, [r7, #16]
	
	xstatus = xQueueSendToBack(xQueue, &ValueToSend, 0);
     1e8:	4b07      	ldr	r3, [pc, #28]	@ (208 <vTask1+0x2c>)
     1ea:	6818      	ldr	r0, [r3, #0]
     1ec:	f107 0110 	add.w	r1, r7, #16
     1f0:	2300      	movs	r3, #0
     1f2:	2200      	movs	r2, #0
     1f4:	f002 fa46 	bl	2684 <xQueueGenericSend>
     1f8:	6178      	str	r0, [r7, #20]

	if(xstatus == pdPASS){

	}
	
	volatile int a = 0;
     1fa:	2300      	movs	r3, #0
     1fc:	60fb      	str	r3, [r7, #12]
	while(1){
		a++;
     1fe:	68fb      	ldr	r3, [r7, #12]
     200:	3301      	adds	r3, #1
     202:	60fb      	str	r3, [r7, #12]
     204:	e7fb      	b.n	1fe <vTask1+0x22>
     206:	bf00      	nop
     208:	20000004 	andcs	r0, r0, r4

0000020c <vTask2>:
	};
}

static void vTask2(void *pvParameters){
     20c:	b580      	push	{r7, lr}
     20e:	b086      	sub	sp, #24
     210:	af00      	add	r7, sp, #0
     212:	6078      	str	r0, [r7, #4]

	int32_t lReceivedValue;
	BaseType_t xStatus;
	// const TickType_t xTicksToWait = pdMS_TO_TICKS( 100 );

	xStatus = xQueueReceive( xQueue, &lReceivedValue, 0 );
     214:	4b07      	ldr	r3, [pc, #28]	@ (234 <vTask2+0x28>)
     216:	681b      	ldr	r3, [r3, #0]
     218:	f107 0110 	add.w	r1, r7, #16
     21c:	2200      	movs	r2, #0
     21e:	4618      	mov	r0, r3
     220:	f002 fb9b 	bl	295a <xQueueReceive>
     224:	6178      	str	r0, [r7, #20]



	volatile int b = 0;
     226:	2300      	movs	r3, #0
     228:	60fb      	str	r3, [r7, #12]
	while(1){
		b++;
     22a:	68fb      	ldr	r3, [r7, #12]
     22c:	3301      	adds	r3, #1
     22e:	60fb      	str	r3, [r7, #12]
     230:	e7fb      	b.n	22a <vTask2+0x1e>
     232:	bf00      	nop
     234:	20000004 	andcs	r0, r0, r4

00000238 <start>:
extern uint32_t _sidata;
extern uint32_t _sbss;
extern uint32_t _ebss;

void start()
{
     238:	b580      	push	{r7, lr}
     23a:	b086      	sub	sp, #24
     23c:	af02      	add	r7, sp, #8
	BaseType_t xReturn;

	uint32_t *src = &_sidata;
     23e:	4b24      	ldr	r3, [pc, #144]	@ (2d0 <start+0x98>)
     240:	60fb      	str	r3, [r7, #12]
	uint32_t *dst = &_sdata;
     242:	4b24      	ldr	r3, [pc, #144]	@ (2d4 <start+0x9c>)
     244:	60bb      	str	r3, [r7, #8]
	while(dst < &_edata){
     246:	e007      	b.n	258 <start+0x20>
		*dst++ = *src++;
     248:	68fa      	ldr	r2, [r7, #12]
     24a:	1d13      	adds	r3, r2, #4
     24c:	60fb      	str	r3, [r7, #12]
     24e:	68bb      	ldr	r3, [r7, #8]
     250:	1d19      	adds	r1, r3, #4
     252:	60b9      	str	r1, [r7, #8]
     254:	6812      	ldr	r2, [r2, #0]
     256:	601a      	str	r2, [r3, #0]
	while(dst < &_edata){
     258:	68bb      	ldr	r3, [r7, #8]
     25a:	4a1f      	ldr	r2, [pc, #124]	@ (2d8 <start+0xa0>)
     25c:	4293      	cmp	r3, r2
     25e:	d3f3      	bcc.n	248 <start+0x10>
	}

	dst = &_sbss;
     260:	4b1e      	ldr	r3, [pc, #120]	@ (2dc <start+0xa4>)
     262:	60bb      	str	r3, [r7, #8]
	while(dst < &_ebss){
     264:	e004      	b.n	270 <start+0x38>
		*dst++ = 0;
     266:	68bb      	ldr	r3, [r7, #8]
     268:	1d1a      	adds	r2, r3, #4
     26a:	60ba      	str	r2, [r7, #8]
     26c:	2200      	movs	r2, #0
     26e:	601a      	str	r2, [r3, #0]
	while(dst < &_ebss){
     270:	68bb      	ldr	r3, [r7, #8]
     272:	4a1b      	ldr	r2, [pc, #108]	@ (2e0 <start+0xa8>)
     274:	4293      	cmp	r3, r2
     276:	d3f6      	bcc.n	266 <start+0x2e>
	}

	xQueue = xQueueCreate( 5, sizeof( int32_t ) );
     278:	2200      	movs	r2, #0
     27a:	2104      	movs	r1, #4
     27c:	2005      	movs	r0, #5
     27e:	f002 f9a3 	bl	25c8 <xQueueGenericCreate>
     282:	4603      	mov	r3, r0
     284:	4a17      	ldr	r2, [pc, #92]	@ (2e4 <start+0xac>)
     286:	6013      	str	r3, [r2, #0]
	if( xQueue != NULL )
     288:	4b16      	ldr	r3, [pc, #88]	@ (2e4 <start+0xac>)
     28a:	681b      	ldr	r3, [r3, #0]
     28c:	2b00      	cmp	r3, #0
     28e:	d01a      	beq.n	2c6 <start+0x8e>
	{
		xReturn = xTaskCreate(vTask1, "T1", configMINIMAL_STACK_SIZE, NULL, 1, NULL);
     290:	2300      	movs	r3, #0
     292:	9301      	str	r3, [sp, #4]
     294:	2301      	movs	r3, #1
     296:	9300      	str	r3, [sp, #0]
     298:	2300      	movs	r3, #0
     29a:	f44f 7280 	mov.w	r2, #256	@ 0x100
     29e:	4912      	ldr	r1, [pc, #72]	@ (2e8 <start+0xb0>)
     2a0:	4812      	ldr	r0, [pc, #72]	@ (2ec <start+0xb4>)
     2a2:	f000 f88f 	bl	3c4 <xTaskCreate>
     2a6:	6078      	str	r0, [r7, #4]
		xReturn = xTaskCreate(vTask2, "T2", configMINIMAL_STACK_SIZE, NULL, 1, NULL);
     2a8:	2300      	movs	r3, #0
     2aa:	9301      	str	r3, [sp, #4]
     2ac:	2301      	movs	r3, #1
     2ae:	9300      	str	r3, [sp, #0]
     2b0:	2300      	movs	r3, #0
     2b2:	f44f 7280 	mov.w	r2, #256	@ 0x100
     2b6:	490e      	ldr	r1, [pc, #56]	@ (2f0 <start+0xb8>)
     2b8:	480e      	ldr	r0, [pc, #56]	@ (2f4 <start+0xbc>)
     2ba:	f000 f883 	bl	3c4 <xTaskCreate>
     2be:	6078      	str	r0, [r7, #4]
		vTaskStartScheduler();
     2c0:	f000 f9f2 	bl	6a8 <vTaskStartScheduler>
	}
	return ;
     2c4:	bf00      	nop
     2c6:	bf00      	nop
     2c8:	3710      	adds	r7, #16
     2ca:	46bd      	mov	sp, r7
     2cc:	bd80      	pop	{r7, pc}
     2ce:	bf00      	nop
     2d0:	20000000 	andcs	r0, r0, r0
     2d4:	00003170 	andeq	r3, r0, r0, ror r1
     2d8:	00003174 	andeq	r3, r0, r4, ror r1
     2dc:	20000004 	andcs	r0, r0, r4
     2e0:	200010fc 	strdcs	r1, [r0], -ip
     2e4:	20000004 	andcs	r0, r0, r4
     2e8:	00003158 	andeq	r3, r0, r8, asr r1
     2ec:	000001dd 	ldrdeq	r0, [r0], -sp
     2f0:	0000315c 	andeq	r3, r0, ip, asr r1
     2f4:	0000020d 	andeq	r0, r0, sp, lsl #4

000002f8 <memset>:
void *memset(void *dst, int value, unsigned int size)
{
     2f8:	b480      	push	{r7}
     2fa:	b087      	sub	sp, #28
     2fc:	af00      	add	r7, sp, #0
     2fe:	60f8      	str	r0, [r7, #12]
     300:	60b9      	str	r1, [r7, #8]
     302:	607a      	str	r2, [r7, #4]
    unsigned char *ptr = (unsigned char*)dst;
     304:	68fb      	ldr	r3, [r7, #12]
     306:	617b      	str	r3, [r7, #20]
    unsigned char byte_value = (unsigned char)value;
     308:	68bb      	ldr	r3, [r7, #8]
     30a:	74fb      	strb	r3, [r7, #19]

    while( size > 0)
     30c:	e008      	b.n	320 <memset+0x28>
    {
        *ptr = byte_value;
     30e:	697b      	ldr	r3, [r7, #20]
     310:	7cfa      	ldrb	r2, [r7, #19]
     312:	701a      	strb	r2, [r3, #0]
        ptr++;
     314:	697b      	ldr	r3, [r7, #20]
     316:	3301      	adds	r3, #1
     318:	617b      	str	r3, [r7, #20]
        size--;
     31a:	687b      	ldr	r3, [r7, #4]
     31c:	3b01      	subs	r3, #1
     31e:	607b      	str	r3, [r7, #4]
    while( size > 0)
     320:	687b      	ldr	r3, [r7, #4]
     322:	2b00      	cmp	r3, #0
     324:	d1f3      	bne.n	30e <memset+0x16>
    }
    return dst;
     326:	68fb      	ldr	r3, [r7, #12]
}
     328:	4618      	mov	r0, r3
     32a:	371c      	adds	r7, #28
     32c:	46bd      	mov	sp, r7
     32e:	bc80      	pop	{r7}
     330:	4770      	bx	lr

00000332 <memcpy>:

void *memcpy(void *dst, const void *src, unsigned int size)
{
     332:	b480      	push	{r7}
     334:	b085      	sub	sp, #20
     336:	af00      	add	r7, sp, #0
     338:	60f8      	str	r0, [r7, #12]
     33a:	60b9      	str	r1, [r7, #8]
     33c:	607a      	str	r2, [r7, #4]
    
     33e:	bf00      	nop
     340:	4618      	mov	r0, r3
     342:	3714      	adds	r7, #20
     344:	46bd      	mov	sp, r7
     346:	bc80      	pop	{r7}
     348:	4770      	bx	lr
	...

0000034c <prvCreateTask>:
                                  const char * const pcName,
                                  const configSTACK_DEPTH_TYPE uxStackDepth,
                                  void * const pvParameters,
                                  UBaseType_t uxPriority,
                                  TaskHandle_t * const pxCreatedTask )
    {
     34c:	b580      	push	{r7, lr}
     34e:	b08a      	sub	sp, #40	@ 0x28
     350:	af04      	add	r7, sp, #16
     352:	60f8      	str	r0, [r7, #12]
     354:	60b9      	str	r1, [r7, #8]
     356:	607a      	str	r2, [r7, #4]
     358:	603b      	str	r3, [r7, #0]

            /* Allocate space for the stack used by the task being created. */
            /* MISRA Ref 11.5.1 [Malloc memory assignment] */
            /* More details at: https://github.com/FreeRTOS/FreeRTOS-Kernel/blob/main/MISRA.md#rule-115 */
            /* coverity[misra_c_2012_rule_11_5_violation] */
            pxStack = pvPortMallocStack( ( ( ( size_t ) uxStackDepth ) * sizeof( StackType_t ) ) );
     35a:	687b      	ldr	r3, [r7, #4]
     35c:	009b      	lsls	r3, r3, #2
     35e:	4618      	mov	r0, r3
     360:	f001 fd1a 	bl	1d98 <pvPortMalloc>
     364:	6138      	str	r0, [r7, #16]

            if( pxStack != NULL )
     366:	693b      	ldr	r3, [r7, #16]
     368:	2b00      	cmp	r3, #0
     36a:	d013      	beq.n	394 <prvCreateTask+0x48>
            {
                /* Allocate space for the TCB. */
                /* MISRA Ref 11.5.1 [Malloc memory assignment] */
                /* More details at: https://github.com/FreeRTOS/FreeRTOS-Kernel/blob/main/MISRA.md#rule-115 */
                /* coverity[misra_c_2012_rule_11_5_violation] */
                pxNewTCB = ( TCB_t * ) pvPortMalloc( sizeof( TCB_t ) );
     36c:	204c      	movs	r0, #76	@ 0x4c
     36e:	f001 fd13 	bl	1d98 <pvPortMalloc>
     372:	6178      	str	r0, [r7, #20]

                if( pxNewTCB != NULL )
     374:	697b      	ldr	r3, [r7, #20]
     376:	2b00      	cmp	r3, #0
     378:	d008      	beq.n	38c <prvCreateTask+0x40>
                {
                    ( void ) memset( ( void * ) pxNewTCB, 0x00, sizeof( TCB_t ) );
     37a:	224c      	movs	r2, #76	@ 0x4c
     37c:	2100      	movs	r1, #0
     37e:	6978      	ldr	r0, [r7, #20]
     380:	f7ff ffba 	bl	2f8 <memset>

                    /* Store the stack location in the TCB. */
                    pxNewTCB->pxStack = pxStack;
     384:	697b      	ldr	r3, [r7, #20]
     386:	693a      	ldr	r2, [r7, #16]
     388:	631a      	str	r2, [r3, #48]	@ 0x30
     38a:	e005      	b.n	398 <prvCreateTask+0x4c>
                }
                else
                {
                    /* The stack cannot be used as the TCB was not created.  Free
                     * it again. */
                    vPortFreeStack( pxStack );
     38c:	6938      	ldr	r0, [r7, #16]
     38e:	f001 fdb5 	bl	1efc <vPortFree>
     392:	e001      	b.n	398 <prvCreateTask+0x4c>
                }
            }
            else
            {
                pxNewTCB = NULL;
     394:	2300      	movs	r3, #0
     396:	617b      	str	r3, [r7, #20]
            }
        }
        #endif /* portSTACK_GROWTH */

        if( pxNewTCB != NULL )
     398:	697b      	ldr	r3, [r7, #20]
     39a:	2b00      	cmp	r3, #0
     39c:	d00d      	beq.n	3ba <prvCreateTask+0x6e>
                 * task was created dynamically in case it is later deleted. */
                pxNewTCB->ucStaticallyAllocated = tskDYNAMICALLY_ALLOCATED_STACK_AND_TCB;
            }
            #endif /* tskSTATIC_AND_DYNAMIC_ALLOCATION_POSSIBLE */

            prvInitialiseNewTask( pxTaskCode, pcName, uxStackDepth, pvParameters, uxPriority, pxCreatedTask, pxNewTCB, NULL );
     39e:	2300      	movs	r3, #0
     3a0:	9303      	str	r3, [sp, #12]
     3a2:	697b      	ldr	r3, [r7, #20]
     3a4:	9302      	str	r3, [sp, #8]
     3a6:	6a7b      	ldr	r3, [r7, #36]	@ 0x24
     3a8:	9301      	str	r3, [sp, #4]
     3aa:	6a3b      	ldr	r3, [r7, #32]
     3ac:	9300      	str	r3, [sp, #0]
     3ae:	683b      	ldr	r3, [r7, #0]
     3b0:	687a      	ldr	r2, [r7, #4]
     3b2:	68b9      	ldr	r1, [r7, #8]
     3b4:	68f8      	ldr	r0, [r7, #12]
     3b6:	f000 f828 	bl	40a <prvInitialiseNewTask>
        }

        return pxNewTCB;
     3ba:	697b      	ldr	r3, [r7, #20]
    }
     3bc:	4618      	mov	r0, r3
     3be:	3718      	adds	r7, #24
     3c0:	46bd      	mov	sp, r7
     3c2:	bd80      	pop	{r7, pc}

000003c4 <xTaskCreate>:
                            const char * const pcName,
                            const configSTACK_DEPTH_TYPE uxStackDepth,
                            void * const pvParameters,
                            UBaseType_t uxPriority,
                            TaskHandle_t * const pxCreatedTask )
    {
     3c4:	b580      	push	{r7, lr}
     3c6:	b088      	sub	sp, #32
     3c8:	af02      	add	r7, sp, #8
     3ca:	60f8      	str	r0, [r7, #12]
     3cc:	60b9      	str	r1, [r7, #8]
     3ce:	607a      	str	r2, [r7, #4]
     3d0:	603b      	str	r3, [r7, #0]
        TCB_t * pxNewTCB;
        BaseType_t xReturn;

        traceENTER_xTaskCreate( pxTaskCode, pcName, uxStackDepth, pvParameters, uxPriority, pxCreatedTask );

        pxNewTCB = prvCreateTask( pxTaskCode, pcName, uxStackDepth, pvParameters, uxPriority, pxCreatedTask );
     3d2:	6a7b      	ldr	r3, [r7, #36]	@ 0x24
     3d4:	9301      	str	r3, [sp, #4]
     3d6:	6a3b      	ldr	r3, [r7, #32]
     3d8:	9300      	str	r3, [sp, #0]
     3da:	683b      	ldr	r3, [r7, #0]
     3dc:	687a      	ldr	r2, [r7, #4]
     3de:	68b9      	ldr	r1, [r7, #8]
     3e0:	68f8      	ldr	r0, [r7, #12]
     3e2:	f7ff ffb3 	bl	34c <prvCreateTask>
     3e6:	6138      	str	r0, [r7, #16]

        if( pxNewTCB != NULL )
     3e8:	693b      	ldr	r3, [r7, #16]
     3ea:	2b00      	cmp	r3, #0
     3ec:	d005      	beq.n	3fa <xTaskCreate+0x36>
                /* Set the task's affinity before scheduling it. */
                pxNewTCB->uxCoreAffinityMask = configTASK_DEFAULT_CORE_AFFINITY;
            }
            #endif

            prvAddNewTaskToReadyList( pxNewTCB );
     3ee:	6938      	ldr	r0, [r7, #16]
     3f0:	f000 f870 	bl	4d4 <prvAddNewTaskToReadyList>
            xReturn = pdPASS;
     3f4:	2301      	movs	r3, #1
     3f6:	617b      	str	r3, [r7, #20]
     3f8:	e002      	b.n	400 <xTaskCreate+0x3c>
        }
        else
        {
            xReturn = errCOULD_NOT_ALLOCATE_REQUIRED_MEMORY;
     3fa:	f04f 33ff 	mov.w	r3, #4294967295
     3fe:	617b      	str	r3, [r7, #20]
        }

        traceRETURN_xTaskCreate( xReturn );

        return xReturn;
     400:	697b      	ldr	r3, [r7, #20]
    }
     402:	4618      	mov	r0, r3
     404:	3718      	adds	r7, #24
     406:	46bd      	mov	sp, r7
     408:	bd80      	pop	{r7, pc}

0000040a <prvInitialiseNewTask>:
                                  void * const pvParameters,
                                  UBaseType_t uxPriority,
                                  TaskHandle_t * const pxCreatedTask,
                                  TCB_t * pxNewTCB,
                                  const MemoryRegion_t * const xRegions )
{
     40a:	b580      	push	{r7, lr}
     40c:	b086      	sub	sp, #24
     40e:	af00      	add	r7, sp, #0
     410:	60f8      	str	r0, [r7, #12]
     412:	60b9      	str	r1, [r7, #8]
     414:	607a      	str	r2, [r7, #4]
     416:	603b      	str	r3, [r7, #0]
     * grows from high memory to low (as per the 80x86) or vice versa.
     * portSTACK_GROWTH is used to make the result positive or negative as required
     * by the port. */
    #if ( portSTACK_GROWTH < 0 )
    {
        pxTopOfStack = &( pxNewTCB->pxStack[ uxStackDepth - ( configSTACK_DEPTH_TYPE ) 1 ] );
     418:	6abb      	ldr	r3, [r7, #40]	@ 0x28
     41a:	6b1a      	ldr	r2, [r3, #48]	@ 0x30
     41c:	687b      	ldr	r3, [r7, #4]
     41e:	f103 4380 	add.w	r3, r3, #1073741824	@ 0x40000000
     422:	3b01      	subs	r3, #1
     424:	009b      	lsls	r3, r3, #2
     426:	4413      	add	r3, r2
     428:	613b      	str	r3, [r7, #16]
        pxTopOfStack = ( StackType_t * ) ( ( ( portPOINTER_SIZE_TYPE ) pxTopOfStack ) & ( ~( ( portPOINTER_SIZE_TYPE ) portBYTE_ALIGNMENT_MASK ) ) );
     42a:	693b      	ldr	r3, [r7, #16]
     42c:	f023 0307 	bic.w	r3, r3, #7
     430:	613b      	str	r3, [r7, #16]
        pxNewTCB->pxEndOfStack = pxNewTCB->pxStack + ( uxStackDepth - ( configSTACK_DEPTH_TYPE ) 1 );
    }
    #endif /* portSTACK_GROWTH */

    /* Store the task name in the TCB. */
    if( pcName != NULL )
     432:	68bb      	ldr	r3, [r7, #8]
     434:	2b00      	cmp	r3, #0
     436:	d01e      	beq.n	476 <prvInitialiseNewTask+0x6c>
    {
        for( x = ( UBaseType_t ) 0; x < ( UBaseType_t ) configMAX_TASK_NAME_LEN; x++ )
     438:	2300      	movs	r3, #0
     43a:	617b      	str	r3, [r7, #20]
     43c:	e012      	b.n	464 <prvInitialiseNewTask+0x5a>
        {
            pxNewTCB->pcTaskName[ x ] = pcName[ x ];
     43e:	68ba      	ldr	r2, [r7, #8]
     440:	697b      	ldr	r3, [r7, #20]
     442:	4413      	add	r3, r2
     444:	7819      	ldrb	r1, [r3, #0]
     446:	6aba      	ldr	r2, [r7, #40]	@ 0x28
     448:	697b      	ldr	r3, [r7, #20]
     44a:	4413      	add	r3, r2
     44c:	3334      	adds	r3, #52	@ 0x34
     44e:	460a      	mov	r2, r1
     450:	701a      	strb	r2, [r3, #0]

            /* Don't copy all configMAX_TASK_NAME_LEN if the string is shorter than
             * configMAX_TASK_NAME_LEN characters just in case the memory after the
             * string is not accessible (extremely unlikely). */
            if( pcName[ x ] == ( char ) 0x00 )
     452:	68ba      	ldr	r2, [r7, #8]
     454:	697b      	ldr	r3, [r7, #20]
     456:	4413      	add	r3, r2
     458:	781b      	ldrb	r3, [r3, #0]
     45a:	2b00      	cmp	r3, #0
     45c:	d006      	beq.n	46c <prvInitialiseNewTask+0x62>
        for( x = ( UBaseType_t ) 0; x < ( UBaseType_t ) configMAX_TASK_NAME_LEN; x++ )
     45e:	697b      	ldr	r3, [r7, #20]
     460:	3301      	adds	r3, #1
     462:	617b      	str	r3, [r7, #20]
     464:	697b      	ldr	r3, [r7, #20]
     466:	2b0f      	cmp	r3, #15
     468:	d9e9      	bls.n	43e <prvInitialiseNewTask+0x34>
     46a:	e000      	b.n	46e <prvInitialiseNewTask+0x64>
            {
                break;
     46c:	bf00      	nop
            }
        }

        /* Ensure the name string is terminated in the case that the string length
         * was greater or equal to configMAX_TASK_NAME_LEN. */
        pxNewTCB->pcTaskName[ configMAX_TASK_NAME_LEN - 1U ] = '\0';
     46e:	6abb      	ldr	r3, [r7, #40]	@ 0x28
     470:	2200      	movs	r2, #0
     472:	f883 2043 	strb.w	r2, [r3, #67]	@ 0x43
    }

    /* This is used as an array index so must ensure it's not too large. */
    configASSERT( uxPriority < configMAX_PRIORITIES );

    if( uxPriority >= ( UBaseType_t ) configMAX_PRIORITIES )
     476:	6a3b      	ldr	r3, [r7, #32]
     478:	2b04      	cmp	r3, #4
     47a:	d901      	bls.n	480 <prvInitialiseNewTask+0x76>
    {
        uxPriority = ( UBaseType_t ) configMAX_PRIORITIES - ( UBaseType_t ) 1U;
     47c:	2304      	movs	r3, #4
     47e:	623b      	str	r3, [r7, #32]
    else
    {
        mtCOVERAGE_TEST_MARKER();
    }

    pxNewTCB->uxPriority = uxPriority;
     480:	6abb      	ldr	r3, [r7, #40]	@ 0x28
     482:	6a3a      	ldr	r2, [r7, #32]
     484:	62da      	str	r2, [r3, #44]	@ 0x2c
    {
        pxNewTCB->uxBasePriority = uxPriority;
    }
    #endif /* configUSE_MUTEXES */

    vListInitialiseItem( &( pxNewTCB->xStateListItem ) );
     486:	6abb      	ldr	r3, [r7, #40]	@ 0x28
     488:	3304      	adds	r3, #4
     48a:	4618      	mov	r0, r3
     48c:	f001 fbf3 	bl	1c76 <vListInitialiseItem>
    vListInitialiseItem( &( pxNewTCB->xEventListItem ) );
     490:	6abb      	ldr	r3, [r7, #40]	@ 0x28
     492:	3318      	adds	r3, #24
     494:	4618      	mov	r0, r3
     496:	f001 fbee 	bl	1c76 <vListInitialiseItem>

    /* Set the pxNewTCB as a link back from the ListItem_t.  This is so we can get
     * back to  the containing TCB from a generic item in a list. */
    listSET_LIST_ITEM_OWNER( &( pxNewTCB->xStateListItem ), pxNewTCB );
     49a:	6abb      	ldr	r3, [r7, #40]	@ 0x28
     49c:	6aba      	ldr	r2, [r7, #40]	@ 0x28
     49e:	611a      	str	r2, [r3, #16]

    /* Event lists are always in priority order. */
    listSET_LIST_ITEM_VALUE( &( pxNewTCB->xEventListItem ), ( TickType_t ) configMAX_PRIORITIES - ( TickType_t ) uxPriority );
     4a0:	6a3b      	ldr	r3, [r7, #32]
     4a2:	f1c3 0205 	rsb	r2, r3, #5
     4a6:	6abb      	ldr	r3, [r7, #40]	@ 0x28
     4a8:	619a      	str	r2, [r3, #24]
    listSET_LIST_ITEM_OWNER( &( pxNewTCB->xEventListItem ), pxNewTCB );
     4aa:	6abb      	ldr	r3, [r7, #40]	@ 0x28
     4ac:	6aba      	ldr	r2, [r7, #40]	@ 0x28
     4ae:	625a      	str	r2, [r3, #36]	@ 0x24
            }
            #endif /* portSTACK_GROWTH */
        }
        #else /* portHAS_STACK_OVERFLOW_CHECKING */
        {
            pxNewTCB->pxTopOfStack = pxPortInitialiseStack( pxTopOfStack, pxTaskCode, pvParameters );
     4b0:	683a      	ldr	r2, [r7, #0]
     4b2:	68f9      	ldr	r1, [r7, #12]
     4b4:	6938      	ldr	r0, [r7, #16]
     4b6:	f001 fee3 	bl	2280 <pxPortInitialiseStack>
     4ba:	4602      	mov	r2, r0
     4bc:	6abb      	ldr	r3, [r7, #40]	@ 0x28
     4be:	601a      	str	r2, [r3, #0]
            pxNewTCB->uxTaskAttributes |= taskATTRIBUTE_IS_IDLE;
        }
    }
    #endif /* #if ( configNUMBER_OF_CORES > 1 ) */

    if( pxCreatedTask != NULL )
     4c0:	6a7b      	ldr	r3, [r7, #36]	@ 0x24
     4c2:	2b00      	cmp	r3, #0
     4c4:	d002      	beq.n	4cc <prvInitialiseNewTask+0xc2>
    {
        /* Pass the handle out in an anonymous way.  The handle can be used to
         * change the created task's priority, delete the created task, etc.*/
        *pxCreatedTask = ( TaskHandle_t ) pxNewTCB;
     4c6:	6a7b      	ldr	r3, [r7, #36]	@ 0x24
     4c8:	6aba      	ldr	r2, [r7, #40]	@ 0x28
     4ca:	601a      	str	r2, [r3, #0]
    }
    else
    {
        mtCOVERAGE_TEST_MARKER();
    }
}
     4cc:	bf00      	nop
     4ce:	3718      	adds	r7, #24
     4d0:	46bd      	mov	sp, r7
     4d2:	bd80      	pop	{r7, pc}

000004d4 <prvAddNewTaskToReadyList>:
/*-----------------------------------------------------------*/

#if ( configNUMBER_OF_CORES == 1 )

    static void prvAddNewTaskToReadyList( TCB_t * pxNewTCB )
    {
     4d4:	b580      	push	{r7, lr}
     4d6:	b084      	sub	sp, #16
     4d8:	af00      	add	r7, sp, #0
     4da:	6078      	str	r0, [r7, #4]
        /* Ensure interrupts don't access the task lists while the lists are being
         * updated. */
        taskENTER_CRITICAL();
     4dc:	f001 ff6c 	bl	23b8 <vPortEnterCritical>
        {
            uxCurrentNumberOfTasks = ( UBaseType_t ) ( uxCurrentNumberOfTasks + 1U );
     4e0:	4b3f      	ldr	r3, [pc, #252]	@ (5e0 <prvAddNewTaskToReadyList+0x10c>)
     4e2:	681b      	ldr	r3, [r3, #0]
     4e4:	3301      	adds	r3, #1
     4e6:	4a3e      	ldr	r2, [pc, #248]	@ (5e0 <prvAddNewTaskToReadyList+0x10c>)
     4e8:	6013      	str	r3, [r2, #0]

            if( pxCurrentTCB == NULL )
     4ea:	4b3e      	ldr	r3, [pc, #248]	@ (5e4 <prvAddNewTaskToReadyList+0x110>)
     4ec:	681b      	ldr	r3, [r3, #0]
     4ee:	2b00      	cmp	r3, #0
     4f0:	d109      	bne.n	506 <prvAddNewTaskToReadyList+0x32>
            {
                /* There are no other tasks, or all the other tasks are in
                 * the suspended state - make this the current task. */
                pxCurrentTCB = pxNewTCB;
     4f2:	4a3c      	ldr	r2, [pc, #240]	@ (5e4 <prvAddNewTaskToReadyList+0x110>)
     4f4:	687b      	ldr	r3, [r7, #4]
     4f6:	6013      	str	r3, [r2, #0]

                if( uxCurrentNumberOfTasks == ( UBaseType_t ) 1 )
     4f8:	4b39      	ldr	r3, [pc, #228]	@ (5e0 <prvAddNewTaskToReadyList+0x10c>)
     4fa:	681b      	ldr	r3, [r3, #0]
     4fc:	2b01      	cmp	r3, #1
     4fe:	d110      	bne.n	522 <prvAddNewTaskToReadyList+0x4e>
                {
                    /* This is the first task to be created so do the preliminary
                     * initialisation required.  We will not recover if this call
                     * fails, but we will report the failure. */
                    prvInitialiseTaskLists();
     500:	f000 fe12 	bl	1128 <prvInitialiseTaskLists>
     504:	e00d      	b.n	522 <prvAddNewTaskToReadyList+0x4e>
            else
            {
                /* If the scheduler is not already running, make this task the
                 * current task if it is the highest priority task to be created
                 * so far. */
                if( xSchedulerRunning == pdFALSE )
     506:	4b38      	ldr	r3, [pc, #224]	@ (5e8 <prvAddNewTaskToReadyList+0x114>)
     508:	681b      	ldr	r3, [r3, #0]
     50a:	2b00      	cmp	r3, #0
     50c:	d109      	bne.n	522 <prvAddNewTaskToReadyList+0x4e>
                {
                    if( pxCurrentTCB->uxPriority <= pxNewTCB->uxPriority )
     50e:	4b35      	ldr	r3, [pc, #212]	@ (5e4 <prvAddNewTaskToReadyList+0x110>)
     510:	681b      	ldr	r3, [r3, #0]
     512:	6ada      	ldr	r2, [r3, #44]	@ 0x2c
     514:	687b      	ldr	r3, [r7, #4]
     516:	6adb      	ldr	r3, [r3, #44]	@ 0x2c
     518:	429a      	cmp	r2, r3
     51a:	d802      	bhi.n	522 <prvAddNewTaskToReadyList+0x4e>
                    {
                        pxCurrentTCB = pxNewTCB;
     51c:	4a31      	ldr	r2, [pc, #196]	@ (5e4 <prvAddNewTaskToReadyList+0x110>)
     51e:	687b      	ldr	r3, [r7, #4]
     520:	6013      	str	r3, [r2, #0]
                {
                    mtCOVERAGE_TEST_MARKER();
                }
            }

            uxTaskNumber++;
     522:	4b32      	ldr	r3, [pc, #200]	@ (5ec <prvAddNewTaskToReadyList+0x118>)
     524:	681b      	ldr	r3, [r3, #0]
     526:	3301      	adds	r3, #1
     528:	4a30      	ldr	r2, [pc, #192]	@ (5ec <prvAddNewTaskToReadyList+0x118>)
     52a:	6013      	str	r3, [r2, #0]
                pxNewTCB->uxTCBNumber = uxTaskNumber;
            }
            #endif /* configUSE_TRACE_FACILITY */
            traceTASK_CREATE( pxNewTCB );

            prvAddTaskToReadyList( pxNewTCB );
     52c:	687b      	ldr	r3, [r7, #4]
     52e:	6adb      	ldr	r3, [r3, #44]	@ 0x2c
     530:	2201      	movs	r2, #1
     532:	409a      	lsls	r2, r3
     534:	4b2e      	ldr	r3, [pc, #184]	@ (5f0 <prvAddNewTaskToReadyList+0x11c>)
     536:	681b      	ldr	r3, [r3, #0]
     538:	4313      	orrs	r3, r2
     53a:	4a2d      	ldr	r2, [pc, #180]	@ (5f0 <prvAddNewTaskToReadyList+0x11c>)
     53c:	6013      	str	r3, [r2, #0]
     53e:	687b      	ldr	r3, [r7, #4]
     540:	6ada      	ldr	r2, [r3, #44]	@ 0x2c
     542:	492c      	ldr	r1, [pc, #176]	@ (5f4 <prvAddNewTaskToReadyList+0x120>)
     544:	4613      	mov	r3, r2
     546:	009b      	lsls	r3, r3, #2
     548:	4413      	add	r3, r2
     54a:	009b      	lsls	r3, r3, #2
     54c:	440b      	add	r3, r1
     54e:	3304      	adds	r3, #4
     550:	681b      	ldr	r3, [r3, #0]
     552:	60fb      	str	r3, [r7, #12]
     554:	687b      	ldr	r3, [r7, #4]
     556:	68fa      	ldr	r2, [r7, #12]
     558:	609a      	str	r2, [r3, #8]
     55a:	68fb      	ldr	r3, [r7, #12]
     55c:	689a      	ldr	r2, [r3, #8]
     55e:	687b      	ldr	r3, [r7, #4]
     560:	60da      	str	r2, [r3, #12]
     562:	68fb      	ldr	r3, [r7, #12]
     564:	689b      	ldr	r3, [r3, #8]
     566:	687a      	ldr	r2, [r7, #4]
     568:	3204      	adds	r2, #4
     56a:	605a      	str	r2, [r3, #4]
     56c:	687b      	ldr	r3, [r7, #4]
     56e:	1d1a      	adds	r2, r3, #4
     570:	68fb      	ldr	r3, [r7, #12]
     572:	609a      	str	r2, [r3, #8]
     574:	687b      	ldr	r3, [r7, #4]
     576:	6ada      	ldr	r2, [r3, #44]	@ 0x2c
     578:	4613      	mov	r3, r2
     57a:	009b      	lsls	r3, r3, #2
     57c:	4413      	add	r3, r2
     57e:	009b      	lsls	r3, r3, #2
     580:	4a1c      	ldr	r2, [pc, #112]	@ (5f4 <prvAddNewTaskToReadyList+0x120>)
     582:	441a      	add	r2, r3
     584:	687b      	ldr	r3, [r7, #4]
     586:	615a      	str	r2, [r3, #20]
     588:	687b      	ldr	r3, [r7, #4]
     58a:	6ada      	ldr	r2, [r3, #44]	@ 0x2c
     58c:	4919      	ldr	r1, [pc, #100]	@ (5f4 <prvAddNewTaskToReadyList+0x120>)
     58e:	4613      	mov	r3, r2
     590:	009b      	lsls	r3, r3, #2
     592:	4413      	add	r3, r2
     594:	009b      	lsls	r3, r3, #2
     596:	440b      	add	r3, r1
     598:	681b      	ldr	r3, [r3, #0]
     59a:	687a      	ldr	r2, [r7, #4]
     59c:	6ad2      	ldr	r2, [r2, #44]	@ 0x2c
     59e:	1c59      	adds	r1, r3, #1
     5a0:	4814      	ldr	r0, [pc, #80]	@ (5f4 <prvAddNewTaskToReadyList+0x120>)
     5a2:	4613      	mov	r3, r2
     5a4:	009b      	lsls	r3, r3, #2
     5a6:	4413      	add	r3, r2
     5a8:	009b      	lsls	r3, r3, #2
     5aa:	4403      	add	r3, r0
     5ac:	6019      	str	r1, [r3, #0]

            portSETUP_TCB( pxNewTCB );
        }
        taskEXIT_CRITICAL();
     5ae:	f001 ff1d 	bl	23ec <vPortExitCritical>

        if( xSchedulerRunning != pdFALSE )
     5b2:	4b0d      	ldr	r3, [pc, #52]	@ (5e8 <prvAddNewTaskToReadyList+0x114>)
     5b4:	681b      	ldr	r3, [r3, #0]
     5b6:	2b00      	cmp	r3, #0
     5b8:	d00e      	beq.n	5d8 <prvAddNewTaskToReadyList+0x104>
        {
            /* If the created task is of a higher priority than the current task
             * then it should run now. */
            taskYIELD_ANY_CORE_IF_USING_PREEMPTION( pxNewTCB );
     5ba:	4b0a      	ldr	r3, [pc, #40]	@ (5e4 <prvAddNewTaskToReadyList+0x110>)
     5bc:	681b      	ldr	r3, [r3, #0]
     5be:	6ada      	ldr	r2, [r3, #44]	@ 0x2c
     5c0:	687b      	ldr	r3, [r7, #4]
     5c2:	6adb      	ldr	r3, [r3, #44]	@ 0x2c
     5c4:	429a      	cmp	r2, r3
     5c6:	d207      	bcs.n	5d8 <prvAddNewTaskToReadyList+0x104>
     5c8:	4b0b      	ldr	r3, [pc, #44]	@ (5f8 <prvAddNewTaskToReadyList+0x124>)
     5ca:	f04f 5280 	mov.w	r2, #268435456	@ 0x10000000
     5ce:	601a      	str	r2, [r3, #0]
     5d0:	f3bf 8f4f 	dsb	sy
     5d4:	f3bf 8f6f 	isb	sy
        }
        else
        {
            mtCOVERAGE_TEST_MARKER();
        }
    }
     5d8:	bf00      	nop
     5da:	3710      	adds	r7, #16
     5dc:	46bd      	mov	sp, r7
     5de:	bd80      	pop	{r7, pc}
     5e0:	200000b4 	strhcs	r0, [r0], -r4
     5e4:	20000008 	andcs	r0, r0, r8
     5e8:	200000c0 	andcs	r0, r0, r0, asr #1
     5ec:	200000d0 	ldrdcs	r0, [r0], -r0	@ <UNPREDICTABLE>
     5f0:	200000bc 	strhcs	r0, [r0], -ip
     5f4:	2000000c 	andcs	r0, r0, ip
     5f8:	e000ed04 	and	lr, r0, r4, lsl #26

000005fc <prvCreateIdleTasks>:

#endif /* ( ( INCLUDE_xTaskResumeFromISR == 1 ) && ( INCLUDE_vTaskSuspend == 1 ) ) */
/*-----------------------------------------------------------*/

static BaseType_t prvCreateIdleTasks( void )
{
     5fc:	b580      	push	{r7, lr}
     5fe:	b08a      	sub	sp, #40	@ 0x28
     600:	af02      	add	r7, sp, #8
    BaseType_t xReturn = pdPASS;
     602:	2301      	movs	r3, #1
     604:	61fb      	str	r3, [r7, #28]
    BaseType_t xCoreID;
    char cIdleName[ configMAX_TASK_NAME_LEN ] = { 0 };
     606:	463b      	mov	r3, r7
     608:	2200      	movs	r2, #0
     60a:	601a      	str	r2, [r3, #0]
     60c:	605a      	str	r2, [r3, #4]
     60e:	609a      	str	r2, [r3, #8]
     610:	60da      	str	r2, [r3, #12]
    TaskFunction_t pxIdleTaskFunction = NULL;
     612:	2300      	movs	r3, #0
     614:	613b      	str	r3, [r7, #16]
    UBaseType_t xIdleTaskNameIndex;

    /* MISRA Ref 14.3.1 [Configuration dependent invariant] */
    /* More details at: https://github.com/FreeRTOS/FreeRTOS-Kernel/blob/main/MISRA.md#rule-143. */
    /* coverity[misra_c_2012_rule_14_3_violation] */
    for( xIdleTaskNameIndex = 0U; xIdleTaskNameIndex < ( configMAX_TASK_NAME_LEN - taskRESERVED_TASK_NAME_LENGTH ); xIdleTaskNameIndex++ )
     616:	2300      	movs	r3, #0
     618:	617b      	str	r3, [r7, #20]
     61a:	e011      	b.n	640 <prvCreateIdleTasks+0x44>
    {
        /* MISRA Ref 18.1.1 [Configuration dependent bounds checking] */
        /* More details at: https://github.com/FreeRTOS/FreeRTOS-Kernel/blob/main/MISRA.md#rule-181. */
        /* coverity[misra_c_2012_rule_18_1_violation] */
        cIdleName[ xIdleTaskNameIndex ] = configIDLE_TASK_NAME[ xIdleTaskNameIndex ];
     61c:	4a1f      	ldr	r2, [pc, #124]	@ (69c <prvCreateIdleTasks+0xa0>)
     61e:	697b      	ldr	r3, [r7, #20]
     620:	4413      	add	r3, r2
     622:	7819      	ldrb	r1, [r3, #0]
     624:	463a      	mov	r2, r7
     626:	697b      	ldr	r3, [r7, #20]
     628:	4413      	add	r3, r2
     62a:	460a      	mov	r2, r1
     62c:	701a      	strb	r2, [r3, #0]

        if( cIdleName[ xIdleTaskNameIndex ] == ( char ) 0x00 )
     62e:	463a      	mov	r2, r7
     630:	697b      	ldr	r3, [r7, #20]
     632:	4413      	add	r3, r2
     634:	781b      	ldrb	r3, [r3, #0]
     636:	2b00      	cmp	r3, #0
     638:	d006      	beq.n	648 <prvCreateIdleTasks+0x4c>
    for( xIdleTaskNameIndex = 0U; xIdleTaskNameIndex < ( configMAX_TASK_NAME_LEN - taskRESERVED_TASK_NAME_LENGTH ); xIdleTaskNameIndex++ )
     63a:	697b      	ldr	r3, [r7, #20]
     63c:	3301      	adds	r3, #1
     63e:	617b      	str	r3, [r7, #20]
     640:	697b      	ldr	r3, [r7, #20]
     642:	2b0e      	cmp	r3, #14
     644:	d9ea      	bls.n	61c <prvCreateIdleTasks+0x20>
     646:	e000      	b.n	64a <prvCreateIdleTasks+0x4e>
        {
            break;
     648:	bf00      	nop
            mtCOVERAGE_TEST_MARKER();
        }
    }

    /* Ensure null termination. */
    cIdleName[ xIdleTaskNameIndex ] = '\0';
     64a:	463a      	mov	r2, r7
     64c:	697b      	ldr	r3, [r7, #20]
     64e:	4413      	add	r3, r2
     650:	2200      	movs	r2, #0
     652:	701a      	strb	r2, [r3, #0]

    /* Add each idle task at the lowest priority. */
    for( xCoreID = ( BaseType_t ) 0; xCoreID < ( BaseType_t ) configNUMBER_OF_CORES; xCoreID++ )
     654:	2300      	movs	r3, #0
     656:	61bb      	str	r3, [r7, #24]
     658:	e016      	b.n	688 <prvCreateIdleTasks+0x8c>
    {
        #if ( configNUMBER_OF_CORES == 1 )
        {
            pxIdleTaskFunction = &prvIdleTask;
     65a:	4b11      	ldr	r3, [pc, #68]	@ (6a0 <prvCreateIdleTasks+0xa4>)
     65c:	613b      	str	r3, [r7, #16]
            }
        }
        #else /* if ( configSUPPORT_STATIC_ALLOCATION == 1 ) */
        {
            /* The Idle task is being created using dynamically allocated RAM. */
            xReturn = xTaskCreate( pxIdleTaskFunction,
     65e:	69bb      	ldr	r3, [r7, #24]
     660:	009b      	lsls	r3, r3, #2
     662:	4a10      	ldr	r2, [pc, #64]	@ (6a4 <prvCreateIdleTasks+0xa8>)
     664:	4413      	add	r3, r2
     666:	4639      	mov	r1, r7
     668:	9301      	str	r3, [sp, #4]
     66a:	2300      	movs	r3, #0
     66c:	9300      	str	r3, [sp, #0]
     66e:	2300      	movs	r3, #0
     670:	f44f 7280 	mov.w	r2, #256	@ 0x100
     674:	6938      	ldr	r0, [r7, #16]
     676:	f7ff fea5 	bl	3c4 <xTaskCreate>
     67a:	61f8      	str	r0, [r7, #28]
                                   &xIdleTaskHandles[ xCoreID ] );
        }
        #endif /* configSUPPORT_STATIC_ALLOCATION */

        /* Break the loop if any of the idle task is failed to be created. */
        if( xReturn != pdPASS )
     67c:	69fb      	ldr	r3, [r7, #28]
     67e:	2b01      	cmp	r3, #1
     680:	d106      	bne.n	690 <prvCreateIdleTasks+0x94>
    for( xCoreID = ( BaseType_t ) 0; xCoreID < ( BaseType_t ) configNUMBER_OF_CORES; xCoreID++ )
     682:	69bb      	ldr	r3, [r7, #24]
     684:	3301      	adds	r3, #1
     686:	61bb      	str	r3, [r7, #24]
     688:	69bb      	ldr	r3, [r7, #24]
     68a:	2b00      	cmp	r3, #0
     68c:	dde5      	ble.n	65a <prvCreateIdleTasks+0x5e>
     68e:	e000      	b.n	692 <prvCreateIdleTasks+0x96>
        {
            break;
     690:	bf00      	nop
            }
            #endif
        }
    }

    return xReturn;
     692:	69fb      	ldr	r3, [r7, #28]
}
     694:	4618      	mov	r0, r3
     696:	3720      	adds	r7, #32
     698:	46bd      	mov	sp, r7
     69a:	bd80      	pop	{r7, pc}
     69c:	00003164 	andeq	r3, r0, r4, ror #2
     6a0:	000010f9 	strdeq	r1, [r0], -r9
     6a4:	200000d8 	ldrdcs	r0, [r0], -r8

000006a8 <vTaskStartScheduler>:

/*-----------------------------------------------------------*/

void vTaskStartScheduler( void )
{
     6a8:	b580      	push	{r7, lr}
     6aa:	b082      	sub	sp, #8
     6ac:	af00      	add	r7, sp, #0
         * the number of bits as confNUMBER_OF_CORES. */
        configASSERT( ( sizeof( UBaseType_t ) * taskBITS_PER_BYTE ) >= configNUMBER_OF_CORES );
    }
    #endif /* #if ( configUSE_CORE_AFFINITY == 1 ) && ( configNUMBER_OF_CORES > 1 ) */

    xReturn = prvCreateIdleTasks();
     6ae:	f7ff ffa5 	bl	5fc <prvCreateIdleTasks>
     6b2:	6078      	str	r0, [r7, #4]
            mtCOVERAGE_TEST_MARKER();
        }
    }
    #endif /* configUSE_TIMERS */

    if( xReturn == pdPASS )
     6b4:	687b      	ldr	r3, [r7, #4]
     6b6:	2b01      	cmp	r3, #1
     6b8:	d115      	bne.n	6e6 <vTaskStartScheduler+0x3e>

portFORCE_INLINE static void vPortRaiseBASEPRI( void )
{
    uint32_t ulNewBASEPRI;

    __asm volatile
     6ba:	f04f 0301 	mov.w	r3, #1
     6be:	f383 8811 	msr	BASEPRI, r3
     6c2:	f3bf 8f6f 	isb	sy
     6c6:	f3bf 8f4f 	dsb	sy
     6ca:	603b      	str	r3, [r7, #0]
        "   msr basepri, %0                                         \n" \
        "   isb                                                     \n" \
        "   dsb                                                     \n" \
        : "=r" ( ulNewBASEPRI ) : "i" ( configMAX_SYSCALL_INTERRUPT_PRIORITY ) : "memory"
    );
}
     6cc:	bf00      	nop
             * block specific to the task that will run first. */
            configSET_TLS_BLOCK( pxCurrentTCB->xTLSBlock );
        }
        #endif

        xNextTaskUnblockTime = portMAX_DELAY;
     6ce:	4b09      	ldr	r3, [pc, #36]	@ (6f4 <vTaskStartScheduler+0x4c>)
     6d0:	f04f 32ff 	mov.w	r2, #4294967295
     6d4:	601a      	str	r2, [r3, #0]
        xSchedulerRunning = pdTRUE;
     6d6:	4b08      	ldr	r3, [pc, #32]	@ (6f8 <vTaskStartScheduler+0x50>)
     6d8:	2201      	movs	r2, #1
     6da:	601a      	str	r2, [r3, #0]
        xTickCount = ( TickType_t ) configINITIAL_TICK_COUNT;
     6dc:	4b07      	ldr	r3, [pc, #28]	@ (6fc <vTaskStartScheduler+0x54>)
     6de:	2200      	movs	r2, #0
     6e0:	601a      	str	r2, [r3, #0]
        /* Setting up the timer tick is hardware specific and thus in the
         * portable interface. */

        /* The return value for xPortStartScheduler is not required
         * hence using a void datatype. */
        ( void ) xPortStartScheduler();
     6e2:	f001 fe36 	bl	2352 <xPortStartScheduler>
     * meaning xIdleTaskHandles are not used anywhere else. */
    ( void ) xIdleTaskHandles;

    /* OpenOCD makes use of uxTopUsedPriority for thread debugging. Prevent uxTopUsedPriority
     * from getting optimized out as it is no longer used by the kernel. */
    ( void ) uxTopUsedPriority;
     6e6:	4b06      	ldr	r3, [pc, #24]	@ (700 <vTaskStartScheduler+0x58>)
     6e8:	681b      	ldr	r3, [r3, #0]

    traceRETURN_vTaskStartScheduler();
}
     6ea:	bf00      	nop
     6ec:	3708      	adds	r7, #8
     6ee:	46bd      	mov	sp, r7
     6f0:	bd80      	pop	{r7, pc}
     6f2:	bf00      	nop
     6f4:	200000d4 	ldrdcs	r0, [r0], -r4
     6f8:	200000c0 	andcs	r0, r0, r0, asr #1
     6fc:	200000b8 	strhcs	r0, [r0], -r8
     700:	00003160 	andeq	r3, r0, r0, ror #2

00000704 <vTaskEndScheduler>:
/*-----------------------------------------------------------*/

void vTaskEndScheduler( void )
{
     704:	b580      	push	{r7, lr}
     706:	b082      	sub	sp, #8
     708:	af00      	add	r7, sp, #0
    __asm volatile
     70a:	f04f 0301 	mov.w	r3, #1
     70e:	f383 8811 	msr	BASEPRI, r3
     712:	f3bf 8f6f 	isb	sy
     716:	f3bf 8f4f 	dsb	sy
     71a:	607b      	str	r3, [r7, #4]
}
     71c:	bf00      	nop

    /* Stop the scheduler interrupts and call the portable scheduler end
     * routine so the original ISRs can be restored if necessary.  The port
     * layer must ensure interrupts enable  bit is left in the correct state. */
    portDISABLE_INTERRUPTS();
    xSchedulerRunning = pdFALSE;
     71e:	4b04      	ldr	r3, [pc, #16]	@ (730 <vTaskEndScheduler+0x2c>)
     720:	2200      	movs	r2, #0
     722:	601a      	str	r2, [r3, #0]

    /* This function must be called from a task and the application is
     * responsible for deleting that task after the scheduler is stopped. */
    vPortEndScheduler();
     724:	f001 fe42 	bl	23ac <vPortEndScheduler>

    traceRETURN_vTaskEndScheduler();
}
     728:	bf00      	nop
     72a:	3708      	adds	r7, #8
     72c:	46bd      	mov	sp, r7
     72e:	bd80      	pop	{r7, pc}
     730:	200000c0 	andcs	r0, r0, r0, asr #1

00000734 <vTaskSuspendAll>:
/*----------------------------------------------------------*/

void vTaskSuspendAll( void )
{
     734:	b480      	push	{r7}
     736:	af00      	add	r7, sp, #0
         * do not otherwise exhibit real time behaviour. */
        portSOFTWARE_BARRIER();

        /* The scheduler is suspended if uxSchedulerSuspended is non-zero.  An increment
         * is used to allow calls to vTaskSuspendAll() to nest. */
        uxSchedulerSuspended = ( UBaseType_t ) ( uxSchedulerSuspended + 1U );
     738:	4b04      	ldr	r3, [pc, #16]	@ (74c <vTaskSuspendAll+0x18>)
     73a:	681b      	ldr	r3, [r3, #0]
     73c:	3301      	adds	r3, #1
     73e:	4a03      	ldr	r2, [pc, #12]	@ (74c <vTaskSuspendAll+0x18>)
     740:	6013      	str	r3, [r2, #0]
        }
    }
    #endif /* #if ( configNUMBER_OF_CORES == 1 ) */

    traceRETURN_vTaskSuspendAll();
}
     742:	bf00      	nop
     744:	46bd      	mov	sp, r7
     746:	bc80      	pop	{r7}
     748:	4770      	bx	lr
     74a:	bf00      	nop
     74c:	200000dc 	ldrdcs	r0, [r0], -ip

00000750 <xTaskResumeAll>:

#endif /* configUSE_TICKLESS_IDLE */
/*----------------------------------------------------------*/

BaseType_t xTaskResumeAll( void )
{
     750:	b580      	push	{r7, lr}
     752:	b088      	sub	sp, #32
     754:	af00      	add	r7, sp, #0
    TCB_t * pxTCB = NULL;
     756:	2300      	movs	r3, #0
     758:	61fb      	str	r3, [r7, #28]
    BaseType_t xAlreadyYielded = pdFALSE;
     75a:	2300      	movs	r3, #0
     75c:	61bb      	str	r3, [r7, #24]
        /* It is possible that an ISR caused a task to be removed from an event
         * list while the scheduler was suspended.  If this was the case then the
         * removed task will have been added to the xPendingReadyList.  Once the
         * scheduler has been resumed it is safe to move all the pending ready
         * tasks from this list into their appropriate ready list. */
        taskENTER_CRITICAL();
     75e:	f001 fe2b 	bl	23b8 <vPortEnterCritical>
        {
            const BaseType_t xCoreID = ( BaseType_t ) portGET_CORE_ID();
     762:	2300      	movs	r3, #0
     764:	613b      	str	r3, [r7, #16]

            /* If uxSchedulerSuspended is zero then this function does not match a
             * previous call to vTaskSuspendAll(). */
            configASSERT( uxSchedulerSuspended != 0U );

            uxSchedulerSuspended = ( UBaseType_t ) ( uxSchedulerSuspended - 1U );
     766:	4b6d      	ldr	r3, [pc, #436]	@ (91c <xTaskResumeAll+0x1cc>)
     768:	681b      	ldr	r3, [r3, #0]
     76a:	3b01      	subs	r3, #1
     76c:	4a6b      	ldr	r2, [pc, #428]	@ (91c <xTaskResumeAll+0x1cc>)
     76e:	6013      	str	r3, [r2, #0]
            portRELEASE_TASK_LOCK( xCoreID );

            if( uxSchedulerSuspended == ( UBaseType_t ) 0U )
     770:	4b6a      	ldr	r3, [pc, #424]	@ (91c <xTaskResumeAll+0x1cc>)
     772:	681b      	ldr	r3, [r3, #0]
     774:	2b00      	cmp	r3, #0
     776:	f040 80ca 	bne.w	90e <xTaskResumeAll+0x1be>
            {
                if( uxCurrentNumberOfTasks > ( UBaseType_t ) 0U )
     77a:	4b69      	ldr	r3, [pc, #420]	@ (920 <xTaskResumeAll+0x1d0>)
     77c:	681b      	ldr	r3, [r3, #0]
     77e:	2b00      	cmp	r3, #0
     780:	f000 80c5 	beq.w	90e <xTaskResumeAll+0x1be>
                {
                    /* Move any readied tasks from the pending list into the
                     * appropriate ready list. */
                    while( listLIST_IS_EMPTY( &xPendingReadyList ) == pdFALSE )
     784:	e08e      	b.n	8a4 <xTaskResumeAll+0x154>
                    {
                        /* MISRA Ref 11.5.3 [Void pointer assignment] */
                        /* More details at: https://github.com/FreeRTOS/FreeRTOS-Kernel/blob/main/MISRA.md#rule-115 */
                        /* coverity[misra_c_2012_rule_11_5_violation] */
                        pxTCB = listGET_OWNER_OF_HEAD_ENTRY( ( &xPendingReadyList ) );
     786:	4b67      	ldr	r3, [pc, #412]	@ (924 <xTaskResumeAll+0x1d4>)
     788:	68db      	ldr	r3, [r3, #12]
     78a:	68db      	ldr	r3, [r3, #12]
     78c:	61fb      	str	r3, [r7, #28]
                        listREMOVE_ITEM( &( pxTCB->xEventListItem ) );
     78e:	69fb      	ldr	r3, [r7, #28]
     790:	6a9b      	ldr	r3, [r3, #40]	@ 0x28
     792:	60fb      	str	r3, [r7, #12]
     794:	69fb      	ldr	r3, [r7, #28]
     796:	69db      	ldr	r3, [r3, #28]
     798:	69fa      	ldr	r2, [r7, #28]
     79a:	6a12      	ldr	r2, [r2, #32]
     79c:	609a      	str	r2, [r3, #8]
     79e:	69fb      	ldr	r3, [r7, #28]
     7a0:	6a1b      	ldr	r3, [r3, #32]
     7a2:	69fa      	ldr	r2, [r7, #28]
     7a4:	69d2      	ldr	r2, [r2, #28]
     7a6:	605a      	str	r2, [r3, #4]
     7a8:	68fb      	ldr	r3, [r7, #12]
     7aa:	685a      	ldr	r2, [r3, #4]
     7ac:	69fb      	ldr	r3, [r7, #28]
     7ae:	3318      	adds	r3, #24
     7b0:	429a      	cmp	r2, r3
     7b2:	d103      	bne.n	7bc <xTaskResumeAll+0x6c>
     7b4:	69fb      	ldr	r3, [r7, #28]
     7b6:	6a1a      	ldr	r2, [r3, #32]
     7b8:	68fb      	ldr	r3, [r7, #12]
     7ba:	605a      	str	r2, [r3, #4]
     7bc:	69fb      	ldr	r3, [r7, #28]
     7be:	2200      	movs	r2, #0
     7c0:	629a      	str	r2, [r3, #40]	@ 0x28
     7c2:	68fb      	ldr	r3, [r7, #12]
     7c4:	681b      	ldr	r3, [r3, #0]
     7c6:	1e5a      	subs	r2, r3, #1
     7c8:	68fb      	ldr	r3, [r7, #12]
     7ca:	601a      	str	r2, [r3, #0]
                        portMEMORY_BARRIER();
                        listREMOVE_ITEM( &( pxTCB->xStateListItem ) );
     7cc:	69fb      	ldr	r3, [r7, #28]
     7ce:	695b      	ldr	r3, [r3, #20]
     7d0:	60bb      	str	r3, [r7, #8]
     7d2:	69fb      	ldr	r3, [r7, #28]
     7d4:	689b      	ldr	r3, [r3, #8]
     7d6:	69fa      	ldr	r2, [r7, #28]
     7d8:	68d2      	ldr	r2, [r2, #12]
     7da:	609a      	str	r2, [r3, #8]
     7dc:	69fb      	ldr	r3, [r7, #28]
     7de:	68db      	ldr	r3, [r3, #12]
     7e0:	69fa      	ldr	r2, [r7, #28]
     7e2:	6892      	ldr	r2, [r2, #8]
     7e4:	605a      	str	r2, [r3, #4]
     7e6:	68bb      	ldr	r3, [r7, #8]
     7e8:	685a      	ldr	r2, [r3, #4]
     7ea:	69fb      	ldr	r3, [r7, #28]
     7ec:	3304      	adds	r3, #4
     7ee:	429a      	cmp	r2, r3
     7f0:	d103      	bne.n	7fa <xTaskResumeAll+0xaa>
     7f2:	69fb      	ldr	r3, [r7, #28]
     7f4:	68da      	ldr	r2, [r3, #12]
     7f6:	68bb      	ldr	r3, [r7, #8]
     7f8:	605a      	str	r2, [r3, #4]
     7fa:	69fb      	ldr	r3, [r7, #28]
     7fc:	2200      	movs	r2, #0
     7fe:	615a      	str	r2, [r3, #20]
     800:	68bb      	ldr	r3, [r7, #8]
     802:	681b      	ldr	r3, [r3, #0]
     804:	1e5a      	subs	r2, r3, #1
     806:	68bb      	ldr	r3, [r7, #8]
     808:	601a      	str	r2, [r3, #0]
                        prvAddTaskToReadyList( pxTCB );
     80a:	69fb      	ldr	r3, [r7, #28]
     80c:	6adb      	ldr	r3, [r3, #44]	@ 0x2c
     80e:	2201      	movs	r2, #1
     810:	409a      	lsls	r2, r3
     812:	4b45      	ldr	r3, [pc, #276]	@ (928 <xTaskResumeAll+0x1d8>)
     814:	681b      	ldr	r3, [r3, #0]
     816:	4313      	orrs	r3, r2
     818:	4a43      	ldr	r2, [pc, #268]	@ (928 <xTaskResumeAll+0x1d8>)
     81a:	6013      	str	r3, [r2, #0]
     81c:	69fb      	ldr	r3, [r7, #28]
     81e:	6ada      	ldr	r2, [r3, #44]	@ 0x2c
     820:	4942      	ldr	r1, [pc, #264]	@ (92c <xTaskResumeAll+0x1dc>)
     822:	4613      	mov	r3, r2
     824:	009b      	lsls	r3, r3, #2
     826:	4413      	add	r3, r2
     828:	009b      	lsls	r3, r3, #2
     82a:	440b      	add	r3, r1
     82c:	3304      	adds	r3, #4
     82e:	681b      	ldr	r3, [r3, #0]
     830:	607b      	str	r3, [r7, #4]
     832:	69fb      	ldr	r3, [r7, #28]
     834:	687a      	ldr	r2, [r7, #4]
     836:	609a      	str	r2, [r3, #8]
     838:	687b      	ldr	r3, [r7, #4]
     83a:	689a      	ldr	r2, [r3, #8]
     83c:	69fb      	ldr	r3, [r7, #28]
     83e:	60da      	str	r2, [r3, #12]
     840:	687b      	ldr	r3, [r7, #4]
     842:	689b      	ldr	r3, [r3, #8]
     844:	69fa      	ldr	r2, [r7, #28]
     846:	3204      	adds	r2, #4
     848:	605a      	str	r2, [r3, #4]
     84a:	69fb      	ldr	r3, [r7, #28]
     84c:	1d1a      	adds	r2, r3, #4
     84e:	687b      	ldr	r3, [r7, #4]
     850:	609a      	str	r2, [r3, #8]
     852:	69fb      	ldr	r3, [r7, #28]
     854:	6ada      	ldr	r2, [r3, #44]	@ 0x2c
     856:	4613      	mov	r3, r2
     858:	009b      	lsls	r3, r3, #2
     85a:	4413      	add	r3, r2
     85c:	009b      	lsls	r3, r3, #2
     85e:	4a33      	ldr	r2, [pc, #204]	@ (92c <xTaskResumeAll+0x1dc>)
     860:	441a      	add	r2, r3
     862:	69fb      	ldr	r3, [r7, #28]
     864:	615a      	str	r2, [r3, #20]
     866:	69fb      	ldr	r3, [r7, #28]
     868:	6ada      	ldr	r2, [r3, #44]	@ 0x2c
     86a:	4930      	ldr	r1, [pc, #192]	@ (92c <xTaskResumeAll+0x1dc>)
     86c:	4613      	mov	r3, r2
     86e:	009b      	lsls	r3, r3, #2
     870:	4413      	add	r3, r2
     872:	009b      	lsls	r3, r3, #2
     874:	440b      	add	r3, r1
     876:	681b      	ldr	r3, [r3, #0]
     878:	69fa      	ldr	r2, [r7, #28]
     87a:	6ad2      	ldr	r2, [r2, #44]	@ 0x2c
     87c:	1c59      	adds	r1, r3, #1
     87e:	482b      	ldr	r0, [pc, #172]	@ (92c <xTaskResumeAll+0x1dc>)
     880:	4613      	mov	r3, r2
     882:	009b      	lsls	r3, r3, #2
     884:	4413      	add	r3, r2
     886:	009b      	lsls	r3, r3, #2
     888:	4403      	add	r3, r0
     88a:	6019      	str	r1, [r3, #0]

                        #if ( configNUMBER_OF_CORES == 1 )
                        {
                            /* If the moved task has a priority higher than the current
                             * task then a yield must be performed. */
                            if( pxTCB->uxPriority > pxCurrentTCB->uxPriority )
     88c:	69fb      	ldr	r3, [r7, #28]
     88e:	6ada      	ldr	r2, [r3, #44]	@ 0x2c
     890:	4b27      	ldr	r3, [pc, #156]	@ (930 <xTaskResumeAll+0x1e0>)
     892:	681b      	ldr	r3, [r3, #0]
     894:	6adb      	ldr	r3, [r3, #44]	@ 0x2c
     896:	429a      	cmp	r2, r3
     898:	d904      	bls.n	8a4 <xTaskResumeAll+0x154>
                            {
                                xYieldPendings[ xCoreID ] = pdTRUE;
     89a:	4a26      	ldr	r2, [pc, #152]	@ (934 <xTaskResumeAll+0x1e4>)
     89c:	693b      	ldr	r3, [r7, #16]
     89e:	2101      	movs	r1, #1
     8a0:	f842 1023 	str.w	r1, [r2, r3, lsl #2]
                    while( listLIST_IS_EMPTY( &xPendingReadyList ) == pdFALSE )
     8a4:	4b1f      	ldr	r3, [pc, #124]	@ (924 <xTaskResumeAll+0x1d4>)
     8a6:	681b      	ldr	r3, [r3, #0]
     8a8:	2b00      	cmp	r3, #0
     8aa:	f47f af6c 	bne.w	786 <xTaskResumeAll+0x36>
                             * which sets xYieldPendings for the current core to pdTRUE. */
                        }
                        #endif /* #if ( configNUMBER_OF_CORES == 1 ) */
                    }

                    if( pxTCB != NULL )
     8ae:	69fb      	ldr	r3, [r7, #28]
     8b0:	2b00      	cmp	r3, #0
     8b2:	d001      	beq.n	8b8 <xTaskResumeAll+0x168>
                         * which may have prevented the next unblock time from being
                         * re-calculated, in which case re-calculate it now.  Mainly
                         * important for low power tickless implementations, where
                         * this can prevent an unnecessary exit from low power
                         * state. */
                        prvResetNextTaskUnblockTime();
     8b4:	f000 fc74 	bl	11a0 <prvResetNextTaskUnblockTime>
                     * It should be safe to call xTaskIncrementTick here from any core
                     * since we are in a critical section and xTaskIncrementTick itself
                     * protects itself within a critical section. Suspending the scheduler
                     * from any core causes xTaskIncrementTick to increment uxPendedCounts. */
                    {
                        TickType_t xPendedCounts = xPendedTicks; /* Non-volatile copy. */
     8b8:	4b1f      	ldr	r3, [pc, #124]	@ (938 <xTaskResumeAll+0x1e8>)
     8ba:	681b      	ldr	r3, [r3, #0]
     8bc:	617b      	str	r3, [r7, #20]

                        if( xPendedCounts > ( TickType_t ) 0U )
     8be:	697b      	ldr	r3, [r7, #20]
     8c0:	2b00      	cmp	r3, #0
     8c2:	d012      	beq.n	8ea <xTaskResumeAll+0x19a>
                        {
                            do
                            {
                                if( xTaskIncrementTick() != pdFALSE )
     8c4:	f000 f894 	bl	9f0 <xTaskIncrementTick>
     8c8:	4603      	mov	r3, r0
     8ca:	2b00      	cmp	r3, #0
     8cc:	d004      	beq.n	8d8 <xTaskResumeAll+0x188>
                                {
                                    /* Other cores are interrupted from
                                     * within xTaskIncrementTick(). */
                                    xYieldPendings[ xCoreID ] = pdTRUE;
     8ce:	4a19      	ldr	r2, [pc, #100]	@ (934 <xTaskResumeAll+0x1e4>)
     8d0:	693b      	ldr	r3, [r7, #16]
     8d2:	2101      	movs	r1, #1
     8d4:	f842 1023 	str.w	r1, [r2, r3, lsl #2]
                                else
                                {
                                    mtCOVERAGE_TEST_MARKER();
                                }

                                --xPendedCounts;
     8d8:	697b      	ldr	r3, [r7, #20]
     8da:	3b01      	subs	r3, #1
     8dc:	617b      	str	r3, [r7, #20]
                            } while( xPendedCounts > ( TickType_t ) 0U );
     8de:	697b      	ldr	r3, [r7, #20]
     8e0:	2b00      	cmp	r3, #0
     8e2:	d1ef      	bne.n	8c4 <xTaskResumeAll+0x174>

                            xPendedTicks = 0;
     8e4:	4b14      	ldr	r3, [pc, #80]	@ (938 <xTaskResumeAll+0x1e8>)
     8e6:	2200      	movs	r2, #0
     8e8:	601a      	str	r2, [r3, #0]
                        {
                            mtCOVERAGE_TEST_MARKER();
                        }
                    }

                    if( xYieldPendings[ xCoreID ] != pdFALSE )
     8ea:	4a12      	ldr	r2, [pc, #72]	@ (934 <xTaskResumeAll+0x1e4>)
     8ec:	693b      	ldr	r3, [r7, #16]
     8ee:	f852 3023 	ldr.w	r3, [r2, r3, lsl #2]
     8f2:	2b00      	cmp	r3, #0
     8f4:	d00b      	beq.n	90e <xTaskResumeAll+0x1be>
                    {
                        #if ( configUSE_PREEMPTION != 0 )
                        {
                            xAlreadyYielded = pdTRUE;
     8f6:	2301      	movs	r3, #1
     8f8:	61bb      	str	r3, [r7, #24]
                        }
                        #endif /* #if ( configUSE_PREEMPTION != 0 ) */

                        #if ( configNUMBER_OF_CORES == 1 )
                        {
                            taskYIELD_TASK_CORE_IF_USING_PREEMPTION( pxCurrentTCB );
     8fa:	4b0d      	ldr	r3, [pc, #52]	@ (930 <xTaskResumeAll+0x1e0>)
     8fc:	681b      	ldr	r3, [r3, #0]
     8fe:	4b0f      	ldr	r3, [pc, #60]	@ (93c <xTaskResumeAll+0x1ec>)
     900:	f04f 5280 	mov.w	r2, #268435456	@ 0x10000000
     904:	601a      	str	r2, [r3, #0]
     906:	f3bf 8f4f 	dsb	sy
     90a:	f3bf 8f6f 	isb	sy
            else
            {
                mtCOVERAGE_TEST_MARKER();
            }
        }
        taskEXIT_CRITICAL();
     90e:	f001 fd6d 	bl	23ec <vPortExitCritical>
    }

    traceRETURN_xTaskResumeAll( xAlreadyYielded );

    return xAlreadyYielded;
     912:	69bb      	ldr	r3, [r7, #24]
}
     914:	4618      	mov	r0, r3
     916:	3720      	adds	r7, #32
     918:	46bd      	mov	sp, r7
     91a:	bd80      	pop	{r7, pc}
     91c:	200000dc 	ldrdcs	r0, [r0], -ip
     920:	200000b4 	strhcs	r0, [r0], -r4
     924:	200000a0 	andcs	r0, r0, r0, lsr #1
     928:	200000bc 	strhcs	r0, [r0], -ip
     92c:	2000000c 	andcs	r0, r0, ip
     930:	20000008 	andcs	r0, r0, r8
     934:	200000c8 	andcs	r0, r0, r8, asr #1
     938:	200000c4 	andcs	r0, r0, r4, asr #1
     93c:	e000ed04 	and	lr, r0, r4, lsl #26

00000940 <xTaskGetTickCount>:
/*-----------------------------------------------------------*/

TickType_t xTaskGetTickCount( void )
{
     940:	b480      	push	{r7}
     942:	b083      	sub	sp, #12
     944:	af00      	add	r7, sp, #0
    traceENTER_xTaskGetTickCount();

    /* Critical section required if running on a 16 bit processor. */
    portTICK_TYPE_ENTER_CRITICAL();
    {
        xTicks = xTickCount;
     946:	4b04      	ldr	r3, [pc, #16]	@ (958 <xTaskGetTickCount+0x18>)
     948:	681b      	ldr	r3, [r3, #0]
     94a:	607b      	str	r3, [r7, #4]
    }
    portTICK_TYPE_EXIT_CRITICAL();

    traceRETURN_xTaskGetTickCount( xTicks );

    return xTicks;
     94c:	687b      	ldr	r3, [r7, #4]
}
     94e:	4618      	mov	r0, r3
     950:	370c      	adds	r7, #12
     952:	46bd      	mov	sp, r7
     954:	bc80      	pop	{r7}
     956:	4770      	bx	lr
     958:	200000b8 	strhcs	r0, [r0], -r8

0000095c <xTaskGetTickCountFromISR>:
/*-----------------------------------------------------------*/

TickType_t xTaskGetTickCountFromISR( void )
{
     95c:	b480      	push	{r7}
     95e:	b083      	sub	sp, #12
     960:	af00      	add	r7, sp, #0
     * safe API to ensure interrupt entry is as fast and as simple as possible.
     * More information (albeit Cortex-M specific) is provided on the following
     * link: https://www.FreeRTOS.org/RTOS-Cortex-M3-M4.html */
    portASSERT_IF_INTERRUPT_PRIORITY_INVALID();

    uxSavedInterruptStatus = portTICK_TYPE_SET_INTERRUPT_MASK_FROM_ISR();
     962:	2300      	movs	r3, #0
     964:	607b      	str	r3, [r7, #4]
    {
        xReturn = xTickCount;
     966:	4b04      	ldr	r3, [pc, #16]	@ (978 <xTaskGetTickCountFromISR+0x1c>)
     968:	681b      	ldr	r3, [r3, #0]
     96a:	603b      	str	r3, [r7, #0]
    }
    portTICK_TYPE_CLEAR_INTERRUPT_MASK_FROM_ISR( uxSavedInterruptStatus );

    traceRETURN_xTaskGetTickCountFromISR( xReturn );

    return xReturn;
     96c:	683b      	ldr	r3, [r7, #0]
}
     96e:	4618      	mov	r0, r3
     970:	370c      	adds	r7, #12
     972:	46bd      	mov	sp, r7
     974:	bc80      	pop	{r7}
     976:	4770      	bx	lr
     978:	200000b8 	strhcs	r0, [r0], -r8

0000097c <uxTaskGetNumberOfTasks>:
/*-----------------------------------------------------------*/

UBaseType_t uxTaskGetNumberOfTasks( void )
{
     97c:	b480      	push	{r7}
     97e:	af00      	add	r7, sp, #0

    /* A critical section is not required because the variables are of type
     * BaseType_t. */
    traceRETURN_uxTaskGetNumberOfTasks( uxCurrentNumberOfTasks );

    return uxCurrentNumberOfTasks;
     980:	4b02      	ldr	r3, [pc, #8]	@ (98c <uxTaskGetNumberOfTasks+0x10>)
     982:	681b      	ldr	r3, [r3, #0]
}
     984:	4618      	mov	r0, r3
     986:	46bd      	mov	sp, r7
     988:	bc80      	pop	{r7}
     98a:	4770      	bx	lr
     98c:	200000b4 	strhcs	r0, [r0], -r4

00000990 <pcTaskGetName>:
/*-----------------------------------------------------------*/

char * pcTaskGetName( TaskHandle_t xTaskToQuery )
{
     990:	b480      	push	{r7}
     992:	b085      	sub	sp, #20
     994:	af00      	add	r7, sp, #0
     996:	6078      	str	r0, [r7, #4]

    traceENTER_pcTaskGetName( xTaskToQuery );

    /* If null is passed in here then the name of the calling task is being
     * queried. */
    pxTCB = prvGetTCBFromHandle( xTaskToQuery );
     998:	687b      	ldr	r3, [r7, #4]
     99a:	2b00      	cmp	r3, #0
     99c:	d102      	bne.n	9a4 <pcTaskGetName+0x14>
     99e:	4b06      	ldr	r3, [pc, #24]	@ (9b8 <pcTaskGetName+0x28>)
     9a0:	681b      	ldr	r3, [r3, #0]
     9a2:	e000      	b.n	9a6 <pcTaskGetName+0x16>
     9a4:	687b      	ldr	r3, [r7, #4]
     9a6:	60fb      	str	r3, [r7, #12]
    configASSERT( pxTCB != NULL );

    traceRETURN_pcTaskGetName( &( pxTCB->pcTaskName[ 0 ] ) );

    return &( pxTCB->pcTaskName[ 0 ] );
     9a8:	68fb      	ldr	r3, [r7, #12]
     9aa:	3334      	adds	r3, #52	@ 0x34
}
     9ac:	4618      	mov	r0, r3
     9ae:	3714      	adds	r7, #20
     9b0:	46bd      	mov	sp, r7
     9b2:	bc80      	pop	{r7}
     9b4:	4770      	bx	lr
     9b6:	bf00      	nop
     9b8:	20000008 	andcs	r0, r0, r8

000009bc <xTaskCatchUpTicks>:

#endif /* configUSE_TICKLESS_IDLE */
/*----------------------------------------------------------*/

BaseType_t xTaskCatchUpTicks( TickType_t xTicksToCatchUp )
{
     9bc:	b580      	push	{r7, lr}
     9be:	b084      	sub	sp, #16
     9c0:	af00      	add	r7, sp, #0
     9c2:	6078      	str	r0, [r7, #4]
     * relies on xPendedTicks being wound down to 0 in xTaskResumeAll(). */
    configASSERT( uxSchedulerSuspended == ( UBaseType_t ) 0U );

    /* Use xPendedTicks to mimic xTicksToCatchUp number of ticks occurring when
     * the scheduler is suspended so the ticks are executed in xTaskResumeAll(). */
    vTaskSuspendAll();
     9c4:	f7ff feb6 	bl	734 <vTaskSuspendAll>

    /* Prevent the tick interrupt modifying xPendedTicks simultaneously. */
    taskENTER_CRITICAL();
     9c8:	f001 fcf6 	bl	23b8 <vPortEnterCritical>
    {
        xPendedTicks += xTicksToCatchUp;
     9cc:	4b07      	ldr	r3, [pc, #28]	@ (9ec <xTaskCatchUpTicks+0x30>)
     9ce:	681a      	ldr	r2, [r3, #0]
     9d0:	687b      	ldr	r3, [r7, #4]
     9d2:	4413      	add	r3, r2
     9d4:	4a05      	ldr	r2, [pc, #20]	@ (9ec <xTaskCatchUpTicks+0x30>)
     9d6:	6013      	str	r3, [r2, #0]
    }
    taskEXIT_CRITICAL();
     9d8:	f001 fd08 	bl	23ec <vPortExitCritical>
    xYieldOccurred = xTaskResumeAll();
     9dc:	f7ff feb8 	bl	750 <xTaskResumeAll>
     9e0:	60f8      	str	r0, [r7, #12]

    traceRETURN_xTaskCatchUpTicks( xYieldOccurred );

    return xYieldOccurred;
     9e2:	68fb      	ldr	r3, [r7, #12]
}
     9e4:	4618      	mov	r0, r3
     9e6:	3710      	adds	r7, #16
     9e8:	46bd      	mov	sp, r7
     9ea:	bd80      	pop	{r7, pc}
     9ec:	200000c4 	andcs	r0, r0, r4, asr #1

000009f0 <xTaskIncrementTick>:

#endif /* INCLUDE_xTaskAbortDelay */
/*----------------------------------------------------------*/

BaseType_t xTaskIncrementTick( void )
{
     9f0:	b580      	push	{r7, lr}
     9f2:	b088      	sub	sp, #32
     9f4:	af00      	add	r7, sp, #0
    TCB_t * pxTCB;
    TickType_t xItemValue;
    BaseType_t xSwitchRequired = pdFALSE;
     9f6:	2300      	movs	r3, #0
     9f8:	61fb      	str	r3, [r7, #28]

    /* Tick increment should occur on every kernel timer event. Core 0 has the
     * responsibility to increment the tick, or increment the pended ticks if the
     * scheduler is suspended.  If pended ticks is greater than zero, the core that
     * calls xTaskResumeAll has the responsibility to increment the tick. */
    if( uxSchedulerSuspended == ( UBaseType_t ) 0U )
     9fa:	4b76      	ldr	r3, [pc, #472]	@ (bd4 <xTaskIncrementTick+0x1e4>)
     9fc:	681b      	ldr	r3, [r3, #0]
     9fe:	2b00      	cmp	r3, #0
     a00:	f040 80de 	bne.w	bc0 <xTaskIncrementTick+0x1d0>
    {
        /* Minor optimisation.  The tick count cannot change in this
         * block. */
        const TickType_t xConstTickCount = xTickCount + ( TickType_t ) 1;
     a04:	4b74      	ldr	r3, [pc, #464]	@ (bd8 <xTaskIncrementTick+0x1e8>)
     a06:	681b      	ldr	r3, [r3, #0]
     a08:	3301      	adds	r3, #1
     a0a:	61bb      	str	r3, [r7, #24]

        /* Increment the RTOS tick, switching the delayed and overflowed
         * delayed lists if it wraps to 0. */
        xTickCount = xConstTickCount;
     a0c:	4a72      	ldr	r2, [pc, #456]	@ (bd8 <xTaskIncrementTick+0x1e8>)
     a0e:	69bb      	ldr	r3, [r7, #24]
     a10:	6013      	str	r3, [r2, #0]

        if( xConstTickCount == ( TickType_t ) 0U )
     a12:	69bb      	ldr	r3, [r7, #24]
     a14:	2b00      	cmp	r3, #0
     a16:	d110      	bne.n	a3a <xTaskIncrementTick+0x4a>
        {
            taskSWITCH_DELAYED_LISTS();
     a18:	4b70      	ldr	r3, [pc, #448]	@ (bdc <xTaskIncrementTick+0x1ec>)
     a1a:	681b      	ldr	r3, [r3, #0]
     a1c:	617b      	str	r3, [r7, #20]
     a1e:	4b70      	ldr	r3, [pc, #448]	@ (be0 <xTaskIncrementTick+0x1f0>)
     a20:	681b      	ldr	r3, [r3, #0]
     a22:	4a6e      	ldr	r2, [pc, #440]	@ (bdc <xTaskIncrementTick+0x1ec>)
     a24:	6013      	str	r3, [r2, #0]
     a26:	4a6e      	ldr	r2, [pc, #440]	@ (be0 <xTaskIncrementTick+0x1f0>)
     a28:	697b      	ldr	r3, [r7, #20]
     a2a:	6013      	str	r3, [r2, #0]
     a2c:	4b6d      	ldr	r3, [pc, #436]	@ (be4 <xTaskIncrementTick+0x1f4>)
     a2e:	681b      	ldr	r3, [r3, #0]
     a30:	3301      	adds	r3, #1
     a32:	4a6c      	ldr	r2, [pc, #432]	@ (be4 <xTaskIncrementTick+0x1f4>)
     a34:	6013      	str	r3, [r2, #0]
     a36:	f000 fbb3 	bl	11a0 <prvResetNextTaskUnblockTime>

        /* See if this tick has made a timeout expire.  Tasks are stored in
         * the  queue in the order of their wake time - meaning once one task
         * has been found whose block time has not expired there is no need to
         * look any further down the list. */
        if( xConstTickCount >= xNextTaskUnblockTime )
     a3a:	4b6b      	ldr	r3, [pc, #428]	@ (be8 <xTaskIncrementTick+0x1f8>)
     a3c:	681b      	ldr	r3, [r3, #0]
     a3e:	69ba      	ldr	r2, [r7, #24]
     a40:	429a      	cmp	r2, r3
     a42:	f0c0 80a8 	bcc.w	b96 <xTaskIncrementTick+0x1a6>
        {
            for( ; ; )
            {
                if( listLIST_IS_EMPTY( pxDelayedTaskList ) != pdFALSE )
     a46:	4b65      	ldr	r3, [pc, #404]	@ (bdc <xTaskIncrementTick+0x1ec>)
     a48:	681b      	ldr	r3, [r3, #0]
     a4a:	681b      	ldr	r3, [r3, #0]
     a4c:	2b00      	cmp	r3, #0
     a4e:	d104      	bne.n	a5a <xTaskIncrementTick+0x6a>
                    /* The delayed list is empty.  Set xNextTaskUnblockTime
                     * to the maximum possible value so it is extremely
                     * unlikely that the
                     * if( xTickCount >= xNextTaskUnblockTime ) test will pass
                     * next time through. */
                    xNextTaskUnblockTime = portMAX_DELAY;
     a50:	4b65      	ldr	r3, [pc, #404]	@ (be8 <xTaskIncrementTick+0x1f8>)
     a52:	f04f 32ff 	mov.w	r2, #4294967295
     a56:	601a      	str	r2, [r3, #0]
                    break;
     a58:	e09d      	b.n	b96 <xTaskIncrementTick+0x1a6>
                     * at which the task at the head of the delayed list must
                     * be removed from the Blocked state. */
                    /* MISRA Ref 11.5.3 [Void pointer assignment] */
                    /* More details at: https://github.com/FreeRTOS/FreeRTOS-Kernel/blob/main/MISRA.md#rule-115 */
                    /* coverity[misra_c_2012_rule_11_5_violation] */
                    pxTCB = listGET_OWNER_OF_HEAD_ENTRY( pxDelayedTaskList );
     a5a:	4b60      	ldr	r3, [pc, #384]	@ (bdc <xTaskIncrementTick+0x1ec>)
     a5c:	681b      	ldr	r3, [r3, #0]
     a5e:	68db      	ldr	r3, [r3, #12]
     a60:	68db      	ldr	r3, [r3, #12]
     a62:	613b      	str	r3, [r7, #16]
                    xItemValue = listGET_LIST_ITEM_VALUE( &( pxTCB->xStateListItem ) );
     a64:	693b      	ldr	r3, [r7, #16]
     a66:	685b      	ldr	r3, [r3, #4]
     a68:	60fb      	str	r3, [r7, #12]

                    if( xConstTickCount < xItemValue )
     a6a:	69ba      	ldr	r2, [r7, #24]
     a6c:	68fb      	ldr	r3, [r7, #12]
     a6e:	429a      	cmp	r2, r3
     a70:	d203      	bcs.n	a7a <xTaskIncrementTick+0x8a>
                        /* It is not time to unblock this item yet, but the
                         * item value is the time at which the task at the head
                         * of the blocked list must be removed from the Blocked
                         * state -  so record the item value in
                         * xNextTaskUnblockTime. */
                        xNextTaskUnblockTime = xItemValue;
     a72:	4a5d      	ldr	r2, [pc, #372]	@ (be8 <xTaskIncrementTick+0x1f8>)
     a74:	68fb      	ldr	r3, [r7, #12]
     a76:	6013      	str	r3, [r2, #0]
                        break;
     a78:	e08d      	b.n	b96 <xTaskIncrementTick+0x1a6>
                    {
                        mtCOVERAGE_TEST_MARKER();
                    }

                    /* It is time to remove the item from the Blocked state. */
                    listREMOVE_ITEM( &( pxTCB->xStateListItem ) );
     a7a:	693b      	ldr	r3, [r7, #16]
     a7c:	695b      	ldr	r3, [r3, #20]
     a7e:	60bb      	str	r3, [r7, #8]
     a80:	693b      	ldr	r3, [r7, #16]
     a82:	689b      	ldr	r3, [r3, #8]
     a84:	693a      	ldr	r2, [r7, #16]
     a86:	68d2      	ldr	r2, [r2, #12]
     a88:	609a      	str	r2, [r3, #8]
     a8a:	693b      	ldr	r3, [r7, #16]
     a8c:	68db      	ldr	r3, [r3, #12]
     a8e:	693a      	ldr	r2, [r7, #16]
     a90:	6892      	ldr	r2, [r2, #8]
     a92:	605a      	str	r2, [r3, #4]
     a94:	68bb      	ldr	r3, [r7, #8]
     a96:	685a      	ldr	r2, [r3, #4]
     a98:	693b      	ldr	r3, [r7, #16]
     a9a:	3304      	adds	r3, #4
     a9c:	429a      	cmp	r2, r3
     a9e:	d103      	bne.n	aa8 <xTaskIncrementTick+0xb8>
     aa0:	693b      	ldr	r3, [r7, #16]
     aa2:	68da      	ldr	r2, [r3, #12]
     aa4:	68bb      	ldr	r3, [r7, #8]
     aa6:	605a      	str	r2, [r3, #4]
     aa8:	693b      	ldr	r3, [r7, #16]
     aaa:	2200      	movs	r2, #0
     aac:	615a      	str	r2, [r3, #20]
     aae:	68bb      	ldr	r3, [r7, #8]
     ab0:	681b      	ldr	r3, [r3, #0]
     ab2:	1e5a      	subs	r2, r3, #1
     ab4:	68bb      	ldr	r3, [r7, #8]
     ab6:	601a      	str	r2, [r3, #0]

                    /* Is the task waiting on an event also?  If so remove
                     * it from the event list. */
                    if( listLIST_ITEM_CONTAINER( &( pxTCB->xEventListItem ) ) != NULL )
     ab8:	693b      	ldr	r3, [r7, #16]
     aba:	6a9b      	ldr	r3, [r3, #40]	@ 0x28
     abc:	2b00      	cmp	r3, #0
     abe:	d01e      	beq.n	afe <xTaskIncrementTick+0x10e>
                    {
                        listREMOVE_ITEM( &( pxTCB->xEventListItem ) );
     ac0:	693b      	ldr	r3, [r7, #16]
     ac2:	6a9b      	ldr	r3, [r3, #40]	@ 0x28
     ac4:	607b      	str	r3, [r7, #4]
     ac6:	693b      	ldr	r3, [r7, #16]
     ac8:	69db      	ldr	r3, [r3, #28]
     aca:	693a      	ldr	r2, [r7, #16]
     acc:	6a12      	ldr	r2, [r2, #32]
     ace:	609a      	str	r2, [r3, #8]
     ad0:	693b      	ldr	r3, [r7, #16]
     ad2:	6a1b      	ldr	r3, [r3, #32]
     ad4:	693a      	ldr	r2, [r7, #16]
     ad6:	69d2      	ldr	r2, [r2, #28]
     ad8:	605a      	str	r2, [r3, #4]
     ada:	687b      	ldr	r3, [r7, #4]
     adc:	685a      	ldr	r2, [r3, #4]
     ade:	693b      	ldr	r3, [r7, #16]
     ae0:	3318      	adds	r3, #24
     ae2:	429a      	cmp	r2, r3
     ae4:	d103      	bne.n	aee <xTaskIncrementTick+0xfe>
     ae6:	693b      	ldr	r3, [r7, #16]
     ae8:	6a1a      	ldr	r2, [r3, #32]
     aea:	687b      	ldr	r3, [r7, #4]
     aec:	605a      	str	r2, [r3, #4]
     aee:	693b      	ldr	r3, [r7, #16]
     af0:	2200      	movs	r2, #0
     af2:	629a      	str	r2, [r3, #40]	@ 0x28
     af4:	687b      	ldr	r3, [r7, #4]
     af6:	681b      	ldr	r3, [r3, #0]
     af8:	1e5a      	subs	r2, r3, #1
     afa:	687b      	ldr	r3, [r7, #4]
     afc:	601a      	str	r2, [r3, #0]
                        mtCOVERAGE_TEST_MARKER();
                    }

                    /* Place the unblocked task into the appropriate ready
                     * list. */
                    prvAddTaskToReadyList( pxTCB );
     afe:	693b      	ldr	r3, [r7, #16]
     b00:	6adb      	ldr	r3, [r3, #44]	@ 0x2c
     b02:	2201      	movs	r2, #1
     b04:	409a      	lsls	r2, r3
     b06:	4b39      	ldr	r3, [pc, #228]	@ (bec <xTaskIncrementTick+0x1fc>)
     b08:	681b      	ldr	r3, [r3, #0]
     b0a:	4313      	orrs	r3, r2
     b0c:	4a37      	ldr	r2, [pc, #220]	@ (bec <xTaskIncrementTick+0x1fc>)
     b0e:	6013      	str	r3, [r2, #0]
     b10:	693b      	ldr	r3, [r7, #16]
     b12:	6ada      	ldr	r2, [r3, #44]	@ 0x2c
     b14:	4936      	ldr	r1, [pc, #216]	@ (bf0 <xTaskIncrementTick+0x200>)
     b16:	4613      	mov	r3, r2
     b18:	009b      	lsls	r3, r3, #2
     b1a:	4413      	add	r3, r2
     b1c:	009b      	lsls	r3, r3, #2
     b1e:	440b      	add	r3, r1
     b20:	3304      	adds	r3, #4
     b22:	681b      	ldr	r3, [r3, #0]
     b24:	603b      	str	r3, [r7, #0]
     b26:	693b      	ldr	r3, [r7, #16]
     b28:	683a      	ldr	r2, [r7, #0]
     b2a:	609a      	str	r2, [r3, #8]
     b2c:	683b      	ldr	r3, [r7, #0]
     b2e:	689a      	ldr	r2, [r3, #8]
     b30:	693b      	ldr	r3, [r7, #16]
     b32:	60da      	str	r2, [r3, #12]
     b34:	683b      	ldr	r3, [r7, #0]
     b36:	689b      	ldr	r3, [r3, #8]
     b38:	693a      	ldr	r2, [r7, #16]
     b3a:	3204      	adds	r2, #4
     b3c:	605a      	str	r2, [r3, #4]
     b3e:	693b      	ldr	r3, [r7, #16]
     b40:	1d1a      	adds	r2, r3, #4
     b42:	683b      	ldr	r3, [r7, #0]
     b44:	609a      	str	r2, [r3, #8]
     b46:	693b      	ldr	r3, [r7, #16]
     b48:	6ada      	ldr	r2, [r3, #44]	@ 0x2c
     b4a:	4613      	mov	r3, r2
     b4c:	009b      	lsls	r3, r3, #2
     b4e:	4413      	add	r3, r2
     b50:	009b      	lsls	r3, r3, #2
     b52:	4a27      	ldr	r2, [pc, #156]	@ (bf0 <xTaskIncrementTick+0x200>)
     b54:	441a      	add	r2, r3
     b56:	693b      	ldr	r3, [r7, #16]
     b58:	615a      	str	r2, [r3, #20]
     b5a:	693b      	ldr	r3, [r7, #16]
     b5c:	6ada      	ldr	r2, [r3, #44]	@ 0x2c
     b5e:	4924      	ldr	r1, [pc, #144]	@ (bf0 <xTaskIncrementTick+0x200>)
     b60:	4613      	mov	r3, r2
     b62:	009b      	lsls	r3, r3, #2
     b64:	4413      	add	r3, r2
     b66:	009b      	lsls	r3, r3, #2
     b68:	440b      	add	r3, r1
     b6a:	681b      	ldr	r3, [r3, #0]
     b6c:	693a      	ldr	r2, [r7, #16]
     b6e:	6ad2      	ldr	r2, [r2, #44]	@ 0x2c
     b70:	1c59      	adds	r1, r3, #1
     b72:	481f      	ldr	r0, [pc, #124]	@ (bf0 <xTaskIncrementTick+0x200>)
     b74:	4613      	mov	r3, r2
     b76:	009b      	lsls	r3, r3, #2
     b78:	4413      	add	r3, r2
     b7a:	009b      	lsls	r3, r3, #2
     b7c:	4403      	add	r3, r0
     b7e:	6019      	str	r1, [r3, #0]
                             * task.
                             * The case of equal priority tasks sharing
                             * processing time (which happens when both
                             * preemption and time slicing are on) is
                             * handled below.*/
                            if( pxTCB->uxPriority > pxCurrentTCB->uxPriority )
     b80:	693b      	ldr	r3, [r7, #16]
     b82:	6ada      	ldr	r2, [r3, #44]	@ 0x2c
     b84:	4b1b      	ldr	r3, [pc, #108]	@ (bf4 <xTaskIncrementTick+0x204>)
     b86:	681b      	ldr	r3, [r3, #0]
     b88:	6adb      	ldr	r3, [r3, #44]	@ 0x2c
     b8a:	429a      	cmp	r2, r3
     b8c:	f67f af5b 	bls.w	a46 <xTaskIncrementTick+0x56>
                            {
                                xSwitchRequired = pdTRUE;
     b90:	2301      	movs	r3, #1
     b92:	61fb      	str	r3, [r7, #28]
                if( listLIST_IS_EMPTY( pxDelayedTaskList ) != pdFALSE )
     b94:	e757      	b.n	a46 <xTaskIncrementTick+0x56>
         * writer has not explicitly turned time slicing off. */
        #if ( ( configUSE_PREEMPTION == 1 ) && ( configUSE_TIME_SLICING == 1 ) )
        {
            #if ( configNUMBER_OF_CORES == 1 )
            {
                if( listCURRENT_LIST_LENGTH( &( pxReadyTasksLists[ pxCurrentTCB->uxPriority ] ) ) > 1U )
     b96:	4b17      	ldr	r3, [pc, #92]	@ (bf4 <xTaskIncrementTick+0x204>)
     b98:	681b      	ldr	r3, [r3, #0]
     b9a:	6ada      	ldr	r2, [r3, #44]	@ 0x2c
     b9c:	4914      	ldr	r1, [pc, #80]	@ (bf0 <xTaskIncrementTick+0x200>)
     b9e:	4613      	mov	r3, r2
     ba0:	009b      	lsls	r3, r3, #2
     ba2:	4413      	add	r3, r2
     ba4:	009b      	lsls	r3, r3, #2
     ba6:	440b      	add	r3, r1
     ba8:	681b      	ldr	r3, [r3, #0]
     baa:	2b01      	cmp	r3, #1
     bac:	d901      	bls.n	bb2 <xTaskIncrementTick+0x1c2>
                {
                    xSwitchRequired = pdTRUE;
     bae:	2301      	movs	r3, #1
     bb0:	61fb      	str	r3, [r7, #28]
        #if ( configUSE_PREEMPTION == 1 )
        {
            #if ( configNUMBER_OF_CORES == 1 )
            {
                /* For single core the core ID is always 0. */
                if( xYieldPendings[ 0 ] != pdFALSE )
     bb2:	4b11      	ldr	r3, [pc, #68]	@ (bf8 <xTaskIncrementTick+0x208>)
     bb4:	681b      	ldr	r3, [r3, #0]
     bb6:	2b00      	cmp	r3, #0
     bb8:	d007      	beq.n	bca <xTaskIncrementTick+0x1da>
                {
                    xSwitchRequired = pdTRUE;
     bba:	2301      	movs	r3, #1
     bbc:	61fb      	str	r3, [r7, #28]
     bbe:	e004      	b.n	bca <xTaskIncrementTick+0x1da>
        }
        #endif /* #if ( configUSE_PREEMPTION == 1 ) */
    }
    else
    {
        xPendedTicks += 1U;
     bc0:	4b0e      	ldr	r3, [pc, #56]	@ (bfc <xTaskIncrementTick+0x20c>)
     bc2:	681b      	ldr	r3, [r3, #0]
     bc4:	3301      	adds	r3, #1
     bc6:	4a0d      	ldr	r2, [pc, #52]	@ (bfc <xTaskIncrementTick+0x20c>)
     bc8:	6013      	str	r3, [r2, #0]
        #endif
    }

    traceRETURN_xTaskIncrementTick( xSwitchRequired );

    return xSwitchRequired;
     bca:	69fb      	ldr	r3, [r7, #28]
}
     bcc:	4618      	mov	r0, r3
     bce:	3720      	adds	r7, #32
     bd0:	46bd      	mov	sp, r7
     bd2:	bd80      	pop	{r7, pc}
     bd4:	200000dc 	ldrdcs	r0, [r0], -ip
     bd8:	200000b8 	strhcs	r0, [r0], -r8
     bdc:	20000098 	mulcs	r0, r8, r0
     be0:	2000009c 	mulcs	r0, ip, r0
     be4:	200000cc 	andcs	r0, r0, ip, asr #1
     be8:	200000d4 	ldrdcs	r0, [r0], -r4
     bec:	200000bc 	strhcs	r0, [r0], -ip
     bf0:	2000000c 	andcs	r0, r0, ip
     bf4:	20000008 	andcs	r0, r0, r8
     bf8:	200000c8 	andcs	r0, r0, r8, asr #1
     bfc:	200000c4 	andcs	r0, r0, r4, asr #1

00000c00 <vTaskSwitchContext>:
#endif /* configUSE_APPLICATION_TASK_TAG */
/*-----------------------------------------------------------*/

#if ( configNUMBER_OF_CORES == 1 )
    void vTaskSwitchContext( void )
    {
     c00:	b480      	push	{r7}
     c02:	b085      	sub	sp, #20
     c04:	af00      	add	r7, sp, #0
        traceENTER_vTaskSwitchContext();

        if( uxSchedulerSuspended != ( UBaseType_t ) 0U )
     c06:	4b1c      	ldr	r3, [pc, #112]	@ (c78 <vTaskSwitchContext+0x78>)
     c08:	681b      	ldr	r3, [r3, #0]
     c0a:	2b00      	cmp	r3, #0
     c0c:	d003      	beq.n	c16 <vTaskSwitchContext+0x16>
        {
            /* The scheduler is currently suspended - do not allow a context
             * switch. */
            xYieldPendings[ 0 ] = pdTRUE;
     c0e:	4b1b      	ldr	r3, [pc, #108]	@ (c7c <vTaskSwitchContext+0x7c>)
     c10:	2201      	movs	r2, #1
     c12:	601a      	str	r2, [r3, #0]
            }
            #endif
        }

        traceRETURN_vTaskSwitchContext();
    }
     c14:	e02b      	b.n	c6e <vTaskSwitchContext+0x6e>
            xYieldPendings[ 0 ] = pdFALSE;
     c16:	4b19      	ldr	r3, [pc, #100]	@ (c7c <vTaskSwitchContext+0x7c>)
     c18:	2200      	movs	r2, #0
     c1a:	601a      	str	r2, [r3, #0]
            taskSELECT_HIGHEST_PRIORITY_TASK();
     c1c:	4b18      	ldr	r3, [pc, #96]	@ (c80 <vTaskSwitchContext+0x80>)
     c1e:	681b      	ldr	r3, [r3, #0]
     c20:	607b      	str	r3, [r7, #4]
        __asm volatile ( "clz %0, %1" : "=r" ( ucReturn ) : "r" ( ulBitmap ) : "memory" );
     c22:	687b      	ldr	r3, [r7, #4]
     c24:	fab3 f383 	clz	r3, r3
     c28:	70fb      	strb	r3, [r7, #3]
        return ucReturn;
     c2a:	78fb      	ldrb	r3, [r7, #3]
     c2c:	f1c3 031f 	rsb	r3, r3, #31
     c30:	60fb      	str	r3, [r7, #12]
     c32:	68fa      	ldr	r2, [r7, #12]
     c34:	4613      	mov	r3, r2
     c36:	009b      	lsls	r3, r3, #2
     c38:	4413      	add	r3, r2
     c3a:	009b      	lsls	r3, r3, #2
     c3c:	4a11      	ldr	r2, [pc, #68]	@ (c84 <vTaskSwitchContext+0x84>)
     c3e:	4413      	add	r3, r2
     c40:	60bb      	str	r3, [r7, #8]
     c42:	68bb      	ldr	r3, [r7, #8]
     c44:	685b      	ldr	r3, [r3, #4]
     c46:	685a      	ldr	r2, [r3, #4]
     c48:	68bb      	ldr	r3, [r7, #8]
     c4a:	605a      	str	r2, [r3, #4]
     c4c:	68bb      	ldr	r3, [r7, #8]
     c4e:	685a      	ldr	r2, [r3, #4]
     c50:	68bb      	ldr	r3, [r7, #8]
     c52:	3308      	adds	r3, #8
     c54:	429a      	cmp	r2, r3
     c56:	d103      	bne.n	c60 <vTaskSwitchContext+0x60>
     c58:	68bb      	ldr	r3, [r7, #8]
     c5a:	68da      	ldr	r2, [r3, #12]
     c5c:	68bb      	ldr	r3, [r7, #8]
     c5e:	605a      	str	r2, [r3, #4]
     c60:	68bb      	ldr	r3, [r7, #8]
     c62:	685b      	ldr	r3, [r3, #4]
     c64:	68db      	ldr	r3, [r3, #12]
     c66:	4a08      	ldr	r2, [pc, #32]	@ (c88 <vTaskSwitchContext+0x88>)
     c68:	6013      	str	r3, [r2, #0]
            portTASK_SWITCH_HOOK( pxCurrentTCB );
     c6a:	4b07      	ldr	r3, [pc, #28]	@ (c88 <vTaskSwitchContext+0x88>)
     c6c:	681b      	ldr	r3, [r3, #0]
    }
     c6e:	bf00      	nop
     c70:	3714      	adds	r7, #20
     c72:	46bd      	mov	sp, r7
     c74:	bc80      	pop	{r7}
     c76:	4770      	bx	lr
     c78:	200000dc 	ldrdcs	r0, [r0], -ip
     c7c:	200000c8 	andcs	r0, r0, r8, asr #1
     c80:	200000bc 	strhcs	r0, [r0], -ip
     c84:	2000000c 	andcs	r0, r0, ip
     c88:	20000008 	andcs	r0, r0, r8

00000c8c <vTaskPlaceOnEventList>:
#endif /* if ( configNUMBER_OF_CORES > 1 ) */
/*-----------------------------------------------------------*/

void vTaskPlaceOnEventList( List_t * const pxEventList,
                            const TickType_t xTicksToWait )
{
     c8c:	b580      	push	{r7, lr}
     c8e:	b082      	sub	sp, #8
     c90:	af00      	add	r7, sp, #0
     c92:	6078      	str	r0, [r7, #4]
     c94:	6039      	str	r1, [r7, #0]
     *      xItemValue = ( configMAX_PRIORITIES - uxPriority )
     * Therefore, the event list is sorted in descending priority order.
     *
     * The queue that contains the event list is locked, preventing
     * simultaneous access from interrupts. */
    vListInsert( pxEventList, &( pxCurrentTCB->xEventListItem ) );
     c96:	4b07      	ldr	r3, [pc, #28]	@ (cb4 <vTaskPlaceOnEventList+0x28>)
     c98:	681b      	ldr	r3, [r3, #0]
     c9a:	3318      	adds	r3, #24
     c9c:	4619      	mov	r1, r3
     c9e:	6878      	ldr	r0, [r7, #4]
     ca0:	f001 f818 	bl	1cd4 <vListInsert>

    prvAddCurrentTaskToDelayedList( xTicksToWait, pdTRUE );
     ca4:	2101      	movs	r1, #1
     ca6:	6838      	ldr	r0, [r7, #0]
     ca8:	f000 ff26 	bl	1af8 <prvAddCurrentTaskToDelayedList>

    traceRETURN_vTaskPlaceOnEventList();
}
     cac:	bf00      	nop
     cae:	3708      	adds	r7, #8
     cb0:	46bd      	mov	sp, r7
     cb2:	bd80      	pop	{r7, pc}
     cb4:	20000008 	andcs	r0, r0, r8

00000cb8 <vTaskPlaceOnUnorderedEventList>:
/*-----------------------------------------------------------*/

void vTaskPlaceOnUnorderedEventList( List_t * pxEventList,
                                     const TickType_t xItemValue,
                                     const TickType_t xTicksToWait )
{
     cb8:	b580      	push	{r7, lr}
     cba:	b086      	sub	sp, #24
     cbc:	af00      	add	r7, sp, #0
     cbe:	60f8      	str	r0, [r7, #12]
     cc0:	60b9      	str	r1, [r7, #8]
     cc2:	607a      	str	r2, [r7, #4]
    configASSERT( uxSchedulerSuspended != ( UBaseType_t ) 0U );

    /* Store the item value in the event list item.  It is safe to access the
     * event list item here as interrupts won't access the event list item of a
     * task that is not in the Blocked state. */
    listSET_LIST_ITEM_VALUE( &( pxCurrentTCB->xEventListItem ), xItemValue | taskEVENT_LIST_ITEM_VALUE_IN_USE );
     cc4:	4b17      	ldr	r3, [pc, #92]	@ (d24 <vTaskPlaceOnUnorderedEventList+0x6c>)
     cc6:	681b      	ldr	r3, [r3, #0]
     cc8:	68ba      	ldr	r2, [r7, #8]
     cca:	f042 4200 	orr.w	r2, r2, #2147483648	@ 0x80000000
     cce:	619a      	str	r2, [r3, #24]
    /* Place the event list item of the TCB at the end of the appropriate event
     * list.  It is safe to access the event list here because it is part of an
     * event group implementation - and interrupts don't access event groups
     * directly (instead they access them indirectly by pending function calls to
     * the task level). */
    listINSERT_END( pxEventList, &( pxCurrentTCB->xEventListItem ) );
     cd0:	68fb      	ldr	r3, [r7, #12]
     cd2:	685b      	ldr	r3, [r3, #4]
     cd4:	617b      	str	r3, [r7, #20]
     cd6:	4b13      	ldr	r3, [pc, #76]	@ (d24 <vTaskPlaceOnUnorderedEventList+0x6c>)
     cd8:	681b      	ldr	r3, [r3, #0]
     cda:	697a      	ldr	r2, [r7, #20]
     cdc:	61da      	str	r2, [r3, #28]
     cde:	4b11      	ldr	r3, [pc, #68]	@ (d24 <vTaskPlaceOnUnorderedEventList+0x6c>)
     ce0:	681b      	ldr	r3, [r3, #0]
     ce2:	697a      	ldr	r2, [r7, #20]
     ce4:	6892      	ldr	r2, [r2, #8]
     ce6:	621a      	str	r2, [r3, #32]
     ce8:	4b0e      	ldr	r3, [pc, #56]	@ (d24 <vTaskPlaceOnUnorderedEventList+0x6c>)
     cea:	681a      	ldr	r2, [r3, #0]
     cec:	697b      	ldr	r3, [r7, #20]
     cee:	689b      	ldr	r3, [r3, #8]
     cf0:	3218      	adds	r2, #24
     cf2:	605a      	str	r2, [r3, #4]
     cf4:	4b0b      	ldr	r3, [pc, #44]	@ (d24 <vTaskPlaceOnUnorderedEventList+0x6c>)
     cf6:	681b      	ldr	r3, [r3, #0]
     cf8:	f103 0218 	add.w	r2, r3, #24
     cfc:	697b      	ldr	r3, [r7, #20]
     cfe:	609a      	str	r2, [r3, #8]
     d00:	4b08      	ldr	r3, [pc, #32]	@ (d24 <vTaskPlaceOnUnorderedEventList+0x6c>)
     d02:	681b      	ldr	r3, [r3, #0]
     d04:	68fa      	ldr	r2, [r7, #12]
     d06:	629a      	str	r2, [r3, #40]	@ 0x28
     d08:	68fb      	ldr	r3, [r7, #12]
     d0a:	681b      	ldr	r3, [r3, #0]
     d0c:	1c5a      	adds	r2, r3, #1
     d0e:	68fb      	ldr	r3, [r7, #12]
     d10:	601a      	str	r2, [r3, #0]

    prvAddCurrentTaskToDelayedList( xTicksToWait, pdTRUE );
     d12:	2101      	movs	r1, #1
     d14:	6878      	ldr	r0, [r7, #4]
     d16:	f000 feef 	bl	1af8 <prvAddCurrentTaskToDelayedList>

    traceRETURN_vTaskPlaceOnUnorderedEventList();
}
     d1a:	bf00      	nop
     d1c:	3718      	adds	r7, #24
     d1e:	46bd      	mov	sp, r7
     d20:	bd80      	pop	{r7, pc}
     d22:	bf00      	nop
     d24:	20000008 	andcs	r0, r0, r8

00000d28 <xTaskRemoveFromEventList>:

#endif /* configUSE_TIMERS */
/*-----------------------------------------------------------*/

BaseType_t xTaskRemoveFromEventList( const List_t * const pxEventList )
{
     d28:	b480      	push	{r7}
     d2a:	b089      	sub	sp, #36	@ 0x24
     d2c:	af00      	add	r7, sp, #0
     d2e:	6078      	str	r0, [r7, #4]
     * This function assumes that a check has already been made to ensure that
     * pxEventList is not empty. */
    /* MISRA Ref 11.5.3 [Void pointer assignment] */
    /* More details at: https://github.com/FreeRTOS/FreeRTOS-Kernel/blob/main/MISRA.md#rule-115 */
    /* coverity[misra_c_2012_rule_11_5_violation] */
    pxUnblockedTCB = listGET_OWNER_OF_HEAD_ENTRY( pxEventList );
     d30:	687b      	ldr	r3, [r7, #4]
     d32:	68db      	ldr	r3, [r3, #12]
     d34:	68db      	ldr	r3, [r3, #12]
     d36:	61bb      	str	r3, [r7, #24]
    configASSERT( pxUnblockedTCB );
    listREMOVE_ITEM( &( pxUnblockedTCB->xEventListItem ) );
     d38:	69bb      	ldr	r3, [r7, #24]
     d3a:	6a9b      	ldr	r3, [r3, #40]	@ 0x28
     d3c:	617b      	str	r3, [r7, #20]
     d3e:	69bb      	ldr	r3, [r7, #24]
     d40:	69db      	ldr	r3, [r3, #28]
     d42:	69ba      	ldr	r2, [r7, #24]
     d44:	6a12      	ldr	r2, [r2, #32]
     d46:	609a      	str	r2, [r3, #8]
     d48:	69bb      	ldr	r3, [r7, #24]
     d4a:	6a1b      	ldr	r3, [r3, #32]
     d4c:	69ba      	ldr	r2, [r7, #24]
     d4e:	69d2      	ldr	r2, [r2, #28]
     d50:	605a      	str	r2, [r3, #4]
     d52:	697b      	ldr	r3, [r7, #20]
     d54:	685a      	ldr	r2, [r3, #4]
     d56:	69bb      	ldr	r3, [r7, #24]
     d58:	3318      	adds	r3, #24
     d5a:	429a      	cmp	r2, r3
     d5c:	d103      	bne.n	d66 <xTaskRemoveFromEventList+0x3e>
     d5e:	69bb      	ldr	r3, [r7, #24]
     d60:	6a1a      	ldr	r2, [r3, #32]
     d62:	697b      	ldr	r3, [r7, #20]
     d64:	605a      	str	r2, [r3, #4]
     d66:	69bb      	ldr	r3, [r7, #24]
     d68:	2200      	movs	r2, #0
     d6a:	629a      	str	r2, [r3, #40]	@ 0x28
     d6c:	697b      	ldr	r3, [r7, #20]
     d6e:	681b      	ldr	r3, [r3, #0]
     d70:	1e5a      	subs	r2, r3, #1
     d72:	697b      	ldr	r3, [r7, #20]
     d74:	601a      	str	r2, [r3, #0]

    if( uxSchedulerSuspended == ( UBaseType_t ) 0U )
     d76:	4b4b      	ldr	r3, [pc, #300]	@ (ea4 <xTaskRemoveFromEventList+0x17c>)
     d78:	681b      	ldr	r3, [r3, #0]
     d7a:	2b00      	cmp	r3, #0
     d7c:	d160      	bne.n	e40 <xTaskRemoveFromEventList+0x118>
    {
        listREMOVE_ITEM( &( pxUnblockedTCB->xStateListItem ) );
     d7e:	69bb      	ldr	r3, [r7, #24]
     d80:	695b      	ldr	r3, [r3, #20]
     d82:	60fb      	str	r3, [r7, #12]
     d84:	69bb      	ldr	r3, [r7, #24]
     d86:	689b      	ldr	r3, [r3, #8]
     d88:	69ba      	ldr	r2, [r7, #24]
     d8a:	68d2      	ldr	r2, [r2, #12]
     d8c:	609a      	str	r2, [r3, #8]
     d8e:	69bb      	ldr	r3, [r7, #24]
     d90:	68db      	ldr	r3, [r3, #12]
     d92:	69ba      	ldr	r2, [r7, #24]
     d94:	6892      	ldr	r2, [r2, #8]
     d96:	605a      	str	r2, [r3, #4]
     d98:	68fb      	ldr	r3, [r7, #12]
     d9a:	685a      	ldr	r2, [r3, #4]
     d9c:	69bb      	ldr	r3, [r7, #24]
     d9e:	3304      	adds	r3, #4
     da0:	429a      	cmp	r2, r3
     da2:	d103      	bne.n	dac <xTaskRemoveFromEventList+0x84>
     da4:	69bb      	ldr	r3, [r7, #24]
     da6:	68da      	ldr	r2, [r3, #12]
     da8:	68fb      	ldr	r3, [r7, #12]
     daa:	605a      	str	r2, [r3, #4]
     dac:	69bb      	ldr	r3, [r7, #24]
     dae:	2200      	movs	r2, #0
     db0:	615a      	str	r2, [r3, #20]
     db2:	68fb      	ldr	r3, [r7, #12]
     db4:	681b      	ldr	r3, [r3, #0]
     db6:	1e5a      	subs	r2, r3, #1
     db8:	68fb      	ldr	r3, [r7, #12]
     dba:	601a      	str	r2, [r3, #0]
        prvAddTaskToReadyList( pxUnblockedTCB );
     dbc:	69bb      	ldr	r3, [r7, #24]
     dbe:	6adb      	ldr	r3, [r3, #44]	@ 0x2c
     dc0:	2201      	movs	r2, #1
     dc2:	409a      	lsls	r2, r3
     dc4:	4b38      	ldr	r3, [pc, #224]	@ (ea8 <xTaskRemoveFromEventList+0x180>)
     dc6:	681b      	ldr	r3, [r3, #0]
     dc8:	4313      	orrs	r3, r2
     dca:	4a37      	ldr	r2, [pc, #220]	@ (ea8 <xTaskRemoveFromEventList+0x180>)
     dcc:	6013      	str	r3, [r2, #0]
     dce:	69bb      	ldr	r3, [r7, #24]
     dd0:	6ada      	ldr	r2, [r3, #44]	@ 0x2c
     dd2:	4936      	ldr	r1, [pc, #216]	@ (eac <xTaskRemoveFromEventList+0x184>)
     dd4:	4613      	mov	r3, r2
     dd6:	009b      	lsls	r3, r3, #2
     dd8:	4413      	add	r3, r2
     dda:	009b      	lsls	r3, r3, #2
     ddc:	440b      	add	r3, r1
     dde:	3304      	adds	r3, #4
     de0:	681b      	ldr	r3, [r3, #0]
     de2:	60bb      	str	r3, [r7, #8]
     de4:	69bb      	ldr	r3, [r7, #24]
     de6:	68ba      	ldr	r2, [r7, #8]
     de8:	609a      	str	r2, [r3, #8]
     dea:	68bb      	ldr	r3, [r7, #8]
     dec:	689a      	ldr	r2, [r3, #8]
     dee:	69bb      	ldr	r3, [r7, #24]
     df0:	60da      	str	r2, [r3, #12]
     df2:	68bb      	ldr	r3, [r7, #8]
     df4:	689b      	ldr	r3, [r3, #8]
     df6:	69ba      	ldr	r2, [r7, #24]
     df8:	3204      	adds	r2, #4
     dfa:	605a      	str	r2, [r3, #4]
     dfc:	69bb      	ldr	r3, [r7, #24]
     dfe:	1d1a      	adds	r2, r3, #4
     e00:	68bb      	ldr	r3, [r7, #8]
     e02:	609a      	str	r2, [r3, #8]
     e04:	69bb      	ldr	r3, [r7, #24]
     e06:	6ada      	ldr	r2, [r3, #44]	@ 0x2c
     e08:	4613      	mov	r3, r2
     e0a:	009b      	lsls	r3, r3, #2
     e0c:	4413      	add	r3, r2
     e0e:	009b      	lsls	r3, r3, #2
     e10:	4a26      	ldr	r2, [pc, #152]	@ (eac <xTaskRemoveFromEventList+0x184>)
     e12:	441a      	add	r2, r3
     e14:	69bb      	ldr	r3, [r7, #24]
     e16:	615a      	str	r2, [r3, #20]
     e18:	69bb      	ldr	r3, [r7, #24]
     e1a:	6ada      	ldr	r2, [r3, #44]	@ 0x2c
     e1c:	4923      	ldr	r1, [pc, #140]	@ (eac <xTaskRemoveFromEventList+0x184>)
     e1e:	4613      	mov	r3, r2
     e20:	009b      	lsls	r3, r3, #2
     e22:	4413      	add	r3, r2
     e24:	009b      	lsls	r3, r3, #2
     e26:	440b      	add	r3, r1
     e28:	681b      	ldr	r3, [r3, #0]
     e2a:	69ba      	ldr	r2, [r7, #24]
     e2c:	6ad2      	ldr	r2, [r2, #44]	@ 0x2c
     e2e:	1c59      	adds	r1, r3, #1
     e30:	481e      	ldr	r0, [pc, #120]	@ (eac <xTaskRemoveFromEventList+0x184>)
     e32:	4613      	mov	r3, r2
     e34:	009b      	lsls	r3, r3, #2
     e36:	4413      	add	r3, r2
     e38:	009b      	lsls	r3, r3, #2
     e3a:	4403      	add	r3, r0
     e3c:	6019      	str	r1, [r3, #0]
     e3e:	e01b      	b.n	e78 <xTaskRemoveFromEventList+0x150>
    }
    else
    {
        /* The delayed and ready lists cannot be accessed, so hold this task
         * pending until the scheduler is resumed. */
        listINSERT_END( &( xPendingReadyList ), &( pxUnblockedTCB->xEventListItem ) );
     e40:	4b1b      	ldr	r3, [pc, #108]	@ (eb0 <xTaskRemoveFromEventList+0x188>)
     e42:	685b      	ldr	r3, [r3, #4]
     e44:	613b      	str	r3, [r7, #16]
     e46:	69bb      	ldr	r3, [r7, #24]
     e48:	693a      	ldr	r2, [r7, #16]
     e4a:	61da      	str	r2, [r3, #28]
     e4c:	693b      	ldr	r3, [r7, #16]
     e4e:	689a      	ldr	r2, [r3, #8]
     e50:	69bb      	ldr	r3, [r7, #24]
     e52:	621a      	str	r2, [r3, #32]
     e54:	693b      	ldr	r3, [r7, #16]
     e56:	689b      	ldr	r3, [r3, #8]
     e58:	69ba      	ldr	r2, [r7, #24]
     e5a:	3218      	adds	r2, #24
     e5c:	605a      	str	r2, [r3, #4]
     e5e:	69bb      	ldr	r3, [r7, #24]
     e60:	f103 0218 	add.w	r2, r3, #24
     e64:	693b      	ldr	r3, [r7, #16]
     e66:	609a      	str	r2, [r3, #8]
     e68:	69bb      	ldr	r3, [r7, #24]
     e6a:	4a11      	ldr	r2, [pc, #68]	@ (eb0 <xTaskRemoveFromEventList+0x188>)
     e6c:	629a      	str	r2, [r3, #40]	@ 0x28
     e6e:	4b10      	ldr	r3, [pc, #64]	@ (eb0 <xTaskRemoveFromEventList+0x188>)
     e70:	681b      	ldr	r3, [r3, #0]
     e72:	3301      	adds	r3, #1
     e74:	4a0e      	ldr	r2, [pc, #56]	@ (eb0 <xTaskRemoveFromEventList+0x188>)
     e76:	6013      	str	r3, [r2, #0]
    }

    #if ( configNUMBER_OF_CORES == 1 )
    {
        if( pxUnblockedTCB->uxPriority > pxCurrentTCB->uxPriority )
     e78:	69bb      	ldr	r3, [r7, #24]
     e7a:	6ada      	ldr	r2, [r3, #44]	@ 0x2c
     e7c:	4b0d      	ldr	r3, [pc, #52]	@ (eb4 <xTaskRemoveFromEventList+0x18c>)
     e7e:	681b      	ldr	r3, [r3, #0]
     e80:	6adb      	ldr	r3, [r3, #44]	@ 0x2c
     e82:	429a      	cmp	r2, r3
     e84:	d905      	bls.n	e92 <xTaskRemoveFromEventList+0x16a>
        {
            /* Return true if the task removed from the event list has a higher
             * priority than the calling task.  This allows the calling task to know if
             * it should force a context switch now. */
            xReturn = pdTRUE;
     e86:	2301      	movs	r3, #1
     e88:	61fb      	str	r3, [r7, #28]

            /* Mark that a yield is pending in case the user is not using the
             * "xHigherPriorityTaskWoken" parameter to an ISR safe FreeRTOS function. */
            xYieldPendings[ 0 ] = pdTRUE;
     e8a:	4b0b      	ldr	r3, [pc, #44]	@ (eb8 <xTaskRemoveFromEventList+0x190>)
     e8c:	2201      	movs	r2, #1
     e8e:	601a      	str	r2, [r3, #0]
     e90:	e001      	b.n	e96 <xTaskRemoveFromEventList+0x16e>
        }
        else
        {
            xReturn = pdFALSE;
     e92:	2300      	movs	r3, #0
     e94:	61fb      	str	r3, [r7, #28]
        #endif /* #if ( configUSE_PREEMPTION == 1 ) */
    }
    #endif /* #if ( configNUMBER_OF_CORES == 1 ) */

    traceRETURN_xTaskRemoveFromEventList( xReturn );
    return xReturn;
     e96:	69fb      	ldr	r3, [r7, #28]
}
     e98:	4618      	mov	r0, r3
     e9a:	3724      	adds	r7, #36	@ 0x24
     e9c:	46bd      	mov	sp, r7
     e9e:	bc80      	pop	{r7}
     ea0:	4770      	bx	lr
     ea2:	bf00      	nop
     ea4:	200000dc 	ldrdcs	r0, [r0], -ip
     ea8:	200000bc 	strhcs	r0, [r0], -ip
     eac:	2000000c 	andcs	r0, r0, ip
     eb0:	200000a0 	andcs	r0, r0, r0, lsr #1
     eb4:	20000008 	andcs	r0, r0, r8
     eb8:	200000c8 	andcs	r0, r0, r8, asr #1

00000ebc <vTaskRemoveFromUnorderedEventList>:
/*-----------------------------------------------------------*/

void vTaskRemoveFromUnorderedEventList( ListItem_t * pxEventListItem,
                                        const TickType_t xItemValue )
{
     ebc:	b480      	push	{r7}
     ebe:	b087      	sub	sp, #28
     ec0:	af00      	add	r7, sp, #0
     ec2:	6078      	str	r0, [r7, #4]
     ec4:	6039      	str	r1, [r7, #0]
    /* THIS FUNCTION MUST BE CALLED WITH THE SCHEDULER SUSPENDED.  It is used by
     * the event flags implementation. */
    configASSERT( uxSchedulerSuspended != ( UBaseType_t ) 0U );

    /* Store the new item value in the event list. */
    listSET_LIST_ITEM_VALUE( pxEventListItem, xItemValue | taskEVENT_LIST_ITEM_VALUE_IN_USE );
     ec6:	683b      	ldr	r3, [r7, #0]
     ec8:	f043 4200 	orr.w	r2, r3, #2147483648	@ 0x80000000
     ecc:	687b      	ldr	r3, [r7, #4]
     ece:	601a      	str	r2, [r3, #0]
    /* Remove the event list form the event flag.  Interrupts do not access
     * event flags. */
    /* MISRA Ref 11.5.3 [Void pointer assignment] */
    /* More details at: https://github.com/FreeRTOS/FreeRTOS-Kernel/blob/main/MISRA.md#rule-115 */
    /* coverity[misra_c_2012_rule_11_5_violation] */
    pxUnblockedTCB = listGET_LIST_ITEM_OWNER( pxEventListItem );
     ed0:	687b      	ldr	r3, [r7, #4]
     ed2:	68db      	ldr	r3, [r3, #12]
     ed4:	617b      	str	r3, [r7, #20]
    configASSERT( pxUnblockedTCB );
    listREMOVE_ITEM( pxEventListItem );
     ed6:	687b      	ldr	r3, [r7, #4]
     ed8:	691b      	ldr	r3, [r3, #16]
     eda:	613b      	str	r3, [r7, #16]
     edc:	687b      	ldr	r3, [r7, #4]
     ede:	685b      	ldr	r3, [r3, #4]
     ee0:	687a      	ldr	r2, [r7, #4]
     ee2:	6892      	ldr	r2, [r2, #8]
     ee4:	609a      	str	r2, [r3, #8]
     ee6:	687b      	ldr	r3, [r7, #4]
     ee8:	689b      	ldr	r3, [r3, #8]
     eea:	687a      	ldr	r2, [r7, #4]
     eec:	6852      	ldr	r2, [r2, #4]
     eee:	605a      	str	r2, [r3, #4]
     ef0:	693b      	ldr	r3, [r7, #16]
     ef2:	685b      	ldr	r3, [r3, #4]
     ef4:	687a      	ldr	r2, [r7, #4]
     ef6:	429a      	cmp	r2, r3
     ef8:	d103      	bne.n	f02 <vTaskRemoveFromUnorderedEventList+0x46>
     efa:	687b      	ldr	r3, [r7, #4]
     efc:	689a      	ldr	r2, [r3, #8]
     efe:	693b      	ldr	r3, [r7, #16]
     f00:	605a      	str	r2, [r3, #4]
     f02:	687b      	ldr	r3, [r7, #4]
     f04:	2200      	movs	r2, #0
     f06:	611a      	str	r2, [r3, #16]
     f08:	693b      	ldr	r3, [r7, #16]
     f0a:	681b      	ldr	r3, [r3, #0]
     f0c:	1e5a      	subs	r2, r3, #1
     f0e:	693b      	ldr	r3, [r7, #16]
     f10:	601a      	str	r2, [r3, #0]
    #endif

    /* Remove the task from the delayed list and add it to the ready list.  The
     * scheduler is suspended so interrupts will not be accessing the ready
     * lists. */
    listREMOVE_ITEM( &( pxUnblockedTCB->xStateListItem ) );
     f12:	697b      	ldr	r3, [r7, #20]
     f14:	695b      	ldr	r3, [r3, #20]
     f16:	60fb      	str	r3, [r7, #12]
     f18:	697b      	ldr	r3, [r7, #20]
     f1a:	689b      	ldr	r3, [r3, #8]
     f1c:	697a      	ldr	r2, [r7, #20]
     f1e:	68d2      	ldr	r2, [r2, #12]
     f20:	609a      	str	r2, [r3, #8]
     f22:	697b      	ldr	r3, [r7, #20]
     f24:	68db      	ldr	r3, [r3, #12]
     f26:	697a      	ldr	r2, [r7, #20]
     f28:	6892      	ldr	r2, [r2, #8]
     f2a:	605a      	str	r2, [r3, #4]
     f2c:	68fb      	ldr	r3, [r7, #12]
     f2e:	685a      	ldr	r2, [r3, #4]
     f30:	697b      	ldr	r3, [r7, #20]
     f32:	3304      	adds	r3, #4
     f34:	429a      	cmp	r2, r3
     f36:	d103      	bne.n	f40 <vTaskRemoveFromUnorderedEventList+0x84>
     f38:	697b      	ldr	r3, [r7, #20]
     f3a:	68da      	ldr	r2, [r3, #12]
     f3c:	68fb      	ldr	r3, [r7, #12]
     f3e:	605a      	str	r2, [r3, #4]
     f40:	697b      	ldr	r3, [r7, #20]
     f42:	2200      	movs	r2, #0
     f44:	615a      	str	r2, [r3, #20]
     f46:	68fb      	ldr	r3, [r7, #12]
     f48:	681b      	ldr	r3, [r3, #0]
     f4a:	1e5a      	subs	r2, r3, #1
     f4c:	68fb      	ldr	r3, [r7, #12]
     f4e:	601a      	str	r2, [r3, #0]
    prvAddTaskToReadyList( pxUnblockedTCB );
     f50:	697b      	ldr	r3, [r7, #20]
     f52:	6adb      	ldr	r3, [r3, #44]	@ 0x2c
     f54:	2201      	movs	r2, #1
     f56:	409a      	lsls	r2, r3
     f58:	4b25      	ldr	r3, [pc, #148]	@ (ff0 <vTaskRemoveFromUnorderedEventList+0x134>)
     f5a:	681b      	ldr	r3, [r3, #0]
     f5c:	4313      	orrs	r3, r2
     f5e:	4a24      	ldr	r2, [pc, #144]	@ (ff0 <vTaskRemoveFromUnorderedEventList+0x134>)
     f60:	6013      	str	r3, [r2, #0]
     f62:	697b      	ldr	r3, [r7, #20]
     f64:	6ada      	ldr	r2, [r3, #44]	@ 0x2c
     f66:	4923      	ldr	r1, [pc, #140]	@ (ff4 <vTaskRemoveFromUnorderedEventList+0x138>)
     f68:	4613      	mov	r3, r2
     f6a:	009b      	lsls	r3, r3, #2
     f6c:	4413      	add	r3, r2
     f6e:	009b      	lsls	r3, r3, #2
     f70:	440b      	add	r3, r1
     f72:	3304      	adds	r3, #4
     f74:	681b      	ldr	r3, [r3, #0]
     f76:	60bb      	str	r3, [r7, #8]
     f78:	697b      	ldr	r3, [r7, #20]
     f7a:	68ba      	ldr	r2, [r7, #8]
     f7c:	609a      	str	r2, [r3, #8]
     f7e:	68bb      	ldr	r3, [r7, #8]
     f80:	689a      	ldr	r2, [r3, #8]
     f82:	697b      	ldr	r3, [r7, #20]
     f84:	60da      	str	r2, [r3, #12]
     f86:	68bb      	ldr	r3, [r7, #8]
     f88:	689b      	ldr	r3, [r3, #8]
     f8a:	697a      	ldr	r2, [r7, #20]
     f8c:	3204      	adds	r2, #4
     f8e:	605a      	str	r2, [r3, #4]
     f90:	697b      	ldr	r3, [r7, #20]
     f92:	1d1a      	adds	r2, r3, #4
     f94:	68bb      	ldr	r3, [r7, #8]
     f96:	609a      	str	r2, [r3, #8]
     f98:	697b      	ldr	r3, [r7, #20]
     f9a:	6ada      	ldr	r2, [r3, #44]	@ 0x2c
     f9c:	4613      	mov	r3, r2
     f9e:	009b      	lsls	r3, r3, #2
     fa0:	4413      	add	r3, r2
     fa2:	009b      	lsls	r3, r3, #2
     fa4:	4a13      	ldr	r2, [pc, #76]	@ (ff4 <vTaskRemoveFromUnorderedEventList+0x138>)
     fa6:	441a      	add	r2, r3
     fa8:	697b      	ldr	r3, [r7, #20]
     faa:	615a      	str	r2, [r3, #20]
     fac:	697b      	ldr	r3, [r7, #20]
     fae:	6ada      	ldr	r2, [r3, #44]	@ 0x2c
     fb0:	4910      	ldr	r1, [pc, #64]	@ (ff4 <vTaskRemoveFromUnorderedEventList+0x138>)
     fb2:	4613      	mov	r3, r2
     fb4:	009b      	lsls	r3, r3, #2
     fb6:	4413      	add	r3, r2
     fb8:	009b      	lsls	r3, r3, #2
     fba:	440b      	add	r3, r1
     fbc:	681b      	ldr	r3, [r3, #0]
     fbe:	697a      	ldr	r2, [r7, #20]
     fc0:	6ad2      	ldr	r2, [r2, #44]	@ 0x2c
     fc2:	1c59      	adds	r1, r3, #1
     fc4:	480b      	ldr	r0, [pc, #44]	@ (ff4 <vTaskRemoveFromUnorderedEventList+0x138>)
     fc6:	4613      	mov	r3, r2
     fc8:	009b      	lsls	r3, r3, #2
     fca:	4413      	add	r3, r2
     fcc:	009b      	lsls	r3, r3, #2
     fce:	4403      	add	r3, r0
     fd0:	6019      	str	r1, [r3, #0]

    #if ( configNUMBER_OF_CORES == 1 )
    {
        if( pxUnblockedTCB->uxPriority > pxCurrentTCB->uxPriority )
     fd2:	697b      	ldr	r3, [r7, #20]
     fd4:	6ada      	ldr	r2, [r3, #44]	@ 0x2c
     fd6:	4b08      	ldr	r3, [pc, #32]	@ (ff8 <vTaskRemoveFromUnorderedEventList+0x13c>)
     fd8:	681b      	ldr	r3, [r3, #0]
     fda:	6adb      	ldr	r3, [r3, #44]	@ 0x2c
     fdc:	429a      	cmp	r2, r3
     fde:	d902      	bls.n	fe6 <vTaskRemoveFromUnorderedEventList+0x12a>
        {
            /* The unblocked task has a priority above that of the calling task, so
             * a context switch is required.  This function is called with the
             * scheduler suspended so xYieldPending is set so the context switch
             * occurs immediately that the scheduler is resumed (unsuspended). */
            xYieldPendings[ 0 ] = pdTRUE;
     fe0:	4b06      	ldr	r3, [pc, #24]	@ (ffc <vTaskRemoveFromUnorderedEventList+0x140>)
     fe2:	2201      	movs	r2, #1
     fe4:	601a      	str	r2, [r3, #0]
        #endif
    }
    #endif /* #if ( configNUMBER_OF_CORES == 1 ) */

    traceRETURN_vTaskRemoveFromUnorderedEventList();
}
     fe6:	bf00      	nop
     fe8:	371c      	adds	r7, #28
     fea:	46bd      	mov	sp, r7
     fec:	bc80      	pop	{r7}
     fee:	4770      	bx	lr
     ff0:	200000bc 	strhcs	r0, [r0], -ip
     ff4:	2000000c 	andcs	r0, r0, ip
     ff8:	20000008 	andcs	r0, r0, r8
     ffc:	200000c8 	andcs	r0, r0, r8, asr #1

00001000 <vTaskSetTimeOutState>:
/*-----------------------------------------------------------*/

void vTaskSetTimeOutState( TimeOut_t * const pxTimeOut )
{
    1000:	b580      	push	{r7, lr}
    1002:	b082      	sub	sp, #8
    1004:	af00      	add	r7, sp, #0
    1006:	6078      	str	r0, [r7, #4]
    traceENTER_vTaskSetTimeOutState( pxTimeOut );

    configASSERT( pxTimeOut );
    taskENTER_CRITICAL();
    1008:	f001 f9d6 	bl	23b8 <vPortEnterCritical>
    {
        pxTimeOut->xOverflowCount = xNumOfOverflows;
    100c:	4b06      	ldr	r3, [pc, #24]	@ (1028 <vTaskSetTimeOutState+0x28>)
    100e:	681a      	ldr	r2, [r3, #0]
    1010:	687b      	ldr	r3, [r7, #4]
    1012:	601a      	str	r2, [r3, #0]
        pxTimeOut->xTimeOnEntering = xTickCount;
    1014:	4b05      	ldr	r3, [pc, #20]	@ (102c <vTaskSetTimeOutState+0x2c>)
    1016:	681a      	ldr	r2, [r3, #0]
    1018:	687b      	ldr	r3, [r7, #4]
    101a:	605a      	str	r2, [r3, #4]
    }
    taskEXIT_CRITICAL();
    101c:	f001 f9e6 	bl	23ec <vPortExitCritical>

    traceRETURN_vTaskSetTimeOutState();
}
    1020:	bf00      	nop
    1022:	3708      	adds	r7, #8
    1024:	46bd      	mov	sp, r7
    1026:	bd80      	pop	{r7, pc}
    1028:	200000cc 	andcs	r0, r0, ip, asr #1
    102c:	200000b8 	strhcs	r0, [r0], -r8

00001030 <vTaskInternalSetTimeOutState>:
/*-----------------------------------------------------------*/

void vTaskInternalSetTimeOutState( TimeOut_t * const pxTimeOut )
{
    1030:	b480      	push	{r7}
    1032:	b083      	sub	sp, #12
    1034:	af00      	add	r7, sp, #0
    1036:	6078      	str	r0, [r7, #4]
    traceENTER_vTaskInternalSetTimeOutState( pxTimeOut );

    /* For internal use only as it does not use a critical section. */
    pxTimeOut->xOverflowCount = xNumOfOverflows;
    1038:	4b06      	ldr	r3, [pc, #24]	@ (1054 <vTaskInternalSetTimeOutState+0x24>)
    103a:	681a      	ldr	r2, [r3, #0]
    103c:	687b      	ldr	r3, [r7, #4]
    103e:	601a      	str	r2, [r3, #0]
    pxTimeOut->xTimeOnEntering = xTickCount;
    1040:	4b05      	ldr	r3, [pc, #20]	@ (1058 <vTaskInternalSetTimeOutState+0x28>)
    1042:	681a      	ldr	r2, [r3, #0]
    1044:	687b      	ldr	r3, [r7, #4]
    1046:	605a      	str	r2, [r3, #4]

    traceRETURN_vTaskInternalSetTimeOutState();
}
    1048:	bf00      	nop
    104a:	370c      	adds	r7, #12
    104c:	46bd      	mov	sp, r7
    104e:	bc80      	pop	{r7}
    1050:	4770      	bx	lr
    1052:	bf00      	nop
    1054:	200000cc 	andcs	r0, r0, ip, asr #1
    1058:	200000b8 	strhcs	r0, [r0], -r8

0000105c <xTaskCheckForTimeOut>:
/*-----------------------------------------------------------*/

BaseType_t xTaskCheckForTimeOut( TimeOut_t * const pxTimeOut,
                                 TickType_t * const pxTicksToWait )
{
    105c:	b580      	push	{r7, lr}
    105e:	b086      	sub	sp, #24
    1060:	af00      	add	r7, sp, #0
    1062:	6078      	str	r0, [r7, #4]
    1064:	6039      	str	r1, [r7, #0]
    traceENTER_xTaskCheckForTimeOut( pxTimeOut, pxTicksToWait );

    configASSERT( pxTimeOut );
    configASSERT( pxTicksToWait );

    taskENTER_CRITICAL();
    1066:	f001 f9a7 	bl	23b8 <vPortEnterCritical>
    {
        /* Minor optimisation.  The tick count cannot change in this block. */
        const TickType_t xConstTickCount = xTickCount;
    106a:	4b1b      	ldr	r3, [pc, #108]	@ (10d8 <xTaskCheckForTimeOut+0x7c>)
    106c:	681b      	ldr	r3, [r3, #0]
    106e:	613b      	str	r3, [r7, #16]
        const TickType_t xElapsedTime = xConstTickCount - pxTimeOut->xTimeOnEntering;
    1070:	687b      	ldr	r3, [r7, #4]
    1072:	685b      	ldr	r3, [r3, #4]
    1074:	693a      	ldr	r2, [r7, #16]
    1076:	1ad3      	subs	r3, r2, r3
    1078:	60fb      	str	r3, [r7, #12]
                xReturn = pdFALSE;
            }
            else
        #endif

        if( ( xNumOfOverflows != pxTimeOut->xOverflowCount ) && ( xConstTickCount >= pxTimeOut->xTimeOnEntering ) )
    107a:	687b      	ldr	r3, [r7, #4]
    107c:	681a      	ldr	r2, [r3, #0]
    107e:	4b17      	ldr	r3, [pc, #92]	@ (10dc <xTaskCheckForTimeOut+0x80>)
    1080:	681b      	ldr	r3, [r3, #0]
    1082:	429a      	cmp	r2, r3
    1084:	d00a      	beq.n	109c <xTaskCheckForTimeOut+0x40>
    1086:	687b      	ldr	r3, [r7, #4]
    1088:	685b      	ldr	r3, [r3, #4]
    108a:	693a      	ldr	r2, [r7, #16]
    108c:	429a      	cmp	r2, r3
    108e:	d305      	bcc.n	109c <xTaskCheckForTimeOut+0x40>
            /* The tick count is greater than the time at which
             * vTaskSetTimeout() was called, but has also overflowed since
             * vTaskSetTimeOut() was called.  It must have wrapped all the way
             * around and gone past again. This passed since vTaskSetTimeout()
             * was called. */
            xReturn = pdTRUE;
    1090:	2301      	movs	r3, #1
    1092:	617b      	str	r3, [r7, #20]
            *pxTicksToWait = ( TickType_t ) 0;
    1094:	683b      	ldr	r3, [r7, #0]
    1096:	2200      	movs	r2, #0
    1098:	601a      	str	r2, [r3, #0]
    109a:	e015      	b.n	10c8 <xTaskCheckForTimeOut+0x6c>
        }
        else if( xElapsedTime < *pxTicksToWait )
    109c:	683b      	ldr	r3, [r7, #0]
    109e:	681b      	ldr	r3, [r3, #0]
    10a0:	68fa      	ldr	r2, [r7, #12]
    10a2:	429a      	cmp	r2, r3
    10a4:	d20b      	bcs.n	10be <xTaskCheckForTimeOut+0x62>
        {
            /* Not a genuine timeout. Adjust parameters for time remaining. */
            *pxTicksToWait -= xElapsedTime;
    10a6:	683b      	ldr	r3, [r7, #0]
    10a8:	681a      	ldr	r2, [r3, #0]
    10aa:	68fb      	ldr	r3, [r7, #12]
    10ac:	1ad2      	subs	r2, r2, r3
    10ae:	683b      	ldr	r3, [r7, #0]
    10b0:	601a      	str	r2, [r3, #0]
            vTaskInternalSetTimeOutState( pxTimeOut );
    10b2:	6878      	ldr	r0, [r7, #4]
    10b4:	f7ff ffbc 	bl	1030 <vTaskInternalSetTimeOutState>
            xReturn = pdFALSE;
    10b8:	2300      	movs	r3, #0
    10ba:	617b      	str	r3, [r7, #20]
    10bc:	e004      	b.n	10c8 <xTaskCheckForTimeOut+0x6c>
        }
        else
        {
            *pxTicksToWait = ( TickType_t ) 0;
    10be:	683b      	ldr	r3, [r7, #0]
    10c0:	2200      	movs	r2, #0
    10c2:	601a      	str	r2, [r3, #0]
            xReturn = pdTRUE;
    10c4:	2301      	movs	r3, #1
    10c6:	617b      	str	r3, [r7, #20]
        }
    }
    taskEXIT_CRITICAL();
    10c8:	f001 f990 	bl	23ec <vPortExitCritical>

    traceRETURN_xTaskCheckForTimeOut( xReturn );

    return xReturn;
    10cc:	697b      	ldr	r3, [r7, #20]
}
    10ce:	4618      	mov	r0, r3
    10d0:	3718      	adds	r7, #24
    10d2:	46bd      	mov	sp, r7
    10d4:	bd80      	pop	{r7, pc}
    10d6:	bf00      	nop
    10d8:	200000b8 	strhcs	r0, [r0], -r8
    10dc:	200000cc 	andcs	r0, r0, ip, asr #1

000010e0 <vTaskMissedYield>:
/*-----------------------------------------------------------*/

void vTaskMissedYield( void )
{
    10e0:	b480      	push	{r7}
    10e2:	af00      	add	r7, sp, #0
    traceENTER_vTaskMissedYield();

    /* Must be called from within a critical section. */
    xYieldPendings[ portGET_CORE_ID() ] = pdTRUE;
    10e4:	4b03      	ldr	r3, [pc, #12]	@ (10f4 <vTaskMissedYield+0x14>)
    10e6:	2201      	movs	r2, #1
    10e8:	601a      	str	r2, [r3, #0]

    traceRETURN_vTaskMissedYield();
}
    10ea:	bf00      	nop
    10ec:	46bd      	mov	sp, r7
    10ee:	bc80      	pop	{r7}
    10f0:	4770      	bx	lr
    10f2:	bf00      	nop
    10f4:	200000c8 	andcs	r0, r0, r8, asr #1

000010f8 <prvIdleTask>:
 * void prvIdleTask( void *pvParameters );
 *
 */

static portTASK_FUNCTION( prvIdleTask, pvParameters )
{
    10f8:	b580      	push	{r7, lr}
    10fa:	b082      	sub	sp, #8
    10fc:	af00      	add	r7, sp, #0
    10fe:	6078      	str	r0, [r7, #4]

    for( ; configCONTROL_INFINITE_LOOP(); )
    {
        /* See if any tasks have deleted themselves - if so then the idle task
         * is responsible for freeing the deleted task's TCB and stack. */
        prvCheckTasksWaitingTermination();
    1100:	f000 f848 	bl	1194 <prvCheckTasksWaitingTermination>
             * A critical region is not required here as we are just reading from
             * the list, and an occasional incorrect value will not matter.  If
             * the ready list at the idle priority contains one more task than the
             * number of idle tasks, which is equal to the configured numbers of cores
             * then a task other than the idle task is ready to execute. */
            if( listCURRENT_LIST_LENGTH( &( pxReadyTasksLists[ tskIDLE_PRIORITY ] ) ) > ( UBaseType_t ) configNUMBER_OF_CORES )
    1104:	4b06      	ldr	r3, [pc, #24]	@ (1120 <prvIdleTask+0x28>)
    1106:	681b      	ldr	r3, [r3, #0]
    1108:	2b01      	cmp	r3, #1
    110a:	d9f9      	bls.n	1100 <prvIdleTask+0x8>
            {
                taskYIELD();
    110c:	4b05      	ldr	r3, [pc, #20]	@ (1124 <prvIdleTask+0x2c>)
    110e:	f04f 5280 	mov.w	r2, #268435456	@ 0x10000000
    1112:	601a      	str	r2, [r3, #0]
    1114:	f3bf 8f4f 	dsb	sy
    1118:	f3bf 8f6f 	isb	sy
        prvCheckTasksWaitingTermination();
    111c:	e7f0      	b.n	1100 <prvIdleTask+0x8>
    111e:	bf00      	nop
    1120:	2000000c 	andcs	r0, r0, ip
    1124:	e000ed04 	and	lr, r0, r4, lsl #26

00001128 <prvInitialiseTaskLists>:

#endif /* portUSING_MPU_WRAPPERS */
/*-----------------------------------------------------------*/

static void prvInitialiseTaskLists( void )
{
    1128:	b580      	push	{r7, lr}
    112a:	b082      	sub	sp, #8
    112c:	af00      	add	r7, sp, #0
    UBaseType_t uxPriority;

    for( uxPriority = ( UBaseType_t ) 0U; uxPriority < ( UBaseType_t ) configMAX_PRIORITIES; uxPriority++ )
    112e:	2300      	movs	r3, #0
    1130:	607b      	str	r3, [r7, #4]
    1132:	e00c      	b.n	114e <prvInitialiseTaskLists+0x26>
    {
        vListInitialise( &( pxReadyTasksLists[ uxPriority ] ) );
    1134:	687a      	ldr	r2, [r7, #4]
    1136:	4613      	mov	r3, r2
    1138:	009b      	lsls	r3, r3, #2
    113a:	4413      	add	r3, r2
    113c:	009b      	lsls	r3, r3, #2
    113e:	4a0f      	ldr	r2, [pc, #60]	@ (117c <prvInitialiseTaskLists+0x54>)
    1140:	4413      	add	r3, r2
    1142:	4618      	mov	r0, r3
    1144:	f000 fd78 	bl	1c38 <vListInitialise>
    for( uxPriority = ( UBaseType_t ) 0U; uxPriority < ( UBaseType_t ) configMAX_PRIORITIES; uxPriority++ )
    1148:	687b      	ldr	r3, [r7, #4]
    114a:	3301      	adds	r3, #1
    114c:	607b      	str	r3, [r7, #4]
    114e:	687b      	ldr	r3, [r7, #4]
    1150:	2b04      	cmp	r3, #4
    1152:	d9ef      	bls.n	1134 <prvInitialiseTaskLists+0xc>
    }

    vListInitialise( &xDelayedTaskList1 );
    1154:	480a      	ldr	r0, [pc, #40]	@ (1180 <prvInitialiseTaskLists+0x58>)
    1156:	f000 fd6f 	bl	1c38 <vListInitialise>
    vListInitialise( &xDelayedTaskList2 );
    115a:	480a      	ldr	r0, [pc, #40]	@ (1184 <prvInitialiseTaskLists+0x5c>)
    115c:	f000 fd6c 	bl	1c38 <vListInitialise>
    vListInitialise( &xPendingReadyList );
    1160:	4809      	ldr	r0, [pc, #36]	@ (1188 <prvInitialiseTaskLists+0x60>)
    1162:	f000 fd69 	bl	1c38 <vListInitialise>
    }
    #endif /* INCLUDE_vTaskSuspend */

    /* Start with pxDelayedTaskList using list1 and the pxOverflowDelayedTaskList
     * using list2. */
    pxDelayedTaskList = &xDelayedTaskList1;
    1166:	4b09      	ldr	r3, [pc, #36]	@ (118c <prvInitialiseTaskLists+0x64>)
    1168:	4a05      	ldr	r2, [pc, #20]	@ (1180 <prvInitialiseTaskLists+0x58>)
    116a:	601a      	str	r2, [r3, #0]
    pxOverflowDelayedTaskList = &xDelayedTaskList2;
    116c:	4b08      	ldr	r3, [pc, #32]	@ (1190 <prvInitialiseTaskLists+0x68>)
    116e:	4a05      	ldr	r2, [pc, #20]	@ (1184 <prvInitialiseTaskLists+0x5c>)
    1170:	601a      	str	r2, [r3, #0]
}
    1172:	bf00      	nop
    1174:	3708      	adds	r7, #8
    1176:	46bd      	mov	sp, r7
    1178:	bd80      	pop	{r7, pc}
    117a:	bf00      	nop
    117c:	2000000c 	andcs	r0, r0, ip
    1180:	20000070 	andcs	r0, r0, r0, ror r0
    1184:	20000084 	andcs	r0, r0, r4, lsl #1
    1188:	200000a0 	andcs	r0, r0, r0, lsr #1
    118c:	20000098 	mulcs	r0, r8, r0
    1190:	2000009c 	mulcs	r0, ip, r0

00001194 <prvCheckTasksWaitingTermination>:
/*-----------------------------------------------------------*/

static void prvCheckTasksWaitingTermination( void )
{
    1194:	b480      	push	{r7}
    1196:	af00      	add	r7, sp, #0
            }
            #endif /* #if( configNUMBER_OF_CORES == 1 ) */
        }
    }
    #endif /* INCLUDE_vTaskDelete */
}
    1198:	bf00      	nop
    119a:	46bd      	mov	sp, r7
    119c:	bc80      	pop	{r7}
    119e:	4770      	bx	lr

000011a0 <prvResetNextTaskUnblockTime>:

#endif /* INCLUDE_vTaskDelete */
/*-----------------------------------------------------------*/

static void prvResetNextTaskUnblockTime( void )
{
    11a0:	b480      	push	{r7}
    11a2:	af00      	add	r7, sp, #0
    if( listLIST_IS_EMPTY( pxDelayedTaskList ) != pdFALSE )
    11a4:	4b09      	ldr	r3, [pc, #36]	@ (11cc <prvResetNextTaskUnblockTime+0x2c>)
    11a6:	681b      	ldr	r3, [r3, #0]
    11a8:	681b      	ldr	r3, [r3, #0]
    11aa:	2b00      	cmp	r3, #0
    11ac:	d104      	bne.n	11b8 <prvResetNextTaskUnblockTime+0x18>
    {
        /* The new current delayed list is empty.  Set xNextTaskUnblockTime to
         * the maximum possible value so it is  extremely unlikely that the
         * if( xTickCount >= xNextTaskUnblockTime ) test will pass until
         * there is an item in the delayed list. */
        xNextTaskUnblockTime = portMAX_DELAY;
    11ae:	4b08      	ldr	r3, [pc, #32]	@ (11d0 <prvResetNextTaskUnblockTime+0x30>)
    11b0:	f04f 32ff 	mov.w	r2, #4294967295
    11b4:	601a      	str	r2, [r3, #0]
         * the item at the head of the delayed list.  This is the time at
         * which the task at the head of the delayed list should be removed
         * from the Blocked state. */
        xNextTaskUnblockTime = listGET_ITEM_VALUE_OF_HEAD_ENTRY( pxDelayedTaskList );
    }
}
    11b6:	e005      	b.n	11c4 <prvResetNextTaskUnblockTime+0x24>
        xNextTaskUnblockTime = listGET_ITEM_VALUE_OF_HEAD_ENTRY( pxDelayedTaskList );
    11b8:	4b04      	ldr	r3, [pc, #16]	@ (11cc <prvResetNextTaskUnblockTime+0x2c>)
    11ba:	681b      	ldr	r3, [r3, #0]
    11bc:	68db      	ldr	r3, [r3, #12]
    11be:	681b      	ldr	r3, [r3, #0]
    11c0:	4a03      	ldr	r2, [pc, #12]	@ (11d0 <prvResetNextTaskUnblockTime+0x30>)
    11c2:	6013      	str	r3, [r2, #0]
}
    11c4:	bf00      	nop
    11c6:	46bd      	mov	sp, r7
    11c8:	bc80      	pop	{r7}
    11ca:	4770      	bx	lr
    11cc:	20000098 	mulcs	r0, r8, r0
    11d0:	200000d4 	ldrdcs	r0, [r0], -r4

000011d4 <xTaskGetCurrentTaskHandle>:

#if ( ( INCLUDE_xTaskGetCurrentTaskHandle == 1 ) || ( configUSE_RECURSIVE_MUTEXES == 1 ) ) || ( configNUMBER_OF_CORES > 1 )

    #if ( configNUMBER_OF_CORES == 1 )
        TaskHandle_t xTaskGetCurrentTaskHandle( void )
        {
    11d4:	b480      	push	{r7}
    11d6:	b083      	sub	sp, #12
    11d8:	af00      	add	r7, sp, #0
            traceENTER_xTaskGetCurrentTaskHandle();

            /* A critical section is not required as this is not called from
             * an interrupt and the current TCB will always be the same for any
             * individual execution thread. */
            xReturn = pxCurrentTCB;
    11da:	4b04      	ldr	r3, [pc, #16]	@ (11ec <xTaskGetCurrentTaskHandle+0x18>)
    11dc:	681b      	ldr	r3, [r3, #0]
    11de:	607b      	str	r3, [r7, #4]

            traceRETURN_xTaskGetCurrentTaskHandle( xReturn );

            return xReturn;
    11e0:	687b      	ldr	r3, [r7, #4]
        }
    11e2:	4618      	mov	r0, r3
    11e4:	370c      	adds	r7, #12
    11e6:	46bd      	mov	sp, r7
    11e8:	bc80      	pop	{r7}
    11ea:	4770      	bx	lr
    11ec:	20000008 	andcs	r0, r0, r8

000011f0 <xTaskGetCurrentTaskHandleForCore>:
            return xReturn;
        }
    #endif /* #if ( configNUMBER_OF_CORES == 1 ) */

    TaskHandle_t xTaskGetCurrentTaskHandleForCore( BaseType_t xCoreID )
    {
    11f0:	b480      	push	{r7}
    11f2:	b085      	sub	sp, #20
    11f4:	af00      	add	r7, sp, #0
    11f6:	6078      	str	r0, [r7, #4]
        TaskHandle_t xReturn = NULL;
    11f8:	2300      	movs	r3, #0
    11fa:	60fb      	str	r3, [r7, #12]

        traceENTER_xTaskGetCurrentTaskHandleForCore( xCoreID );

        if( taskVALID_CORE_ID( xCoreID ) != pdFALSE )
    11fc:	687b      	ldr	r3, [r7, #4]
    11fe:	2b00      	cmp	r3, #0
    1200:	db05      	blt.n	120e <xTaskGetCurrentTaskHandleForCore+0x1e>
    1202:	687b      	ldr	r3, [r7, #4]
    1204:	2b00      	cmp	r3, #0
    1206:	dc02      	bgt.n	120e <xTaskGetCurrentTaskHandleForCore+0x1e>
        {
            #if ( configNUMBER_OF_CORES == 1 )
                xReturn = pxCurrentTCB;
    1208:	4b04      	ldr	r3, [pc, #16]	@ (121c <xTaskGetCurrentTaskHandleForCore+0x2c>)
    120a:	681b      	ldr	r3, [r3, #0]
    120c:	60fb      	str	r3, [r7, #12]
            #endif /* #if ( configNUMBER_OF_CORES == 1 ) */
        }

        traceRETURN_xTaskGetCurrentTaskHandleForCore( xReturn );

        return xReturn;
    120e:	68fb      	ldr	r3, [r7, #12]
    }
    1210:	4618      	mov	r0, r3
    1212:	3714      	adds	r7, #20
    1214:	46bd      	mov	sp, r7
    1216:	bc80      	pop	{r7}
    1218:	4770      	bx	lr
    121a:	bf00      	nop
    121c:	20000008 	andcs	r0, r0, r8

00001220 <uxTaskResetEventItemValue>:

#endif /* ( ( configGENERATE_RUN_TIME_STATS == 1 ) && ( configUSE_STATS_FORMATTING_FUNCTIONS > 0 ) ) */
/*-----------------------------------------------------------*/

TickType_t uxTaskResetEventItemValue( void )
{
    1220:	b480      	push	{r7}
    1222:	b083      	sub	sp, #12
    1224:	af00      	add	r7, sp, #0
    TickType_t uxReturn;

    traceENTER_uxTaskResetEventItemValue();

    uxReturn = listGET_LIST_ITEM_VALUE( &( pxCurrentTCB->xEventListItem ) );
    1226:	4b09      	ldr	r3, [pc, #36]	@ (124c <uxTaskResetEventItemValue+0x2c>)
    1228:	681b      	ldr	r3, [r3, #0]
    122a:	699b      	ldr	r3, [r3, #24]
    122c:	607b      	str	r3, [r7, #4]

    /* Reset the event list item to its normal value - so it can be used with
     * queues and semaphores. */
    listSET_LIST_ITEM_VALUE( &( pxCurrentTCB->xEventListItem ), ( ( TickType_t ) configMAX_PRIORITIES - ( TickType_t ) pxCurrentTCB->uxPriority ) );
    122e:	4b07      	ldr	r3, [pc, #28]	@ (124c <uxTaskResetEventItemValue+0x2c>)
    1230:	681b      	ldr	r3, [r3, #0]
    1232:	6ada      	ldr	r2, [r3, #44]	@ 0x2c
    1234:	4b05      	ldr	r3, [pc, #20]	@ (124c <uxTaskResetEventItemValue+0x2c>)
    1236:	681b      	ldr	r3, [r3, #0]
    1238:	f1c2 0205 	rsb	r2, r2, #5
    123c:	619a      	str	r2, [r3, #24]

    traceRETURN_uxTaskResetEventItemValue( uxReturn );

    return uxReturn;
    123e:	687b      	ldr	r3, [r7, #4]
}
    1240:	4618      	mov	r0, r3
    1242:	370c      	adds	r7, #12
    1244:	46bd      	mov	sp, r7
    1246:	bc80      	pop	{r7}
    1248:	4770      	bx	lr
    124a:	bf00      	nop
    124c:	20000008 	andcs	r0, r0, r8

00001250 <ulTaskGenericNotifyTake>:
#if ( configUSE_TASK_NOTIFICATIONS == 1 )

    uint32_t ulTaskGenericNotifyTake( UBaseType_t uxIndexToWaitOn,
                                      BaseType_t xClearCountOnExit,
                                      TickType_t xTicksToWait )
    {
    1250:	b580      	push	{r7, lr}
    1252:	b088      	sub	sp, #32
    1254:	af00      	add	r7, sp, #0
    1256:	60f8      	str	r0, [r7, #12]
    1258:	60b9      	str	r1, [r7, #8]
    125a:	607a      	str	r2, [r7, #4]
        uint32_t ulReturn;
        BaseType_t xAlreadyYielded, xShouldBlock = pdFALSE;
    125c:	2300      	movs	r3, #0
    125e:	61fb      	str	r3, [r7, #28]

        configASSERT( uxIndexToWaitOn < configTASK_NOTIFICATION_ARRAY_ENTRIES );

        /* If the notification count is zero, and if we are willing to wait for a
         * notification, then block the task and wait. */
        if( ( pxCurrentTCB->ulNotifiedValue[ uxIndexToWaitOn ] == 0U ) && ( xTicksToWait > ( TickType_t ) 0 ) )
    1260:	4b35      	ldr	r3, [pc, #212]	@ (1338 <ulTaskGenericNotifyTake+0xe8>)
    1262:	681a      	ldr	r2, [r3, #0]
    1264:	68fb      	ldr	r3, [r7, #12]
    1266:	3310      	adds	r3, #16
    1268:	009b      	lsls	r3, r3, #2
    126a:	4413      	add	r3, r2
    126c:	685b      	ldr	r3, [r3, #4]
    126e:	2b00      	cmp	r3, #0
    1270:	d132      	bne.n	12d8 <ulTaskGenericNotifyTake+0x88>
    1272:	687b      	ldr	r3, [r7, #4]
    1274:	2b00      	cmp	r3, #0
    1276:	d02f      	beq.n	12d8 <ulTaskGenericNotifyTake+0x88>
        {
            /* We suspend the scheduler here as prvAddCurrentTaskToDelayedList is a
             * non-deterministic operation. */
            vTaskSuspendAll();
    1278:	f7ff fa5c 	bl	734 <vTaskSuspendAll>
            {
                /* We MUST enter a critical section to atomically check if a notification
                 * has occurred and set the flag to indicate that we are waiting for
                 * a notification. If we do not do so, a notification sent from an ISR
                 * will get lost. */
                taskENTER_CRITICAL();
    127c:	f001 f89c 	bl	23b8 <vPortEnterCritical>
                {
                    /* Only block if the notification count is not already non-zero. */
                    if( pxCurrentTCB->ulNotifiedValue[ uxIndexToWaitOn ] == 0U )
    1280:	4b2d      	ldr	r3, [pc, #180]	@ (1338 <ulTaskGenericNotifyTake+0xe8>)
    1282:	681a      	ldr	r2, [r3, #0]
    1284:	68fb      	ldr	r3, [r7, #12]
    1286:	3310      	adds	r3, #16
    1288:	009b      	lsls	r3, r3, #2
    128a:	4413      	add	r3, r2
    128c:	685b      	ldr	r3, [r3, #4]
    128e:	2b00      	cmp	r3, #0
    1290:	d108      	bne.n	12a4 <ulTaskGenericNotifyTake+0x54>
                    {
                        /* Mark this task as waiting for a notification. */
                        pxCurrentTCB->ucNotifyState[ uxIndexToWaitOn ] = taskWAITING_NOTIFICATION;
    1292:	4b29      	ldr	r3, [pc, #164]	@ (1338 <ulTaskGenericNotifyTake+0xe8>)
    1294:	681a      	ldr	r2, [r3, #0]
    1296:	68fb      	ldr	r3, [r7, #12]
    1298:	4413      	add	r3, r2
    129a:	3348      	adds	r3, #72	@ 0x48
    129c:	2201      	movs	r2, #1
    129e:	701a      	strb	r2, [r3, #0]

                        /* Arrange to wait for a notification. */
                        xShouldBlock = pdTRUE;
    12a0:	2301      	movs	r3, #1
    12a2:	61fb      	str	r3, [r7, #28]
                    else
                    {
                        mtCOVERAGE_TEST_MARKER();
                    }
                }
                taskEXIT_CRITICAL();
    12a4:	f001 f8a2 	bl	23ec <vPortExitCritical>

                /* We are now out of the critical section but the scheduler is still
                 * suspended, so we are safe to do non-deterministic operations such
                 * as prvAddCurrentTaskToDelayedList. */
                if( xShouldBlock == pdTRUE )
    12a8:	69fb      	ldr	r3, [r7, #28]
    12aa:	2b01      	cmp	r3, #1
    12ac:	d103      	bne.n	12b6 <ulTaskGenericNotifyTake+0x66>
                {
                    traceTASK_NOTIFY_TAKE_BLOCK( uxIndexToWaitOn );
                    prvAddCurrentTaskToDelayedList( xTicksToWait, pdTRUE );
    12ae:	2101      	movs	r1, #1
    12b0:	6878      	ldr	r0, [r7, #4]
    12b2:	f000 fc21 	bl	1af8 <prvAddCurrentTaskToDelayedList>
                else
                {
                    mtCOVERAGE_TEST_MARKER();
                }
            }
            xAlreadyYielded = xTaskResumeAll();
    12b6:	f7ff fa4b 	bl	750 <xTaskResumeAll>
    12ba:	61b8      	str	r0, [r7, #24]

            /* Force a reschedule if xTaskResumeAll has not already done so. */
            if( ( xShouldBlock == pdTRUE ) && ( xAlreadyYielded == pdFALSE ) )
    12bc:	69fb      	ldr	r3, [r7, #28]
    12be:	2b01      	cmp	r3, #1
    12c0:	d10a      	bne.n	12d8 <ulTaskGenericNotifyTake+0x88>
    12c2:	69bb      	ldr	r3, [r7, #24]
    12c4:	2b00      	cmp	r3, #0
    12c6:	d107      	bne.n	12d8 <ulTaskGenericNotifyTake+0x88>
            {
                taskYIELD_WITHIN_API();
    12c8:	4b1c      	ldr	r3, [pc, #112]	@ (133c <ulTaskGenericNotifyTake+0xec>)
    12ca:	f04f 5280 	mov.w	r2, #268435456	@ 0x10000000
    12ce:	601a      	str	r2, [r3, #0]
    12d0:	f3bf 8f4f 	dsb	sy
    12d4:	f3bf 8f6f 	isb	sy
            {
                mtCOVERAGE_TEST_MARKER();
            }
        }

        taskENTER_CRITICAL();
    12d8:	f001 f86e 	bl	23b8 <vPortEnterCritical>
        {
            traceTASK_NOTIFY_TAKE( uxIndexToWaitOn );
            ulReturn = pxCurrentTCB->ulNotifiedValue[ uxIndexToWaitOn ];
    12dc:	4b16      	ldr	r3, [pc, #88]	@ (1338 <ulTaskGenericNotifyTake+0xe8>)
    12de:	681a      	ldr	r2, [r3, #0]
    12e0:	68fb      	ldr	r3, [r7, #12]
    12e2:	3310      	adds	r3, #16
    12e4:	009b      	lsls	r3, r3, #2
    12e6:	4413      	add	r3, r2
    12e8:	685b      	ldr	r3, [r3, #4]
    12ea:	617b      	str	r3, [r7, #20]

            if( ulReturn != 0U )
    12ec:	697b      	ldr	r3, [r7, #20]
    12ee:	2b00      	cmp	r3, #0
    12f0:	d014      	beq.n	131c <ulTaskGenericNotifyTake+0xcc>
            {
                if( xClearCountOnExit != pdFALSE )
    12f2:	68bb      	ldr	r3, [r7, #8]
    12f4:	2b00      	cmp	r3, #0
    12f6:	d008      	beq.n	130a <ulTaskGenericNotifyTake+0xba>
                {
                    pxCurrentTCB->ulNotifiedValue[ uxIndexToWaitOn ] = ( uint32_t ) 0U;
    12f8:	4b0f      	ldr	r3, [pc, #60]	@ (1338 <ulTaskGenericNotifyTake+0xe8>)
    12fa:	681a      	ldr	r2, [r3, #0]
    12fc:	68fb      	ldr	r3, [r7, #12]
    12fe:	3310      	adds	r3, #16
    1300:	009b      	lsls	r3, r3, #2
    1302:	4413      	add	r3, r2
    1304:	2200      	movs	r2, #0
    1306:	605a      	str	r2, [r3, #4]
    1308:	e008      	b.n	131c <ulTaskGenericNotifyTake+0xcc>
                }
                else
                {
                    pxCurrentTCB->ulNotifiedValue[ uxIndexToWaitOn ] = ulReturn - ( uint32_t ) 1;
    130a:	4b0b      	ldr	r3, [pc, #44]	@ (1338 <ulTaskGenericNotifyTake+0xe8>)
    130c:	6819      	ldr	r1, [r3, #0]
    130e:	697b      	ldr	r3, [r7, #20]
    1310:	1e5a      	subs	r2, r3, #1
    1312:	68fb      	ldr	r3, [r7, #12]
    1314:	3310      	adds	r3, #16
    1316:	009b      	lsls	r3, r3, #2
    1318:	440b      	add	r3, r1
    131a:	605a      	str	r2, [r3, #4]
            else
            {
                mtCOVERAGE_TEST_MARKER();
            }

            pxCurrentTCB->ucNotifyState[ uxIndexToWaitOn ] = taskNOT_WAITING_NOTIFICATION;
    131c:	4b06      	ldr	r3, [pc, #24]	@ (1338 <ulTaskGenericNotifyTake+0xe8>)
    131e:	681a      	ldr	r2, [r3, #0]
    1320:	68fb      	ldr	r3, [r7, #12]
    1322:	4413      	add	r3, r2
    1324:	3348      	adds	r3, #72	@ 0x48
    1326:	2200      	movs	r2, #0
    1328:	701a      	strb	r2, [r3, #0]
        }
        taskEXIT_CRITICAL();
    132a:	f001 f85f 	bl	23ec <vPortExitCritical>

        traceRETURN_ulTaskGenericNotifyTake( ulReturn );

        return ulReturn;
    132e:	697b      	ldr	r3, [r7, #20]
    }
    1330:	4618      	mov	r0, r3
    1332:	3720      	adds	r7, #32
    1334:	46bd      	mov	sp, r7
    1336:	bd80      	pop	{r7, pc}
    1338:	20000008 	andcs	r0, r0, r8
    133c:	e000ed04 	and	lr, r0, r4, lsl #26

00001340 <xTaskGenericNotifyWait>:
    BaseType_t xTaskGenericNotifyWait( UBaseType_t uxIndexToWaitOn,
                                       uint32_t ulBitsToClearOnEntry,
                                       uint32_t ulBitsToClearOnExit,
                                       uint32_t * pulNotificationValue,
                                       TickType_t xTicksToWait )
    {
    1340:	b580      	push	{r7, lr}
    1342:	b088      	sub	sp, #32
    1344:	af00      	add	r7, sp, #0
    1346:	60f8      	str	r0, [r7, #12]
    1348:	60b9      	str	r1, [r7, #8]
    134a:	607a      	str	r2, [r7, #4]
    134c:	603b      	str	r3, [r7, #0]
        BaseType_t xReturn, xAlreadyYielded, xShouldBlock = pdFALSE;
    134e:	2300      	movs	r3, #0
    1350:	61bb      	str	r3, [r7, #24]

        configASSERT( uxIndexToWaitOn < configTASK_NOTIFICATION_ARRAY_ENTRIES );

        /* If the task hasn't received a notification, and if we are willing to wait
         * for it, then block the task and wait. */
        if( ( pxCurrentTCB->ucNotifyState[ uxIndexToWaitOn ] != taskNOTIFICATION_RECEIVED ) && ( xTicksToWait > ( TickType_t ) 0 ) )
    1352:	4b42      	ldr	r3, [pc, #264]	@ (145c <xTaskGenericNotifyWait+0x11c>)
    1354:	681a      	ldr	r2, [r3, #0]
    1356:	68fb      	ldr	r3, [r7, #12]
    1358:	4413      	add	r3, r2
    135a:	3348      	adds	r3, #72	@ 0x48
    135c:	781b      	ldrb	r3, [r3, #0]
    135e:	b2db      	uxtb	r3, r3
    1360:	2b02      	cmp	r3, #2
    1362:	d041      	beq.n	13e8 <xTaskGenericNotifyWait+0xa8>
    1364:	6abb      	ldr	r3, [r7, #40]	@ 0x28
    1366:	2b00      	cmp	r3, #0
    1368:	d03e      	beq.n	13e8 <xTaskGenericNotifyWait+0xa8>
        {
            /* We suspend the scheduler here as prvAddCurrentTaskToDelayedList is a
             * non-deterministic operation. */
            vTaskSuspendAll();
    136a:	f7ff f9e3 	bl	734 <vTaskSuspendAll>
            {
                /* We MUST enter a critical section to atomically check and update the
                 * task notification value. If we do not do so, a notification from
                 * an ISR will get lost. */
                taskENTER_CRITICAL();
    136e:	f001 f823 	bl	23b8 <vPortEnterCritical>
                {
                    /* Only block if a notification is not already pending. */
                    if( pxCurrentTCB->ucNotifyState[ uxIndexToWaitOn ] != taskNOTIFICATION_RECEIVED )
    1372:	4b3a      	ldr	r3, [pc, #232]	@ (145c <xTaskGenericNotifyWait+0x11c>)
    1374:	681a      	ldr	r2, [r3, #0]
    1376:	68fb      	ldr	r3, [r7, #12]
    1378:	4413      	add	r3, r2
    137a:	3348      	adds	r3, #72	@ 0x48
    137c:	781b      	ldrb	r3, [r3, #0]
    137e:	b2db      	uxtb	r3, r3
    1380:	2b02      	cmp	r3, #2
    1382:	d017      	beq.n	13b4 <xTaskGenericNotifyWait+0x74>
                    {
                        /* Clear bits in the task's notification value as bits may get
                         * set by the notifying task or interrupt. This can be used
                         * to clear the value to zero. */
                        pxCurrentTCB->ulNotifiedValue[ uxIndexToWaitOn ] &= ~ulBitsToClearOnEntry;
    1384:	4b35      	ldr	r3, [pc, #212]	@ (145c <xTaskGenericNotifyWait+0x11c>)
    1386:	681a      	ldr	r2, [r3, #0]
    1388:	68fb      	ldr	r3, [r7, #12]
    138a:	3310      	adds	r3, #16
    138c:	009b      	lsls	r3, r3, #2
    138e:	4413      	add	r3, r2
    1390:	6859      	ldr	r1, [r3, #4]
    1392:	68bb      	ldr	r3, [r7, #8]
    1394:	43db      	mvns	r3, r3
    1396:	4019      	ands	r1, r3
    1398:	68fb      	ldr	r3, [r7, #12]
    139a:	3310      	adds	r3, #16
    139c:	009b      	lsls	r3, r3, #2
    139e:	4413      	add	r3, r2
    13a0:	6059      	str	r1, [r3, #4]

                        /* Mark this task as waiting for a notification. */
                        pxCurrentTCB->ucNotifyState[ uxIndexToWaitOn ] = taskWAITING_NOTIFICATION;
    13a2:	4b2e      	ldr	r3, [pc, #184]	@ (145c <xTaskGenericNotifyWait+0x11c>)
    13a4:	681a      	ldr	r2, [r3, #0]
    13a6:	68fb      	ldr	r3, [r7, #12]
    13a8:	4413      	add	r3, r2
    13aa:	3348      	adds	r3, #72	@ 0x48
    13ac:	2201      	movs	r2, #1
    13ae:	701a      	strb	r2, [r3, #0]

                        /* Arrange to wait for a notification. */
                        xShouldBlock = pdTRUE;
    13b0:	2301      	movs	r3, #1
    13b2:	61bb      	str	r3, [r7, #24]
                    else
                    {
                        mtCOVERAGE_TEST_MARKER();
                    }
                }
                taskEXIT_CRITICAL();
    13b4:	f001 f81a 	bl	23ec <vPortExitCritical>

                /* We are now out of the critical section but the scheduler is still
                 * suspended, so we are safe to do non-deterministic operations such
                 * as prvAddCurrentTaskToDelayedList. */
                if( xShouldBlock == pdTRUE )
    13b8:	69bb      	ldr	r3, [r7, #24]
    13ba:	2b01      	cmp	r3, #1
    13bc:	d103      	bne.n	13c6 <xTaskGenericNotifyWait+0x86>
                {
                    traceTASK_NOTIFY_WAIT_BLOCK( uxIndexToWaitOn );
                    prvAddCurrentTaskToDelayedList( xTicksToWait, pdTRUE );
    13be:	2101      	movs	r1, #1
    13c0:	6ab8      	ldr	r0, [r7, #40]	@ 0x28
    13c2:	f000 fb99 	bl	1af8 <prvAddCurrentTaskToDelayedList>
                else
                {
                    mtCOVERAGE_TEST_MARKER();
                }
            }
            xAlreadyYielded = xTaskResumeAll();
    13c6:	f7ff f9c3 	bl	750 <xTaskResumeAll>
    13ca:	6178      	str	r0, [r7, #20]

            /* Force a reschedule if xTaskResumeAll has not already done so. */
            if( ( xShouldBlock == pdTRUE ) && ( xAlreadyYielded == pdFALSE ) )
    13cc:	69bb      	ldr	r3, [r7, #24]
    13ce:	2b01      	cmp	r3, #1
    13d0:	d10a      	bne.n	13e8 <xTaskGenericNotifyWait+0xa8>
    13d2:	697b      	ldr	r3, [r7, #20]
    13d4:	2b00      	cmp	r3, #0
    13d6:	d107      	bne.n	13e8 <xTaskGenericNotifyWait+0xa8>
            {
                taskYIELD_WITHIN_API();
    13d8:	4b21      	ldr	r3, [pc, #132]	@ (1460 <xTaskGenericNotifyWait+0x120>)
    13da:	f04f 5280 	mov.w	r2, #268435456	@ 0x10000000
    13de:	601a      	str	r2, [r3, #0]
    13e0:	f3bf 8f4f 	dsb	sy
    13e4:	f3bf 8f6f 	isb	sy
            {
                mtCOVERAGE_TEST_MARKER();
            }
        }

        taskENTER_CRITICAL();
    13e8:	f000 ffe6 	bl	23b8 <vPortEnterCritical>
        {
            traceTASK_NOTIFY_WAIT( uxIndexToWaitOn );

            if( pulNotificationValue != NULL )
    13ec:	683b      	ldr	r3, [r7, #0]
    13ee:	2b00      	cmp	r3, #0
    13f0:	d008      	beq.n	1404 <xTaskGenericNotifyWait+0xc4>
            {
                /* Output the current notification value, which may or may not
                 * have changed. */
                *pulNotificationValue = pxCurrentTCB->ulNotifiedValue[ uxIndexToWaitOn ];
    13f2:	4b1a      	ldr	r3, [pc, #104]	@ (145c <xTaskGenericNotifyWait+0x11c>)
    13f4:	681a      	ldr	r2, [r3, #0]
    13f6:	68fb      	ldr	r3, [r7, #12]
    13f8:	3310      	adds	r3, #16
    13fa:	009b      	lsls	r3, r3, #2
    13fc:	4413      	add	r3, r2
    13fe:	685a      	ldr	r2, [r3, #4]
    1400:	683b      	ldr	r3, [r7, #0]
    1402:	601a      	str	r2, [r3, #0]

            /* If ucNotifyValue is set then either the task never entered the
             * blocked state (because a notification was already pending) or the
             * task unblocked because of a notification.  Otherwise the task
             * unblocked because of a timeout. */
            if( pxCurrentTCB->ucNotifyState[ uxIndexToWaitOn ] != taskNOTIFICATION_RECEIVED )
    1404:	4b15      	ldr	r3, [pc, #84]	@ (145c <xTaskGenericNotifyWait+0x11c>)
    1406:	681a      	ldr	r2, [r3, #0]
    1408:	68fb      	ldr	r3, [r7, #12]
    140a:	4413      	add	r3, r2
    140c:	3348      	adds	r3, #72	@ 0x48
    140e:	781b      	ldrb	r3, [r3, #0]
    1410:	b2db      	uxtb	r3, r3
    1412:	2b02      	cmp	r3, #2
    1414:	d002      	beq.n	141c <xTaskGenericNotifyWait+0xdc>
            {
                /* A notification was not received. */
                xReturn = pdFALSE;
    1416:	2300      	movs	r3, #0
    1418:	61fb      	str	r3, [r7, #28]
    141a:	e010      	b.n	143e <xTaskGenericNotifyWait+0xfe>
            }
            else
            {
                /* A notification was already pending or a notification was
                 * received while the task was waiting. */
                pxCurrentTCB->ulNotifiedValue[ uxIndexToWaitOn ] &= ~ulBitsToClearOnExit;
    141c:	4b0f      	ldr	r3, [pc, #60]	@ (145c <xTaskGenericNotifyWait+0x11c>)
    141e:	681a      	ldr	r2, [r3, #0]
    1420:	68fb      	ldr	r3, [r7, #12]
    1422:	3310      	adds	r3, #16
    1424:	009b      	lsls	r3, r3, #2
    1426:	4413      	add	r3, r2
    1428:	6859      	ldr	r1, [r3, #4]
    142a:	687b      	ldr	r3, [r7, #4]
    142c:	43db      	mvns	r3, r3
    142e:	4019      	ands	r1, r3
    1430:	68fb      	ldr	r3, [r7, #12]
    1432:	3310      	adds	r3, #16
    1434:	009b      	lsls	r3, r3, #2
    1436:	4413      	add	r3, r2
    1438:	6059      	str	r1, [r3, #4]
                xReturn = pdTRUE;
    143a:	2301      	movs	r3, #1
    143c:	61fb      	str	r3, [r7, #28]
            }

            pxCurrentTCB->ucNotifyState[ uxIndexToWaitOn ] = taskNOT_WAITING_NOTIFICATION;
    143e:	4b07      	ldr	r3, [pc, #28]	@ (145c <xTaskGenericNotifyWait+0x11c>)
    1440:	681a      	ldr	r2, [r3, #0]
    1442:	68fb      	ldr	r3, [r7, #12]
    1444:	4413      	add	r3, r2
    1446:	3348      	adds	r3, #72	@ 0x48
    1448:	2200      	movs	r2, #0
    144a:	701a      	strb	r2, [r3, #0]
        }
        taskEXIT_CRITICAL();
    144c:	f000 ffce 	bl	23ec <vPortExitCritical>

        traceRETURN_xTaskGenericNotifyWait( xReturn );

        return xReturn;
    1450:	69fb      	ldr	r3, [r7, #28]
    }
    1452:	4618      	mov	r0, r3
    1454:	3720      	adds	r7, #32
    1456:	46bd      	mov	sp, r7
    1458:	bd80      	pop	{r7, pc}
    145a:	bf00      	nop
    145c:	20000008 	andcs	r0, r0, r8
    1460:	e000ed04 	and	lr, r0, r4, lsl #26

00001464 <xTaskGenericNotify>:
    BaseType_t xTaskGenericNotify( TaskHandle_t xTaskToNotify,
                                   UBaseType_t uxIndexToNotify,
                                   uint32_t ulValue,
                                   eNotifyAction eAction,
                                   uint32_t * pulPreviousNotificationValue )
    {
    1464:	b580      	push	{r7, lr}
    1466:	b08a      	sub	sp, #40	@ 0x28
    1468:	af00      	add	r7, sp, #0
    146a:	60f8      	str	r0, [r7, #12]
    146c:	60b9      	str	r1, [r7, #8]
    146e:	607a      	str	r2, [r7, #4]
    1470:	70fb      	strb	r3, [r7, #3]
        TCB_t * pxTCB;
        BaseType_t xReturn = pdPASS;
    1472:	2301      	movs	r3, #1
    1474:	627b      	str	r3, [r7, #36]	@ 0x24

        traceENTER_xTaskGenericNotify( xTaskToNotify, uxIndexToNotify, ulValue, eAction, pulPreviousNotificationValue );

        configASSERT( uxIndexToNotify < configTASK_NOTIFICATION_ARRAY_ENTRIES );
        configASSERT( xTaskToNotify );
        pxTCB = xTaskToNotify;
    1476:	68fb      	ldr	r3, [r7, #12]
    1478:	623b      	str	r3, [r7, #32]

        taskENTER_CRITICAL();
    147a:	f000 ff9d 	bl	23b8 <vPortEnterCritical>
        {
            if( pulPreviousNotificationValue != NULL )
    147e:	6b3b      	ldr	r3, [r7, #48]	@ 0x30
    1480:	2b00      	cmp	r3, #0
    1482:	d007      	beq.n	1494 <xTaskGenericNotify+0x30>
            {
                *pulPreviousNotificationValue = pxTCB->ulNotifiedValue[ uxIndexToNotify ];
    1484:	6a3a      	ldr	r2, [r7, #32]
    1486:	68bb      	ldr	r3, [r7, #8]
    1488:	3310      	adds	r3, #16
    148a:	009b      	lsls	r3, r3, #2
    148c:	4413      	add	r3, r2
    148e:	685a      	ldr	r2, [r3, #4]
    1490:	6b3b      	ldr	r3, [r7, #48]	@ 0x30
    1492:	601a      	str	r2, [r3, #0]
            }

            ucOriginalNotifyState = pxTCB->ucNotifyState[ uxIndexToNotify ];
    1494:	6a3a      	ldr	r2, [r7, #32]
    1496:	68bb      	ldr	r3, [r7, #8]
    1498:	4413      	add	r3, r2
    149a:	3348      	adds	r3, #72	@ 0x48
    149c:	781b      	ldrb	r3, [r3, #0]
    149e:	77fb      	strb	r3, [r7, #31]

            pxTCB->ucNotifyState[ uxIndexToNotify ] = taskNOTIFICATION_RECEIVED;
    14a0:	6a3a      	ldr	r2, [r7, #32]
    14a2:	68bb      	ldr	r3, [r7, #8]
    14a4:	4413      	add	r3, r2
    14a6:	3348      	adds	r3, #72	@ 0x48
    14a8:	2202      	movs	r2, #2
    14aa:	701a      	strb	r2, [r3, #0]

            switch( eAction )
    14ac:	78fb      	ldrb	r3, [r7, #3]
    14ae:	2b04      	cmp	r3, #4
    14b0:	d83f      	bhi.n	1532 <xTaskGenericNotify+0xce>
    14b2:	a201      	add	r2, pc, #4	@ (adr r2, 14b8 <xTaskGenericNotify+0x54>)
    14b4:	f852 f023 	ldr.w	pc, [r2, r3, lsl #2]
    14b8:	00001533 	andeq	r1, r0, r3, lsr r5
    14bc:	000014cd 	andeq	r1, r0, sp, asr #9
    14c0:	000014eb 	andeq	r1, r0, fp, ror #9
    14c4:	00001507 	andeq	r1, r0, r7, lsl #10
    14c8:	00001517 	andeq	r1, r0, r7, lsl r5
            {
                case eSetBits:
                    pxTCB->ulNotifiedValue[ uxIndexToNotify ] |= ulValue;
    14cc:	6a3a      	ldr	r2, [r7, #32]
    14ce:	68bb      	ldr	r3, [r7, #8]
    14d0:	3310      	adds	r3, #16
    14d2:	009b      	lsls	r3, r3, #2
    14d4:	4413      	add	r3, r2
    14d6:	685a      	ldr	r2, [r3, #4]
    14d8:	687b      	ldr	r3, [r7, #4]
    14da:	431a      	orrs	r2, r3
    14dc:	6a39      	ldr	r1, [r7, #32]
    14de:	68bb      	ldr	r3, [r7, #8]
    14e0:	3310      	adds	r3, #16
    14e2:	009b      	lsls	r3, r3, #2
    14e4:	440b      	add	r3, r1
    14e6:	605a      	str	r2, [r3, #4]
                    break;
    14e8:	e024      	b.n	1534 <xTaskGenericNotify+0xd0>

                case eIncrement:
                    ( pxTCB->ulNotifiedValue[ uxIndexToNotify ] )++;
    14ea:	6a3a      	ldr	r2, [r7, #32]
    14ec:	68bb      	ldr	r3, [r7, #8]
    14ee:	3310      	adds	r3, #16
    14f0:	009b      	lsls	r3, r3, #2
    14f2:	4413      	add	r3, r2
    14f4:	685b      	ldr	r3, [r3, #4]
    14f6:	1c5a      	adds	r2, r3, #1
    14f8:	6a39      	ldr	r1, [r7, #32]
    14fa:	68bb      	ldr	r3, [r7, #8]
    14fc:	3310      	adds	r3, #16
    14fe:	009b      	lsls	r3, r3, #2
    1500:	440b      	add	r3, r1
    1502:	605a      	str	r2, [r3, #4]
                    break;
    1504:	e016      	b.n	1534 <xTaskGenericNotify+0xd0>

                case eSetValueWithOverwrite:
                    pxTCB->ulNotifiedValue[ uxIndexToNotify ] = ulValue;
    1506:	6a3a      	ldr	r2, [r7, #32]
    1508:	68bb      	ldr	r3, [r7, #8]
    150a:	3310      	adds	r3, #16
    150c:	009b      	lsls	r3, r3, #2
    150e:	4413      	add	r3, r2
    1510:	687a      	ldr	r2, [r7, #4]
    1512:	605a      	str	r2, [r3, #4]
                    break;
    1514:	e00e      	b.n	1534 <xTaskGenericNotify+0xd0>

                case eSetValueWithoutOverwrite:

                    if( ucOriginalNotifyState != taskNOTIFICATION_RECEIVED )
    1516:	7ffb      	ldrb	r3, [r7, #31]
    1518:	2b02      	cmp	r3, #2
    151a:	d007      	beq.n	152c <xTaskGenericNotify+0xc8>
                    {
                        pxTCB->ulNotifiedValue[ uxIndexToNotify ] = ulValue;
    151c:	6a3a      	ldr	r2, [r7, #32]
    151e:	68bb      	ldr	r3, [r7, #8]
    1520:	3310      	adds	r3, #16
    1522:	009b      	lsls	r3, r3, #2
    1524:	4413      	add	r3, r2
    1526:	687a      	ldr	r2, [r7, #4]
    1528:	605a      	str	r2, [r3, #4]
                    {
                        /* The value could not be written to the task. */
                        xReturn = pdFAIL;
                    }

                    break;
    152a:	e003      	b.n	1534 <xTaskGenericNotify+0xd0>
                        xReturn = pdFAIL;
    152c:	2300      	movs	r3, #0
    152e:	627b      	str	r3, [r7, #36]	@ 0x24
                    break;
    1530:	e000      	b.n	1534 <xTaskGenericNotify+0xd0>
                    /* Should not get here if all enums are handled.
                     * Artificially force an assert by testing a value the
                     * compiler can't assume is const. */
                    configASSERT( xTickCount == ( TickType_t ) 0 );

                    break;
    1532:	bf00      	nop

            traceTASK_NOTIFY( uxIndexToNotify );

            /* If the task is in the blocked state specifically to wait for a
             * notification then unblock it now. */
            if( ucOriginalNotifyState == taskWAITING_NOTIFICATION )
    1534:	7ffb      	ldrb	r3, [r7, #31]
    1536:	2b01      	cmp	r3, #1
    1538:	d16e      	bne.n	1618 <xTaskGenericNotify+0x1b4>
            {
                listREMOVE_ITEM( &( pxTCB->xStateListItem ) );
    153a:	6a3b      	ldr	r3, [r7, #32]
    153c:	695b      	ldr	r3, [r3, #20]
    153e:	61bb      	str	r3, [r7, #24]
    1540:	6a3b      	ldr	r3, [r7, #32]
    1542:	689b      	ldr	r3, [r3, #8]
    1544:	6a3a      	ldr	r2, [r7, #32]
    1546:	68d2      	ldr	r2, [r2, #12]
    1548:	609a      	str	r2, [r3, #8]
    154a:	6a3b      	ldr	r3, [r7, #32]
    154c:	68db      	ldr	r3, [r3, #12]
    154e:	6a3a      	ldr	r2, [r7, #32]
    1550:	6892      	ldr	r2, [r2, #8]
    1552:	605a      	str	r2, [r3, #4]
    1554:	69bb      	ldr	r3, [r7, #24]
    1556:	685a      	ldr	r2, [r3, #4]
    1558:	6a3b      	ldr	r3, [r7, #32]
    155a:	3304      	adds	r3, #4
    155c:	429a      	cmp	r2, r3
    155e:	d103      	bne.n	1568 <xTaskGenericNotify+0x104>
    1560:	6a3b      	ldr	r3, [r7, #32]
    1562:	68da      	ldr	r2, [r3, #12]
    1564:	69bb      	ldr	r3, [r7, #24]
    1566:	605a      	str	r2, [r3, #4]
    1568:	6a3b      	ldr	r3, [r7, #32]
    156a:	2200      	movs	r2, #0
    156c:	615a      	str	r2, [r3, #20]
    156e:	69bb      	ldr	r3, [r7, #24]
    1570:	681b      	ldr	r3, [r3, #0]
    1572:	1e5a      	subs	r2, r3, #1
    1574:	69bb      	ldr	r3, [r7, #24]
    1576:	601a      	str	r2, [r3, #0]
                prvAddTaskToReadyList( pxTCB );
    1578:	6a3b      	ldr	r3, [r7, #32]
    157a:	6adb      	ldr	r3, [r3, #44]	@ 0x2c
    157c:	2201      	movs	r2, #1
    157e:	409a      	lsls	r2, r3
    1580:	4b29      	ldr	r3, [pc, #164]	@ (1628 <xTaskGenericNotify+0x1c4>)
    1582:	681b      	ldr	r3, [r3, #0]
    1584:	4313      	orrs	r3, r2
    1586:	4a28      	ldr	r2, [pc, #160]	@ (1628 <xTaskGenericNotify+0x1c4>)
    1588:	6013      	str	r3, [r2, #0]
    158a:	6a3b      	ldr	r3, [r7, #32]
    158c:	6ada      	ldr	r2, [r3, #44]	@ 0x2c
    158e:	4927      	ldr	r1, [pc, #156]	@ (162c <xTaskGenericNotify+0x1c8>)
    1590:	4613      	mov	r3, r2
    1592:	009b      	lsls	r3, r3, #2
    1594:	4413      	add	r3, r2
    1596:	009b      	lsls	r3, r3, #2
    1598:	440b      	add	r3, r1
    159a:	3304      	adds	r3, #4
    159c:	681b      	ldr	r3, [r3, #0]
    159e:	617b      	str	r3, [r7, #20]
    15a0:	6a3b      	ldr	r3, [r7, #32]
    15a2:	697a      	ldr	r2, [r7, #20]
    15a4:	609a      	str	r2, [r3, #8]
    15a6:	697b      	ldr	r3, [r7, #20]
    15a8:	689a      	ldr	r2, [r3, #8]
    15aa:	6a3b      	ldr	r3, [r7, #32]
    15ac:	60da      	str	r2, [r3, #12]
    15ae:	697b      	ldr	r3, [r7, #20]
    15b0:	689b      	ldr	r3, [r3, #8]
    15b2:	6a3a      	ldr	r2, [r7, #32]
    15b4:	3204      	adds	r2, #4
    15b6:	605a      	str	r2, [r3, #4]
    15b8:	6a3b      	ldr	r3, [r7, #32]
    15ba:	1d1a      	adds	r2, r3, #4
    15bc:	697b      	ldr	r3, [r7, #20]
    15be:	609a      	str	r2, [r3, #8]
    15c0:	6a3b      	ldr	r3, [r7, #32]
    15c2:	6ada      	ldr	r2, [r3, #44]	@ 0x2c
    15c4:	4613      	mov	r3, r2
    15c6:	009b      	lsls	r3, r3, #2
    15c8:	4413      	add	r3, r2
    15ca:	009b      	lsls	r3, r3, #2
    15cc:	4a17      	ldr	r2, [pc, #92]	@ (162c <xTaskGenericNotify+0x1c8>)
    15ce:	441a      	add	r2, r3
    15d0:	6a3b      	ldr	r3, [r7, #32]
    15d2:	615a      	str	r2, [r3, #20]
    15d4:	6a3b      	ldr	r3, [r7, #32]
    15d6:	6ada      	ldr	r2, [r3, #44]	@ 0x2c
    15d8:	4914      	ldr	r1, [pc, #80]	@ (162c <xTaskGenericNotify+0x1c8>)
    15da:	4613      	mov	r3, r2
    15dc:	009b      	lsls	r3, r3, #2
    15de:	4413      	add	r3, r2
    15e0:	009b      	lsls	r3, r3, #2
    15e2:	440b      	add	r3, r1
    15e4:	681b      	ldr	r3, [r3, #0]
    15e6:	6a3a      	ldr	r2, [r7, #32]
    15e8:	6ad2      	ldr	r2, [r2, #44]	@ 0x2c
    15ea:	1c59      	adds	r1, r3, #1
    15ec:	480f      	ldr	r0, [pc, #60]	@ (162c <xTaskGenericNotify+0x1c8>)
    15ee:	4613      	mov	r3, r2
    15f0:	009b      	lsls	r3, r3, #2
    15f2:	4413      	add	r3, r2
    15f4:	009b      	lsls	r3, r3, #2
    15f6:	4403      	add	r3, r0
    15f8:	6019      	str	r1, [r3, #0]
                }
                #endif

                /* Check if the notified task has a priority above the currently
                 * executing task. */
                taskYIELD_ANY_CORE_IF_USING_PREEMPTION( pxTCB );
    15fa:	4b0d      	ldr	r3, [pc, #52]	@ (1630 <xTaskGenericNotify+0x1cc>)
    15fc:	681b      	ldr	r3, [r3, #0]
    15fe:	6ada      	ldr	r2, [r3, #44]	@ 0x2c
    1600:	6a3b      	ldr	r3, [r7, #32]
    1602:	6adb      	ldr	r3, [r3, #44]	@ 0x2c
    1604:	429a      	cmp	r2, r3
    1606:	d207      	bcs.n	1618 <xTaskGenericNotify+0x1b4>
    1608:	4b0a      	ldr	r3, [pc, #40]	@ (1634 <xTaskGenericNotify+0x1d0>)
    160a:	f04f 5280 	mov.w	r2, #268435456	@ 0x10000000
    160e:	601a      	str	r2, [r3, #0]
    1610:	f3bf 8f4f 	dsb	sy
    1614:	f3bf 8f6f 	isb	sy
            else
            {
                mtCOVERAGE_TEST_MARKER();
            }
        }
        taskEXIT_CRITICAL();
    1618:	f000 fee8 	bl	23ec <vPortExitCritical>

        traceRETURN_xTaskGenericNotify( xReturn );

        return xReturn;
    161c:	6a7b      	ldr	r3, [r7, #36]	@ 0x24
    }
    161e:	4618      	mov	r0, r3
    1620:	3728      	adds	r7, #40	@ 0x28
    1622:	46bd      	mov	sp, r7
    1624:	bd80      	pop	{r7, pc}
    1626:	bf00      	nop
    1628:	200000bc 	strhcs	r0, [r0], -ip
    162c:	2000000c 	andcs	r0, r0, ip
    1630:	20000008 	andcs	r0, r0, r8
    1634:	e000ed04 	and	lr, r0, r4, lsl #26

00001638 <xTaskGenericNotifyFromISR>:
                                          UBaseType_t uxIndexToNotify,
                                          uint32_t ulValue,
                                          eNotifyAction eAction,
                                          uint32_t * pulPreviousNotificationValue,
                                          BaseType_t * pxHigherPriorityTaskWoken )
    {
    1638:	b480      	push	{r7}
    163a:	b08f      	sub	sp, #60	@ 0x3c
    163c:	af00      	add	r7, sp, #0
    163e:	60f8      	str	r0, [r7, #12]
    1640:	60b9      	str	r1, [r7, #8]
    1642:	607a      	str	r2, [r7, #4]
    1644:	70fb      	strb	r3, [r7, #3]
        TCB_t * pxTCB;
        uint8_t ucOriginalNotifyState;
        BaseType_t xReturn = pdPASS;
    1646:	2301      	movs	r3, #1
    1648:	637b      	str	r3, [r7, #52]	@ 0x34
         * simple as possible.  More information (albeit Cortex-M specific) is
         * provided on the following link:
         * https://www.FreeRTOS.org/RTOS-Cortex-M3-M4.html */
        portASSERT_IF_INTERRUPT_PRIORITY_INVALID();

        pxTCB = xTaskToNotify;
    164a:	68fb      	ldr	r3, [r7, #12]
    164c:	633b      	str	r3, [r7, #48]	@ 0x30

portFORCE_INLINE static uint32_t ulPortRaiseBASEPRI( void )
{
    uint32_t ulOriginalBASEPRI, ulNewBASEPRI;

    __asm volatile
    164e:	f3ef 8211 	mrs	r2, BASEPRI
    1652:	f04f 0301 	mov.w	r3, #1
    1656:	f383 8811 	msr	BASEPRI, r3
    165a:	f3bf 8f6f 	isb	sy
    165e:	f3bf 8f4f 	dsb	sy
    1662:	61ba      	str	r2, [r7, #24]
    1664:	617b      	str	r3, [r7, #20]
        : "=r" ( ulOriginalBASEPRI ), "=r" ( ulNewBASEPRI ) : "i" ( configMAX_SYSCALL_INTERRUPT_PRIORITY ) : "memory"
    );

    /* This return will not be reached but is necessary to prevent compiler
     * warnings. */
    return ulOriginalBASEPRI;
    1666:	69bb      	ldr	r3, [r7, #24]

        /* MISRA Ref 4.7.1 [Return value shall be checked] */
        /* More details at: https://github.com/FreeRTOS/FreeRTOS-Kernel/blob/main/MISRA.md#dir-47 */
        /* coverity[misra_c_2012_directive_4_7_violation] */
        uxSavedInterruptStatus = ( UBaseType_t ) taskENTER_CRITICAL_FROM_ISR();
    1668:	62fb      	str	r3, [r7, #44]	@ 0x2c
        {
            if( pulPreviousNotificationValue != NULL )
    166a:	6c3b      	ldr	r3, [r7, #64]	@ 0x40
    166c:	2b00      	cmp	r3, #0
    166e:	d007      	beq.n	1680 <xTaskGenericNotifyFromISR+0x48>
            {
                *pulPreviousNotificationValue = pxTCB->ulNotifiedValue[ uxIndexToNotify ];
    1670:	6b3a      	ldr	r2, [r7, #48]	@ 0x30
    1672:	68bb      	ldr	r3, [r7, #8]
    1674:	3310      	adds	r3, #16
    1676:	009b      	lsls	r3, r3, #2
    1678:	4413      	add	r3, r2
    167a:	685a      	ldr	r2, [r3, #4]
    167c:	6c3b      	ldr	r3, [r7, #64]	@ 0x40
    167e:	601a      	str	r2, [r3, #0]
            }

            ucOriginalNotifyState = pxTCB->ucNotifyState[ uxIndexToNotify ];
    1680:	6b3a      	ldr	r2, [r7, #48]	@ 0x30
    1682:	68bb      	ldr	r3, [r7, #8]
    1684:	4413      	add	r3, r2
    1686:	3348      	adds	r3, #72	@ 0x48
    1688:	781b      	ldrb	r3, [r3, #0]
    168a:	f887 302b 	strb.w	r3, [r7, #43]	@ 0x2b
            pxTCB->ucNotifyState[ uxIndexToNotify ] = taskNOTIFICATION_RECEIVED;
    168e:	6b3a      	ldr	r2, [r7, #48]	@ 0x30
    1690:	68bb      	ldr	r3, [r7, #8]
    1692:	4413      	add	r3, r2
    1694:	3348      	adds	r3, #72	@ 0x48
    1696:	2202      	movs	r2, #2
    1698:	701a      	strb	r2, [r3, #0]

            switch( eAction )
    169a:	78fb      	ldrb	r3, [r7, #3]
    169c:	2b04      	cmp	r3, #4
    169e:	d841      	bhi.n	1724 <xTaskGenericNotifyFromISR+0xec>
    16a0:	a201      	add	r2, pc, #4	@ (adr r2, 16a8 <xTaskGenericNotifyFromISR+0x70>)
    16a2:	f852 f023 	ldr.w	pc, [r2, r3, lsl #2]
    16a6:	bf00      	nop
    16a8:	00001725 	andeq	r1, r0, r5, lsr #14
    16ac:	000016bd 			@ <UNDEFINED> instruction: 0x000016bd
    16b0:	000016db 	ldrdeq	r1, [r0], -fp
    16b4:	000016f7 	strdeq	r1, [r0], -r7
    16b8:	00001707 	andeq	r1, r0, r7, lsl #14
            {
                case eSetBits:
                    pxTCB->ulNotifiedValue[ uxIndexToNotify ] |= ulValue;
    16bc:	6b3a      	ldr	r2, [r7, #48]	@ 0x30
    16be:	68bb      	ldr	r3, [r7, #8]
    16c0:	3310      	adds	r3, #16
    16c2:	009b      	lsls	r3, r3, #2
    16c4:	4413      	add	r3, r2
    16c6:	685a      	ldr	r2, [r3, #4]
    16c8:	687b      	ldr	r3, [r7, #4]
    16ca:	431a      	orrs	r2, r3
    16cc:	6b39      	ldr	r1, [r7, #48]	@ 0x30
    16ce:	68bb      	ldr	r3, [r7, #8]
    16d0:	3310      	adds	r3, #16
    16d2:	009b      	lsls	r3, r3, #2
    16d4:	440b      	add	r3, r1
    16d6:	605a      	str	r2, [r3, #4]
                    break;
    16d8:	e025      	b.n	1726 <xTaskGenericNotifyFromISR+0xee>

                case eIncrement:
                    ( pxTCB->ulNotifiedValue[ uxIndexToNotify ] )++;
    16da:	6b3a      	ldr	r2, [r7, #48]	@ 0x30
    16dc:	68bb      	ldr	r3, [r7, #8]
    16de:	3310      	adds	r3, #16
    16e0:	009b      	lsls	r3, r3, #2
    16e2:	4413      	add	r3, r2
    16e4:	685b      	ldr	r3, [r3, #4]
    16e6:	1c5a      	adds	r2, r3, #1
    16e8:	6b39      	ldr	r1, [r7, #48]	@ 0x30
    16ea:	68bb      	ldr	r3, [r7, #8]
    16ec:	3310      	adds	r3, #16
    16ee:	009b      	lsls	r3, r3, #2
    16f0:	440b      	add	r3, r1
    16f2:	605a      	str	r2, [r3, #4]
                    break;
    16f4:	e017      	b.n	1726 <xTaskGenericNotifyFromISR+0xee>

                case eSetValueWithOverwrite:
                    pxTCB->ulNotifiedValue[ uxIndexToNotify ] = ulValue;
    16f6:	6b3a      	ldr	r2, [r7, #48]	@ 0x30
    16f8:	68bb      	ldr	r3, [r7, #8]
    16fa:	3310      	adds	r3, #16
    16fc:	009b      	lsls	r3, r3, #2
    16fe:	4413      	add	r3, r2
    1700:	687a      	ldr	r2, [r7, #4]
    1702:	605a      	str	r2, [r3, #4]
                    break;
    1704:	e00f      	b.n	1726 <xTaskGenericNotifyFromISR+0xee>

                case eSetValueWithoutOverwrite:

                    if( ucOriginalNotifyState != taskNOTIFICATION_RECEIVED )
    1706:	f897 302b 	ldrb.w	r3, [r7, #43]	@ 0x2b
    170a:	2b02      	cmp	r3, #2
    170c:	d007      	beq.n	171e <xTaskGenericNotifyFromISR+0xe6>
                    {
                        pxTCB->ulNotifiedValue[ uxIndexToNotify ] = ulValue;
    170e:	6b3a      	ldr	r2, [r7, #48]	@ 0x30
    1710:	68bb      	ldr	r3, [r7, #8]
    1712:	3310      	adds	r3, #16
    1714:	009b      	lsls	r3, r3, #2
    1716:	4413      	add	r3, r2
    1718:	687a      	ldr	r2, [r7, #4]
    171a:	605a      	str	r2, [r3, #4]
                    {
                        /* The value could not be written to the task. */
                        xReturn = pdFAIL;
                    }

                    break;
    171c:	e003      	b.n	1726 <xTaskGenericNotifyFromISR+0xee>
                        xReturn = pdFAIL;
    171e:	2300      	movs	r3, #0
    1720:	637b      	str	r3, [r7, #52]	@ 0x34
                    break;
    1722:	e000      	b.n	1726 <xTaskGenericNotifyFromISR+0xee>

                    /* Should not get here if all enums are handled.
                     * Artificially force an assert by testing a value the
                     * compiler can't assume is const. */
                    configASSERT( xTickCount == ( TickType_t ) 0 );
                    break;
    1724:	bf00      	nop

            traceTASK_NOTIFY_FROM_ISR( uxIndexToNotify );

            /* If the task is in the blocked state specifically to wait for a
             * notification then unblock it now. */
            if( ucOriginalNotifyState == taskWAITING_NOTIFICATION )
    1726:	f897 302b 	ldrb.w	r3, [r7, #43]	@ 0x2b
    172a:	2b01      	cmp	r3, #1
    172c:	f040 8091 	bne.w	1852 <xTaskGenericNotifyFromISR+0x21a>
            {
                /* The task should not have been on an event list. */
                configASSERT( listLIST_ITEM_CONTAINER( &( pxTCB->xEventListItem ) ) == NULL );

                if( uxSchedulerSuspended == ( UBaseType_t ) 0U )
    1730:	4b4e      	ldr	r3, [pc, #312]	@ (186c <xTaskGenericNotifyFromISR+0x234>)
    1732:	681b      	ldr	r3, [r3, #0]
    1734:	2b00      	cmp	r3, #0
    1736:	d160      	bne.n	17fa <xTaskGenericNotifyFromISR+0x1c2>
                {
                    listREMOVE_ITEM( &( pxTCB->xStateListItem ) );
    1738:	6b3b      	ldr	r3, [r7, #48]	@ 0x30
    173a:	695b      	ldr	r3, [r3, #20]
    173c:	623b      	str	r3, [r7, #32]
    173e:	6b3b      	ldr	r3, [r7, #48]	@ 0x30
    1740:	689b      	ldr	r3, [r3, #8]
    1742:	6b3a      	ldr	r2, [r7, #48]	@ 0x30
    1744:	68d2      	ldr	r2, [r2, #12]
    1746:	609a      	str	r2, [r3, #8]
    1748:	6b3b      	ldr	r3, [r7, #48]	@ 0x30
    174a:	68db      	ldr	r3, [r3, #12]
    174c:	6b3a      	ldr	r2, [r7, #48]	@ 0x30
    174e:	6892      	ldr	r2, [r2, #8]
    1750:	605a      	str	r2, [r3, #4]
    1752:	6a3b      	ldr	r3, [r7, #32]
    1754:	685a      	ldr	r2, [r3, #4]
    1756:	6b3b      	ldr	r3, [r7, #48]	@ 0x30
    1758:	3304      	adds	r3, #4
    175a:	429a      	cmp	r2, r3
    175c:	d103      	bne.n	1766 <xTaskGenericNotifyFromISR+0x12e>
    175e:	6b3b      	ldr	r3, [r7, #48]	@ 0x30
    1760:	68da      	ldr	r2, [r3, #12]
    1762:	6a3b      	ldr	r3, [r7, #32]
    1764:	605a      	str	r2, [r3, #4]
    1766:	6b3b      	ldr	r3, [r7, #48]	@ 0x30
    1768:	2200      	movs	r2, #0
    176a:	615a      	str	r2, [r3, #20]
    176c:	6a3b      	ldr	r3, [r7, #32]
    176e:	681b      	ldr	r3, [r3, #0]
    1770:	1e5a      	subs	r2, r3, #1
    1772:	6a3b      	ldr	r3, [r7, #32]
    1774:	601a      	str	r2, [r3, #0]
                    prvAddTaskToReadyList( pxTCB );
    1776:	6b3b      	ldr	r3, [r7, #48]	@ 0x30
    1778:	6adb      	ldr	r3, [r3, #44]	@ 0x2c
    177a:	2201      	movs	r2, #1
    177c:	409a      	lsls	r2, r3
    177e:	4b3c      	ldr	r3, [pc, #240]	@ (1870 <xTaskGenericNotifyFromISR+0x238>)
    1780:	681b      	ldr	r3, [r3, #0]
    1782:	4313      	orrs	r3, r2
    1784:	4a3a      	ldr	r2, [pc, #232]	@ (1870 <xTaskGenericNotifyFromISR+0x238>)
    1786:	6013      	str	r3, [r2, #0]
    1788:	6b3b      	ldr	r3, [r7, #48]	@ 0x30
    178a:	6ada      	ldr	r2, [r3, #44]	@ 0x2c
    178c:	4939      	ldr	r1, [pc, #228]	@ (1874 <xTaskGenericNotifyFromISR+0x23c>)
    178e:	4613      	mov	r3, r2
    1790:	009b      	lsls	r3, r3, #2
    1792:	4413      	add	r3, r2
    1794:	009b      	lsls	r3, r3, #2
    1796:	440b      	add	r3, r1
    1798:	3304      	adds	r3, #4
    179a:	681b      	ldr	r3, [r3, #0]
    179c:	61fb      	str	r3, [r7, #28]
    179e:	6b3b      	ldr	r3, [r7, #48]	@ 0x30
    17a0:	69fa      	ldr	r2, [r7, #28]
    17a2:	609a      	str	r2, [r3, #8]
    17a4:	69fb      	ldr	r3, [r7, #28]
    17a6:	689a      	ldr	r2, [r3, #8]
    17a8:	6b3b      	ldr	r3, [r7, #48]	@ 0x30
    17aa:	60da      	str	r2, [r3, #12]
    17ac:	69fb      	ldr	r3, [r7, #28]
    17ae:	689b      	ldr	r3, [r3, #8]
    17b0:	6b3a      	ldr	r2, [r7, #48]	@ 0x30
    17b2:	3204      	adds	r2, #4
    17b4:	605a      	str	r2, [r3, #4]
    17b6:	6b3b      	ldr	r3, [r7, #48]	@ 0x30
    17b8:	1d1a      	adds	r2, r3, #4
    17ba:	69fb      	ldr	r3, [r7, #28]
    17bc:	609a      	str	r2, [r3, #8]
    17be:	6b3b      	ldr	r3, [r7, #48]	@ 0x30
    17c0:	6ada      	ldr	r2, [r3, #44]	@ 0x2c
    17c2:	4613      	mov	r3, r2
    17c4:	009b      	lsls	r3, r3, #2
    17c6:	4413      	add	r3, r2
    17c8:	009b      	lsls	r3, r3, #2
    17ca:	4a2a      	ldr	r2, [pc, #168]	@ (1874 <xTaskGenericNotifyFromISR+0x23c>)
    17cc:	441a      	add	r2, r3
    17ce:	6b3b      	ldr	r3, [r7, #48]	@ 0x30
    17d0:	615a      	str	r2, [r3, #20]
    17d2:	6b3b      	ldr	r3, [r7, #48]	@ 0x30
    17d4:	6ada      	ldr	r2, [r3, #44]	@ 0x2c
    17d6:	4927      	ldr	r1, [pc, #156]	@ (1874 <xTaskGenericNotifyFromISR+0x23c>)
    17d8:	4613      	mov	r3, r2
    17da:	009b      	lsls	r3, r3, #2
    17dc:	4413      	add	r3, r2
    17de:	009b      	lsls	r3, r3, #2
    17e0:	440b      	add	r3, r1
    17e2:	681b      	ldr	r3, [r3, #0]
    17e4:	6b3a      	ldr	r2, [r7, #48]	@ 0x30
    17e6:	6ad2      	ldr	r2, [r2, #44]	@ 0x2c
    17e8:	1c59      	adds	r1, r3, #1
    17ea:	4822      	ldr	r0, [pc, #136]	@ (1874 <xTaskGenericNotifyFromISR+0x23c>)
    17ec:	4613      	mov	r3, r2
    17ee:	009b      	lsls	r3, r3, #2
    17f0:	4413      	add	r3, r2
    17f2:	009b      	lsls	r3, r3, #2
    17f4:	4403      	add	r3, r0
    17f6:	6019      	str	r1, [r3, #0]
    17f8:	e01b      	b.n	1832 <xTaskGenericNotifyFromISR+0x1fa>
                }
                else
                {
                    /* The delayed and ready lists cannot be accessed, so hold
                     * this task pending until the scheduler is resumed. */
                    listINSERT_END( &( xPendingReadyList ), &( pxTCB->xEventListItem ) );
    17fa:	4b1f      	ldr	r3, [pc, #124]	@ (1878 <xTaskGenericNotifyFromISR+0x240>)
    17fc:	685b      	ldr	r3, [r3, #4]
    17fe:	627b      	str	r3, [r7, #36]	@ 0x24
    1800:	6b3b      	ldr	r3, [r7, #48]	@ 0x30
    1802:	6a7a      	ldr	r2, [r7, #36]	@ 0x24
    1804:	61da      	str	r2, [r3, #28]
    1806:	6a7b      	ldr	r3, [r7, #36]	@ 0x24
    1808:	689a      	ldr	r2, [r3, #8]
    180a:	6b3b      	ldr	r3, [r7, #48]	@ 0x30
    180c:	621a      	str	r2, [r3, #32]
    180e:	6a7b      	ldr	r3, [r7, #36]	@ 0x24
    1810:	689b      	ldr	r3, [r3, #8]
    1812:	6b3a      	ldr	r2, [r7, #48]	@ 0x30
    1814:	3218      	adds	r2, #24
    1816:	605a      	str	r2, [r3, #4]
    1818:	6b3b      	ldr	r3, [r7, #48]	@ 0x30
    181a:	f103 0218 	add.w	r2, r3, #24
    181e:	6a7b      	ldr	r3, [r7, #36]	@ 0x24
    1820:	609a      	str	r2, [r3, #8]
    1822:	6b3b      	ldr	r3, [r7, #48]	@ 0x30
    1824:	4a14      	ldr	r2, [pc, #80]	@ (1878 <xTaskGenericNotifyFromISR+0x240>)
    1826:	629a      	str	r2, [r3, #40]	@ 0x28
    1828:	4b13      	ldr	r3, [pc, #76]	@ (1878 <xTaskGenericNotifyFromISR+0x240>)
    182a:	681b      	ldr	r3, [r3, #0]
    182c:	3301      	adds	r3, #1
    182e:	4a12      	ldr	r2, [pc, #72]	@ (1878 <xTaskGenericNotifyFromISR+0x240>)
    1830:	6013      	str	r3, [r2, #0]
                }

                #if ( configNUMBER_OF_CORES == 1 )
                {
                    if( pxTCB->uxPriority > pxCurrentTCB->uxPriority )
    1832:	6b3b      	ldr	r3, [r7, #48]	@ 0x30
    1834:	6ada      	ldr	r2, [r3, #44]	@ 0x2c
    1836:	4b11      	ldr	r3, [pc, #68]	@ (187c <xTaskGenericNotifyFromISR+0x244>)
    1838:	681b      	ldr	r3, [r3, #0]
    183a:	6adb      	ldr	r3, [r3, #44]	@ 0x2c
    183c:	429a      	cmp	r2, r3
    183e:	d908      	bls.n	1852 <xTaskGenericNotifyFromISR+0x21a>
                    {
                        /* The notified task has a priority above the currently
                         * executing task so a yield is required. */
                        if( pxHigherPriorityTaskWoken != NULL )
    1840:	6c7b      	ldr	r3, [r7, #68]	@ 0x44
    1842:	2b00      	cmp	r3, #0
    1844:	d002      	beq.n	184c <xTaskGenericNotifyFromISR+0x214>
                        {
                            *pxHigherPriorityTaskWoken = pdTRUE;
    1846:	6c7b      	ldr	r3, [r7, #68]	@ 0x44
    1848:	2201      	movs	r2, #1
    184a:	601a      	str	r2, [r3, #0]
                        }

                        /* Mark that a yield is pending in case the user is not
                         * using the "xHigherPriorityTaskWoken" parameter to an ISR
                         * safe FreeRTOS function. */
                        xYieldPendings[ 0 ] = pdTRUE;
    184c:	4b0c      	ldr	r3, [pc, #48]	@ (1880 <xTaskGenericNotifyFromISR+0x248>)
    184e:	2201      	movs	r2, #1
    1850:	601a      	str	r2, [r3, #0]
    1852:	6afb      	ldr	r3, [r7, #44]	@ 0x2c
    1854:	613b      	str	r3, [r7, #16]
}
/*-----------------------------------------------------------*/

portFORCE_INLINE static void vPortSetBASEPRI( uint32_t ulNewMaskValue )
{
    __asm volatile
    1856:	693b      	ldr	r3, [r7, #16]
    1858:	f383 8811 	msr	BASEPRI, r3
    (
        "   msr basepri, %0 " ::"r" ( ulNewMaskValue ) : "memory"
    );
}
    185c:	bf00      	nop
        }
        taskEXIT_CRITICAL_FROM_ISR( uxSavedInterruptStatus );

        traceRETURN_xTaskGenericNotifyFromISR( xReturn );

        return xReturn;
    185e:	6b7b      	ldr	r3, [r7, #52]	@ 0x34
    }
    1860:	4618      	mov	r0, r3
    1862:	373c      	adds	r7, #60	@ 0x3c
    1864:	46bd      	mov	sp, r7
    1866:	bc80      	pop	{r7}
    1868:	4770      	bx	lr
    186a:	bf00      	nop
    186c:	200000dc 	ldrdcs	r0, [r0], -ip
    1870:	200000bc 	strhcs	r0, [r0], -ip
    1874:	2000000c 	andcs	r0, r0, ip
    1878:	200000a0 	andcs	r0, r0, r0, lsr #1
    187c:	20000008 	andcs	r0, r0, r8
    1880:	200000c8 	andcs	r0, r0, r8, asr #1

00001884 <vTaskGenericNotifyGiveFromISR>:
#if ( configUSE_TASK_NOTIFICATIONS == 1 )

    void vTaskGenericNotifyGiveFromISR( TaskHandle_t xTaskToNotify,
                                        UBaseType_t uxIndexToNotify,
                                        BaseType_t * pxHigherPriorityTaskWoken )
    {
    1884:	b480      	push	{r7}
    1886:	b08f      	sub	sp, #60	@ 0x3c
    1888:	af00      	add	r7, sp, #0
    188a:	60f8      	str	r0, [r7, #12]
    188c:	60b9      	str	r1, [r7, #8]
    188e:	607a      	str	r2, [r7, #4]
         * simple as possible.  More information (albeit Cortex-M specific) is
         * provided on the following link:
         * https://www.FreeRTOS.org/RTOS-Cortex-M3-M4.html */
        portASSERT_IF_INTERRUPT_PRIORITY_INVALID();

        pxTCB = xTaskToNotify;
    1890:	68fb      	ldr	r3, [r7, #12]
    1892:	637b      	str	r3, [r7, #52]	@ 0x34
    __asm volatile
    1894:	f3ef 8211 	mrs	r2, BASEPRI
    1898:	f04f 0301 	mov.w	r3, #1
    189c:	f383 8811 	msr	BASEPRI, r3
    18a0:	f3bf 8f6f 	isb	sy
    18a4:	f3bf 8f4f 	dsb	sy
    18a8:	61fa      	str	r2, [r7, #28]
    18aa:	61bb      	str	r3, [r7, #24]
    return ulOriginalBASEPRI;
    18ac:	69fb      	ldr	r3, [r7, #28]

        /* MISRA Ref 4.7.1 [Return value shall be checked] */
        /* More details at: https://github.com/FreeRTOS/FreeRTOS-Kernel/blob/main/MISRA.md#dir-47 */
        /* coverity[misra_c_2012_directive_4_7_violation] */
        uxSavedInterruptStatus = ( UBaseType_t ) taskENTER_CRITICAL_FROM_ISR();
    18ae:	633b      	str	r3, [r7, #48]	@ 0x30
        {
            ucOriginalNotifyState = pxTCB->ucNotifyState[ uxIndexToNotify ];
    18b0:	6b7a      	ldr	r2, [r7, #52]	@ 0x34
    18b2:	68bb      	ldr	r3, [r7, #8]
    18b4:	4413      	add	r3, r2
    18b6:	3348      	adds	r3, #72	@ 0x48
    18b8:	781b      	ldrb	r3, [r3, #0]
    18ba:	f887 302f 	strb.w	r3, [r7, #47]	@ 0x2f
            pxTCB->ucNotifyState[ uxIndexToNotify ] = taskNOTIFICATION_RECEIVED;
    18be:	6b7a      	ldr	r2, [r7, #52]	@ 0x34
    18c0:	68bb      	ldr	r3, [r7, #8]
    18c2:	4413      	add	r3, r2
    18c4:	3348      	adds	r3, #72	@ 0x48
    18c6:	2202      	movs	r2, #2
    18c8:	701a      	strb	r2, [r3, #0]

            /* 'Giving' is equivalent to incrementing a count in a counting
             * semaphore. */
            ( pxTCB->ulNotifiedValue[ uxIndexToNotify ] )++;
    18ca:	6b7a      	ldr	r2, [r7, #52]	@ 0x34
    18cc:	68bb      	ldr	r3, [r7, #8]
    18ce:	3310      	adds	r3, #16
    18d0:	009b      	lsls	r3, r3, #2
    18d2:	4413      	add	r3, r2
    18d4:	685b      	ldr	r3, [r3, #4]
    18d6:	1c5a      	adds	r2, r3, #1
    18d8:	6b79      	ldr	r1, [r7, #52]	@ 0x34
    18da:	68bb      	ldr	r3, [r7, #8]
    18dc:	3310      	adds	r3, #16
    18de:	009b      	lsls	r3, r3, #2
    18e0:	440b      	add	r3, r1
    18e2:	605a      	str	r2, [r3, #4]

            traceTASK_NOTIFY_GIVE_FROM_ISR( uxIndexToNotify );

            /* If the task is in the blocked state specifically to wait for a
             * notification then unblock it now. */
            if( ucOriginalNotifyState == taskWAITING_NOTIFICATION )
    18e4:	f897 302f 	ldrb.w	r3, [r7, #47]	@ 0x2f
    18e8:	2b01      	cmp	r3, #1
    18ea:	f040 8091 	bne.w	1a10 <vTaskGenericNotifyGiveFromISR+0x18c>
            {
                /* The task should not have been on an event list. */
                configASSERT( listLIST_ITEM_CONTAINER( &( pxTCB->xEventListItem ) ) == NULL );

                if( uxSchedulerSuspended == ( UBaseType_t ) 0U )
    18ee:	4b4e      	ldr	r3, [pc, #312]	@ (1a28 <vTaskGenericNotifyGiveFromISR+0x1a4>)
    18f0:	681b      	ldr	r3, [r3, #0]
    18f2:	2b00      	cmp	r3, #0
    18f4:	d160      	bne.n	19b8 <vTaskGenericNotifyGiveFromISR+0x134>
                {
                    listREMOVE_ITEM( &( pxTCB->xStateListItem ) );
    18f6:	6b7b      	ldr	r3, [r7, #52]	@ 0x34
    18f8:	695b      	ldr	r3, [r3, #20]
    18fa:	627b      	str	r3, [r7, #36]	@ 0x24
    18fc:	6b7b      	ldr	r3, [r7, #52]	@ 0x34
    18fe:	689b      	ldr	r3, [r3, #8]
    1900:	6b7a      	ldr	r2, [r7, #52]	@ 0x34
    1902:	68d2      	ldr	r2, [r2, #12]
    1904:	609a      	str	r2, [r3, #8]
    1906:	6b7b      	ldr	r3, [r7, #52]	@ 0x34
    1908:	68db      	ldr	r3, [r3, #12]
    190a:	6b7a      	ldr	r2, [r7, #52]	@ 0x34
    190c:	6892      	ldr	r2, [r2, #8]
    190e:	605a      	str	r2, [r3, #4]
    1910:	6a7b      	ldr	r3, [r7, #36]	@ 0x24
    1912:	685a      	ldr	r2, [r3, #4]
    1914:	6b7b      	ldr	r3, [r7, #52]	@ 0x34
    1916:	3304      	adds	r3, #4
    1918:	429a      	cmp	r2, r3
    191a:	d103      	bne.n	1924 <vTaskGenericNotifyGiveFromISR+0xa0>
    191c:	6b7b      	ldr	r3, [r7, #52]	@ 0x34
    191e:	68da      	ldr	r2, [r3, #12]
    1920:	6a7b      	ldr	r3, [r7, #36]	@ 0x24
    1922:	605a      	str	r2, [r3, #4]
    1924:	6b7b      	ldr	r3, [r7, #52]	@ 0x34
    1926:	2200      	movs	r2, #0
    1928:	615a      	str	r2, [r3, #20]
    192a:	6a7b      	ldr	r3, [r7, #36]	@ 0x24
    192c:	681b      	ldr	r3, [r3, #0]
    192e:	1e5a      	subs	r2, r3, #1
    1930:	6a7b      	ldr	r3, [r7, #36]	@ 0x24
    1932:	601a      	str	r2, [r3, #0]
                    prvAddTaskToReadyList( pxTCB );
    1934:	6b7b      	ldr	r3, [r7, #52]	@ 0x34
    1936:	6adb      	ldr	r3, [r3, #44]	@ 0x2c
    1938:	2201      	movs	r2, #1
    193a:	409a      	lsls	r2, r3
    193c:	4b3b      	ldr	r3, [pc, #236]	@ (1a2c <vTaskGenericNotifyGiveFromISR+0x1a8>)
    193e:	681b      	ldr	r3, [r3, #0]
    1940:	4313      	orrs	r3, r2
    1942:	4a3a      	ldr	r2, [pc, #232]	@ (1a2c <vTaskGenericNotifyGiveFromISR+0x1a8>)
    1944:	6013      	str	r3, [r2, #0]
    1946:	6b7b      	ldr	r3, [r7, #52]	@ 0x34
    1948:	6ada      	ldr	r2, [r3, #44]	@ 0x2c
    194a:	4939      	ldr	r1, [pc, #228]	@ (1a30 <vTaskGenericNotifyGiveFromISR+0x1ac>)
    194c:	4613      	mov	r3, r2
    194e:	009b      	lsls	r3, r3, #2
    1950:	4413      	add	r3, r2
    1952:	009b      	lsls	r3, r3, #2
    1954:	440b      	add	r3, r1
    1956:	3304      	adds	r3, #4
    1958:	681b      	ldr	r3, [r3, #0]
    195a:	623b      	str	r3, [r7, #32]
    195c:	6b7b      	ldr	r3, [r7, #52]	@ 0x34
    195e:	6a3a      	ldr	r2, [r7, #32]
    1960:	609a      	str	r2, [r3, #8]
    1962:	6a3b      	ldr	r3, [r7, #32]
    1964:	689a      	ldr	r2, [r3, #8]
    1966:	6b7b      	ldr	r3, [r7, #52]	@ 0x34
    1968:	60da      	str	r2, [r3, #12]
    196a:	6a3b      	ldr	r3, [r7, #32]
    196c:	689b      	ldr	r3, [r3, #8]
    196e:	6b7a      	ldr	r2, [r7, #52]	@ 0x34
    1970:	3204      	adds	r2, #4
    1972:	605a      	str	r2, [r3, #4]
    1974:	6b7b      	ldr	r3, [r7, #52]	@ 0x34
    1976:	1d1a      	adds	r2, r3, #4
    1978:	6a3b      	ldr	r3, [r7, #32]
    197a:	609a      	str	r2, [r3, #8]
    197c:	6b7b      	ldr	r3, [r7, #52]	@ 0x34
    197e:	6ada      	ldr	r2, [r3, #44]	@ 0x2c
    1980:	4613      	mov	r3, r2
    1982:	009b      	lsls	r3, r3, #2
    1984:	4413      	add	r3, r2
    1986:	009b      	lsls	r3, r3, #2
    1988:	4a29      	ldr	r2, [pc, #164]	@ (1a30 <vTaskGenericNotifyGiveFromISR+0x1ac>)
    198a:	441a      	add	r2, r3
    198c:	6b7b      	ldr	r3, [r7, #52]	@ 0x34
    198e:	615a      	str	r2, [r3, #20]
    1990:	6b7b      	ldr	r3, [r7, #52]	@ 0x34
    1992:	6ada      	ldr	r2, [r3, #44]	@ 0x2c
    1994:	4926      	ldr	r1, [pc, #152]	@ (1a30 <vTaskGenericNotifyGiveFromISR+0x1ac>)
    1996:	4613      	mov	r3, r2
    1998:	009b      	lsls	r3, r3, #2
    199a:	4413      	add	r3, r2
    199c:	009b      	lsls	r3, r3, #2
    199e:	440b      	add	r3, r1
    19a0:	681b      	ldr	r3, [r3, #0]
    19a2:	6b7a      	ldr	r2, [r7, #52]	@ 0x34
    19a4:	6ad2      	ldr	r2, [r2, #44]	@ 0x2c
    19a6:	1c59      	adds	r1, r3, #1
    19a8:	4821      	ldr	r0, [pc, #132]	@ (1a30 <vTaskGenericNotifyGiveFromISR+0x1ac>)
    19aa:	4613      	mov	r3, r2
    19ac:	009b      	lsls	r3, r3, #2
    19ae:	4413      	add	r3, r2
    19b0:	009b      	lsls	r3, r3, #2
    19b2:	4403      	add	r3, r0
    19b4:	6019      	str	r1, [r3, #0]
    19b6:	e01b      	b.n	19f0 <vTaskGenericNotifyGiveFromISR+0x16c>
                }
                else
                {
                    /* The delayed and ready lists cannot be accessed, so hold
                     * this task pending until the scheduler is resumed. */
                    listINSERT_END( &( xPendingReadyList ), &( pxTCB->xEventListItem ) );
    19b8:	4b1e      	ldr	r3, [pc, #120]	@ (1a34 <vTaskGenericNotifyGiveFromISR+0x1b0>)
    19ba:	685b      	ldr	r3, [r3, #4]
    19bc:	62bb      	str	r3, [r7, #40]	@ 0x28
    19be:	6b7b      	ldr	r3, [r7, #52]	@ 0x34
    19c0:	6aba      	ldr	r2, [r7, #40]	@ 0x28
    19c2:	61da      	str	r2, [r3, #28]
    19c4:	6abb      	ldr	r3, [r7, #40]	@ 0x28
    19c6:	689a      	ldr	r2, [r3, #8]
    19c8:	6b7b      	ldr	r3, [r7, #52]	@ 0x34
    19ca:	621a      	str	r2, [r3, #32]
    19cc:	6abb      	ldr	r3, [r7, #40]	@ 0x28
    19ce:	689b      	ldr	r3, [r3, #8]
    19d0:	6b7a      	ldr	r2, [r7, #52]	@ 0x34
    19d2:	3218      	adds	r2, #24
    19d4:	605a      	str	r2, [r3, #4]
    19d6:	6b7b      	ldr	r3, [r7, #52]	@ 0x34
    19d8:	f103 0218 	add.w	r2, r3, #24
    19dc:	6abb      	ldr	r3, [r7, #40]	@ 0x28
    19de:	609a      	str	r2, [r3, #8]
    19e0:	6b7b      	ldr	r3, [r7, #52]	@ 0x34
    19e2:	4a14      	ldr	r2, [pc, #80]	@ (1a34 <vTaskGenericNotifyGiveFromISR+0x1b0>)
    19e4:	629a      	str	r2, [r3, #40]	@ 0x28
    19e6:	4b13      	ldr	r3, [pc, #76]	@ (1a34 <vTaskGenericNotifyGiveFromISR+0x1b0>)
    19e8:	681b      	ldr	r3, [r3, #0]
    19ea:	3301      	adds	r3, #1
    19ec:	4a11      	ldr	r2, [pc, #68]	@ (1a34 <vTaskGenericNotifyGiveFromISR+0x1b0>)
    19ee:	6013      	str	r3, [r2, #0]
                }

                #if ( configNUMBER_OF_CORES == 1 )
                {
                    if( pxTCB->uxPriority > pxCurrentTCB->uxPriority )
    19f0:	6b7b      	ldr	r3, [r7, #52]	@ 0x34
    19f2:	6ada      	ldr	r2, [r3, #44]	@ 0x2c
    19f4:	4b10      	ldr	r3, [pc, #64]	@ (1a38 <vTaskGenericNotifyGiveFromISR+0x1b4>)
    19f6:	681b      	ldr	r3, [r3, #0]
    19f8:	6adb      	ldr	r3, [r3, #44]	@ 0x2c
    19fa:	429a      	cmp	r2, r3
    19fc:	d908      	bls.n	1a10 <vTaskGenericNotifyGiveFromISR+0x18c>
                    {
                        /* The notified task has a priority above the currently
                         * executing task so a yield is required. */
                        if( pxHigherPriorityTaskWoken != NULL )
    19fe:	687b      	ldr	r3, [r7, #4]
    1a00:	2b00      	cmp	r3, #0
    1a02:	d002      	beq.n	1a0a <vTaskGenericNotifyGiveFromISR+0x186>
                        {
                            *pxHigherPriorityTaskWoken = pdTRUE;
    1a04:	687b      	ldr	r3, [r7, #4]
    1a06:	2201      	movs	r2, #1
    1a08:	601a      	str	r2, [r3, #0]
                        }

                        /* Mark that a yield is pending in case the user is not
                         * using the "xHigherPriorityTaskWoken" parameter in an ISR
                         * safe FreeRTOS function. */
                        xYieldPendings[ 0 ] = pdTRUE;
    1a0a:	4b0c      	ldr	r3, [pc, #48]	@ (1a3c <vTaskGenericNotifyGiveFromISR+0x1b8>)
    1a0c:	2201      	movs	r2, #1
    1a0e:	601a      	str	r2, [r3, #0]
    1a10:	6b3b      	ldr	r3, [r7, #48]	@ 0x30
    1a12:	617b      	str	r3, [r7, #20]
    __asm volatile
    1a14:	697b      	ldr	r3, [r7, #20]
    1a16:	f383 8811 	msr	BASEPRI, r3
}
    1a1a:	bf00      	nop
            }
        }
        taskEXIT_CRITICAL_FROM_ISR( uxSavedInterruptStatus );

        traceRETURN_vTaskGenericNotifyGiveFromISR();
    }
    1a1c:	bf00      	nop
    1a1e:	373c      	adds	r7, #60	@ 0x3c
    1a20:	46bd      	mov	sp, r7
    1a22:	bc80      	pop	{r7}
    1a24:	4770      	bx	lr
    1a26:	bf00      	nop
    1a28:	200000dc 	ldrdcs	r0, [r0], -ip
    1a2c:	200000bc 	strhcs	r0, [r0], -ip
    1a30:	2000000c 	andcs	r0, r0, ip
    1a34:	200000a0 	andcs	r0, r0, r0, lsr #1
    1a38:	20000008 	andcs	r0, r0, r8
    1a3c:	200000c8 	andcs	r0, r0, r8, asr #1

00001a40 <xTaskGenericNotifyStateClear>:

#if ( configUSE_TASK_NOTIFICATIONS == 1 )

    BaseType_t xTaskGenericNotifyStateClear( TaskHandle_t xTask,
                                             UBaseType_t uxIndexToClear )
    {
    1a40:	b580      	push	{r7, lr}
    1a42:	b084      	sub	sp, #16
    1a44:	af00      	add	r7, sp, #0
    1a46:	6078      	str	r0, [r7, #4]
    1a48:	6039      	str	r1, [r7, #0]

        configASSERT( uxIndexToClear < configTASK_NOTIFICATION_ARRAY_ENTRIES );

        /* If null is passed in here then it is the calling task that is having
         * its notification state cleared. */
        pxTCB = prvGetTCBFromHandle( xTask );
    1a4a:	687b      	ldr	r3, [r7, #4]
    1a4c:	2b00      	cmp	r3, #0
    1a4e:	d102      	bne.n	1a56 <xTaskGenericNotifyStateClear+0x16>
    1a50:	4b10      	ldr	r3, [pc, #64]	@ (1a94 <xTaskGenericNotifyStateClear+0x54>)
    1a52:	681b      	ldr	r3, [r3, #0]
    1a54:	e000      	b.n	1a58 <xTaskGenericNotifyStateClear+0x18>
    1a56:	687b      	ldr	r3, [r7, #4]
    1a58:	60bb      	str	r3, [r7, #8]
        configASSERT( pxTCB != NULL );

        taskENTER_CRITICAL();
    1a5a:	f000 fcad 	bl	23b8 <vPortEnterCritical>
        {
            if( pxTCB->ucNotifyState[ uxIndexToClear ] == taskNOTIFICATION_RECEIVED )
    1a5e:	68ba      	ldr	r2, [r7, #8]
    1a60:	683b      	ldr	r3, [r7, #0]
    1a62:	4413      	add	r3, r2
    1a64:	3348      	adds	r3, #72	@ 0x48
    1a66:	781b      	ldrb	r3, [r3, #0]
    1a68:	b2db      	uxtb	r3, r3
    1a6a:	2b02      	cmp	r3, #2
    1a6c:	d108      	bne.n	1a80 <xTaskGenericNotifyStateClear+0x40>
            {
                pxTCB->ucNotifyState[ uxIndexToClear ] = taskNOT_WAITING_NOTIFICATION;
    1a6e:	68ba      	ldr	r2, [r7, #8]
    1a70:	683b      	ldr	r3, [r7, #0]
    1a72:	4413      	add	r3, r2
    1a74:	3348      	adds	r3, #72	@ 0x48
    1a76:	2200      	movs	r2, #0
    1a78:	701a      	strb	r2, [r3, #0]
                xReturn = pdPASS;
    1a7a:	2301      	movs	r3, #1
    1a7c:	60fb      	str	r3, [r7, #12]
    1a7e:	e001      	b.n	1a84 <xTaskGenericNotifyStateClear+0x44>
            }
            else
            {
                xReturn = pdFAIL;
    1a80:	2300      	movs	r3, #0
    1a82:	60fb      	str	r3, [r7, #12]
            }
        }
        taskEXIT_CRITICAL();
    1a84:	f000 fcb2 	bl	23ec <vPortExitCritical>

        traceRETURN_xTaskGenericNotifyStateClear( xReturn );

        return xReturn;
    1a88:	68fb      	ldr	r3, [r7, #12]
    }
    1a8a:	4618      	mov	r0, r3
    1a8c:	3710      	adds	r7, #16
    1a8e:	46bd      	mov	sp, r7
    1a90:	bd80      	pop	{r7, pc}
    1a92:	bf00      	nop
    1a94:	20000008 	andcs	r0, r0, r8

00001a98 <ulTaskGenericNotifyValueClear>:
#if ( configUSE_TASK_NOTIFICATIONS == 1 )

    uint32_t ulTaskGenericNotifyValueClear( TaskHandle_t xTask,
                                            UBaseType_t uxIndexToClear,
                                            uint32_t ulBitsToClear )
    {
    1a98:	b580      	push	{r7, lr}
    1a9a:	b086      	sub	sp, #24
    1a9c:	af00      	add	r7, sp, #0
    1a9e:	60f8      	str	r0, [r7, #12]
    1aa0:	60b9      	str	r1, [r7, #8]
    1aa2:	607a      	str	r2, [r7, #4]

        configASSERT( uxIndexToClear < configTASK_NOTIFICATION_ARRAY_ENTRIES );

        /* If null is passed in here then it is the calling task that is having
         * its notification state cleared. */
        pxTCB = prvGetTCBFromHandle( xTask );
    1aa4:	68fb      	ldr	r3, [r7, #12]
    1aa6:	2b00      	cmp	r3, #0
    1aa8:	d102      	bne.n	1ab0 <ulTaskGenericNotifyValueClear+0x18>
    1aaa:	4b12      	ldr	r3, [pc, #72]	@ (1af4 <ulTaskGenericNotifyValueClear+0x5c>)
    1aac:	681b      	ldr	r3, [r3, #0]
    1aae:	e000      	b.n	1ab2 <ulTaskGenericNotifyValueClear+0x1a>
    1ab0:	68fb      	ldr	r3, [r7, #12]
    1ab2:	617b      	str	r3, [r7, #20]
        configASSERT( pxTCB != NULL );

        taskENTER_CRITICAL();
    1ab4:	f000 fc80 	bl	23b8 <vPortEnterCritical>
        {
            /* Return the notification as it was before the bits were cleared,
             * then clear the bit mask. */
            ulReturn = pxTCB->ulNotifiedValue[ uxIndexToClear ];
    1ab8:	697a      	ldr	r2, [r7, #20]
    1aba:	68bb      	ldr	r3, [r7, #8]
    1abc:	3310      	adds	r3, #16
    1abe:	009b      	lsls	r3, r3, #2
    1ac0:	4413      	add	r3, r2
    1ac2:	685b      	ldr	r3, [r3, #4]
    1ac4:	613b      	str	r3, [r7, #16]
            pxTCB->ulNotifiedValue[ uxIndexToClear ] &= ~ulBitsToClear;
    1ac6:	697a      	ldr	r2, [r7, #20]
    1ac8:	68bb      	ldr	r3, [r7, #8]
    1aca:	3310      	adds	r3, #16
    1acc:	009b      	lsls	r3, r3, #2
    1ace:	4413      	add	r3, r2
    1ad0:	685a      	ldr	r2, [r3, #4]
    1ad2:	687b      	ldr	r3, [r7, #4]
    1ad4:	43db      	mvns	r3, r3
    1ad6:	401a      	ands	r2, r3
    1ad8:	6979      	ldr	r1, [r7, #20]
    1ada:	68bb      	ldr	r3, [r7, #8]
    1adc:	3310      	adds	r3, #16
    1ade:	009b      	lsls	r3, r3, #2
    1ae0:	440b      	add	r3, r1
    1ae2:	605a      	str	r2, [r3, #4]
        }
        taskEXIT_CRITICAL();
    1ae4:	f000 fc82 	bl	23ec <vPortExitCritical>

        traceRETURN_ulTaskGenericNotifyValueClear( ulReturn );

        return ulReturn;
    1ae8:	693b      	ldr	r3, [r7, #16]
    }
    1aea:	4618      	mov	r0, r3
    1aec:	3718      	adds	r7, #24
    1aee:	46bd      	mov	sp, r7
    1af0:	bd80      	pop	{r7, pc}
    1af2:	bf00      	nop
    1af4:	20000008 	andcs	r0, r0, r8

00001af8 <prvAddCurrentTaskToDelayedList>:
#endif /* if ( ( configGENERATE_RUN_TIME_STATS == 1 ) && ( INCLUDE_xTaskGetIdleTaskHandle == 1 ) ) */
/*-----------------------------------------------------------*/

static void prvAddCurrentTaskToDelayedList( TickType_t xTicksToWait,
                                            const BaseType_t xCanBlockIndefinitely )
{
    1af8:	b580      	push	{r7, lr}
    1afa:	b086      	sub	sp, #24
    1afc:	af00      	add	r7, sp, #0
    1afe:	6078      	str	r0, [r7, #4]
    1b00:	6039      	str	r1, [r7, #0]
    TickType_t xTimeToWake;
    const TickType_t xConstTickCount = xTickCount;
    1b02:	4b22      	ldr	r3, [pc, #136]	@ (1b8c <prvAddCurrentTaskToDelayedList+0x94>)
    1b04:	681b      	ldr	r3, [r3, #0]
    1b06:	617b      	str	r3, [r7, #20]
    List_t * const pxDelayedList = pxDelayedTaskList;
    1b08:	4b21      	ldr	r3, [pc, #132]	@ (1b90 <prvAddCurrentTaskToDelayedList+0x98>)
    1b0a:	681b      	ldr	r3, [r3, #0]
    1b0c:	613b      	str	r3, [r7, #16]
    List_t * const pxOverflowDelayedList = pxOverflowDelayedTaskList;
    1b0e:	4b21      	ldr	r3, [pc, #132]	@ (1b94 <prvAddCurrentTaskToDelayedList+0x9c>)
    1b10:	681b      	ldr	r3, [r3, #0]
    1b12:	60fb      	str	r3, [r7, #12]
    }
    #endif

    /* Remove the task from the ready list before adding it to the blocked list
     * as the same list item is used for both lists. */
    if( uxListRemove( &( pxCurrentTCB->xStateListItem ) ) == ( UBaseType_t ) 0 )
    1b14:	4b20      	ldr	r3, [pc, #128]	@ (1b98 <prvAddCurrentTaskToDelayedList+0xa0>)
    1b16:	681b      	ldr	r3, [r3, #0]
    1b18:	3304      	adds	r3, #4
    1b1a:	4618      	mov	r0, r3
    1b1c:	f000 f912 	bl	1d44 <uxListRemove>
    1b20:	4603      	mov	r3, r0
    1b22:	2b00      	cmp	r3, #0
    1b24:	d10b      	bne.n	1b3e <prvAddCurrentTaskToDelayedList+0x46>
    {
        /* The current task must be in a ready list, so there is no need to
         * check, and the port reset macro can be called directly. */
        portRESET_READY_PRIORITY( pxCurrentTCB->uxPriority, uxTopReadyPriority );
    1b26:	4b1c      	ldr	r3, [pc, #112]	@ (1b98 <prvAddCurrentTaskToDelayedList+0xa0>)
    1b28:	681b      	ldr	r3, [r3, #0]
    1b2a:	6adb      	ldr	r3, [r3, #44]	@ 0x2c
    1b2c:	2201      	movs	r2, #1
    1b2e:	fa02 f303 	lsl.w	r3, r2, r3
    1b32:	43da      	mvns	r2, r3
    1b34:	4b19      	ldr	r3, [pc, #100]	@ (1b9c <prvAddCurrentTaskToDelayedList+0xa4>)
    1b36:	681b      	ldr	r3, [r3, #0]
    1b38:	4013      	ands	r3, r2
    1b3a:	4a18      	ldr	r2, [pc, #96]	@ (1b9c <prvAddCurrentTaskToDelayedList+0xa4>)
    1b3c:	6013      	str	r3, [r2, #0]
    #else /* INCLUDE_vTaskSuspend */
    {
        /* Calculate the time at which the task should be woken if the event
         * does not occur.  This may overflow but this doesn't matter, the kernel
         * will manage it correctly. */
        xTimeToWake = xConstTickCount + xTicksToWait;
    1b3e:	697a      	ldr	r2, [r7, #20]
    1b40:	687b      	ldr	r3, [r7, #4]
    1b42:	4413      	add	r3, r2
    1b44:	60bb      	str	r3, [r7, #8]

        /* The list item will be inserted in wake time order. */
        listSET_LIST_ITEM_VALUE( &( pxCurrentTCB->xStateListItem ), xTimeToWake );
    1b46:	4b14      	ldr	r3, [pc, #80]	@ (1b98 <prvAddCurrentTaskToDelayedList+0xa0>)
    1b48:	681b      	ldr	r3, [r3, #0]
    1b4a:	68ba      	ldr	r2, [r7, #8]
    1b4c:	605a      	str	r2, [r3, #4]

        if( xTimeToWake < xConstTickCount )
    1b4e:	68ba      	ldr	r2, [r7, #8]
    1b50:	697b      	ldr	r3, [r7, #20]
    1b52:	429a      	cmp	r2, r3
    1b54:	d207      	bcs.n	1b66 <prvAddCurrentTaskToDelayedList+0x6e>
        {
            traceMOVED_TASK_TO_OVERFLOW_DELAYED_LIST();
            /* Wake time has overflowed.  Place this item in the overflow list. */
            vListInsert( pxOverflowDelayedList, &( pxCurrentTCB->xStateListItem ) );
    1b56:	4b10      	ldr	r3, [pc, #64]	@ (1b98 <prvAddCurrentTaskToDelayedList+0xa0>)
    1b58:	681b      	ldr	r3, [r3, #0]
    1b5a:	3304      	adds	r3, #4
    1b5c:	4619      	mov	r1, r3
    1b5e:	68f8      	ldr	r0, [r7, #12]
    1b60:	f000 f8b8 	bl	1cd4 <vListInsert>

        /* Avoid compiler warning when INCLUDE_vTaskSuspend is not 1. */
        ( void ) xCanBlockIndefinitely;
    }
    #endif /* INCLUDE_vTaskSuspend */
}
    1b64:	e00e      	b.n	1b84 <prvAddCurrentTaskToDelayedList+0x8c>
            vListInsert( pxDelayedList, &( pxCurrentTCB->xStateListItem ) );
    1b66:	4b0c      	ldr	r3, [pc, #48]	@ (1b98 <prvAddCurrentTaskToDelayedList+0xa0>)
    1b68:	681b      	ldr	r3, [r3, #0]
    1b6a:	3304      	adds	r3, #4
    1b6c:	4619      	mov	r1, r3
    1b6e:	6938      	ldr	r0, [r7, #16]
    1b70:	f000 f8b0 	bl	1cd4 <vListInsert>
            if( xTimeToWake < xNextTaskUnblockTime )
    1b74:	4b0a      	ldr	r3, [pc, #40]	@ (1ba0 <prvAddCurrentTaskToDelayedList+0xa8>)
    1b76:	681b      	ldr	r3, [r3, #0]
    1b78:	68ba      	ldr	r2, [r7, #8]
    1b7a:	429a      	cmp	r2, r3
    1b7c:	d202      	bcs.n	1b84 <prvAddCurrentTaskToDelayedList+0x8c>
                xNextTaskUnblockTime = xTimeToWake;
    1b7e:	4a08      	ldr	r2, [pc, #32]	@ (1ba0 <prvAddCurrentTaskToDelayedList+0xa8>)
    1b80:	68bb      	ldr	r3, [r7, #8]
    1b82:	6013      	str	r3, [r2, #0]
}
    1b84:	bf00      	nop
    1b86:	3718      	adds	r7, #24
    1b88:	46bd      	mov	sp, r7
    1b8a:	bd80      	pop	{r7, pc}
    1b8c:	200000b8 	strhcs	r0, [r0], -r8
    1b90:	20000098 	mulcs	r0, r8, r0
    1b94:	2000009c 	mulcs	r0, ip, r0
    1b98:	20000008 	andcs	r0, r0, r8
    1b9c:	200000bc 	strhcs	r0, [r0], -ip
    1ba0:	200000d4 	ldrdcs	r0, [r0], -r4

00001ba4 <vTaskResetState>:
 * Reset the state in this file. This state is normally initialized at start up.
 * This function must be called by the application before restarting the
 * scheduler.
 */
void vTaskResetState( void )
{
    1ba4:	b480      	push	{r7}
    1ba6:	b083      	sub	sp, #12
    1ba8:	af00      	add	r7, sp, #0
    BaseType_t xCoreID;

    /* Task control block. */
    #if ( configNUMBER_OF_CORES == 1 )
    {
        pxCurrentTCB = NULL;
    1baa:	4b18      	ldr	r3, [pc, #96]	@ (1c0c <vTaskResetState+0x68>)
    1bac:	2200      	movs	r2, #0
    1bae:	601a      	str	r2, [r3, #0]
        FreeRTOS_errno = 0;
    }
    #endif /* #if ( configUSE_POSIX_ERRNO == 1 ) */

    /* Other file private variables. */
    uxCurrentNumberOfTasks = ( UBaseType_t ) 0U;
    1bb0:	4b17      	ldr	r3, [pc, #92]	@ (1c10 <vTaskResetState+0x6c>)
    1bb2:	2200      	movs	r2, #0
    1bb4:	601a      	str	r2, [r3, #0]
    xTickCount = ( TickType_t ) configINITIAL_TICK_COUNT;
    1bb6:	4b17      	ldr	r3, [pc, #92]	@ (1c14 <vTaskResetState+0x70>)
    1bb8:	2200      	movs	r2, #0
    1bba:	601a      	str	r2, [r3, #0]
    uxTopReadyPriority = tskIDLE_PRIORITY;
    1bbc:	4b16      	ldr	r3, [pc, #88]	@ (1c18 <vTaskResetState+0x74>)
    1bbe:	2200      	movs	r2, #0
    1bc0:	601a      	str	r2, [r3, #0]
    xSchedulerRunning = pdFALSE;
    1bc2:	4b16      	ldr	r3, [pc, #88]	@ (1c1c <vTaskResetState+0x78>)
    1bc4:	2200      	movs	r2, #0
    1bc6:	601a      	str	r2, [r3, #0]
    xPendedTicks = ( TickType_t ) 0U;
    1bc8:	4b15      	ldr	r3, [pc, #84]	@ (1c20 <vTaskResetState+0x7c>)
    1bca:	2200      	movs	r2, #0
    1bcc:	601a      	str	r2, [r3, #0]

    for( xCoreID = 0; xCoreID < configNUMBER_OF_CORES; xCoreID++ )
    1bce:	2300      	movs	r3, #0
    1bd0:	607b      	str	r3, [r7, #4]
    1bd2:	e007      	b.n	1be4 <vTaskResetState+0x40>
    {
        xYieldPendings[ xCoreID ] = pdFALSE;
    1bd4:	4a13      	ldr	r2, [pc, #76]	@ (1c24 <vTaskResetState+0x80>)
    1bd6:	687b      	ldr	r3, [r7, #4]
    1bd8:	2100      	movs	r1, #0
    1bda:	f842 1023 	str.w	r1, [r2, r3, lsl #2]
    for( xCoreID = 0; xCoreID < configNUMBER_OF_CORES; xCoreID++ )
    1bde:	687b      	ldr	r3, [r7, #4]
    1be0:	3301      	adds	r3, #1
    1be2:	607b      	str	r3, [r7, #4]
    1be4:	687b      	ldr	r3, [r7, #4]
    1be6:	2b00      	cmp	r3, #0
    1be8:	ddf4      	ble.n	1bd4 <vTaskResetState+0x30>
    }

    xNumOfOverflows = ( BaseType_t ) 0;
    1bea:	4b0f      	ldr	r3, [pc, #60]	@ (1c28 <vTaskResetState+0x84>)
    1bec:	2200      	movs	r2, #0
    1bee:	601a      	str	r2, [r3, #0]
    uxTaskNumber = ( UBaseType_t ) 0U;
    1bf0:	4b0e      	ldr	r3, [pc, #56]	@ (1c2c <vTaskResetState+0x88>)
    1bf2:	2200      	movs	r2, #0
    1bf4:	601a      	str	r2, [r3, #0]
    xNextTaskUnblockTime = ( TickType_t ) 0U;
    1bf6:	4b0e      	ldr	r3, [pc, #56]	@ (1c30 <vTaskResetState+0x8c>)
    1bf8:	2200      	movs	r2, #0
    1bfa:	601a      	str	r2, [r3, #0]

    uxSchedulerSuspended = ( UBaseType_t ) 0U;
    1bfc:	4b0d      	ldr	r3, [pc, #52]	@ (1c34 <vTaskResetState+0x90>)
    1bfe:	2200      	movs	r2, #0
    1c00:	601a      	str	r2, [r3, #0]
            ulTaskSwitchedInTime[ xCoreID ] = 0U;
            ulTotalRunTime[ xCoreID ] = 0U;
        }
    }
    #endif /* #if ( configGENERATE_RUN_TIME_STATS == 1 ) */
}
    1c02:	bf00      	nop
    1c04:	370c      	adds	r7, #12
    1c06:	46bd      	mov	sp, r7
    1c08:	bc80      	pop	{r7}
    1c0a:	4770      	bx	lr
    1c0c:	20000008 	andcs	r0, r0, r8
    1c10:	200000b4 	strhcs	r0, [r0], -r4
    1c14:	200000b8 	strhcs	r0, [r0], -r8
    1c18:	200000bc 	strhcs	r0, [r0], -ip
    1c1c:	200000c0 	andcs	r0, r0, r0, asr #1
    1c20:	200000c4 	andcs	r0, r0, r4, asr #1
    1c24:	200000c8 	andcs	r0, r0, r8, asr #1
    1c28:	200000cc 	andcs	r0, r0, ip, asr #1
    1c2c:	200000d0 	ldrdcs	r0, [r0], -r0	@ <UNPREDICTABLE>
    1c30:	200000d4 	ldrdcs	r0, [r0], -r4
    1c34:	200000dc 	ldrdcs	r0, [r0], -ip

00001c38 <vListInitialise>:
/*-----------------------------------------------------------
* PUBLIC LIST API documented in list.h
*----------------------------------------------------------*/

void vListInitialise( List_t * const pxList )
{
    1c38:	b480      	push	{r7}
    1c3a:	b083      	sub	sp, #12
    1c3c:	af00      	add	r7, sp, #0
    1c3e:	6078      	str	r0, [r7, #4]
    traceENTER_vListInitialise( pxList );

    /* The list structure contains a list item which is used to mark the
     * end of the list.  To initialise the list the list end is inserted
     * as the only list entry. */
    pxList->pxIndex = ( ListItem_t * ) &( pxList->xListEnd );
    1c40:	687b      	ldr	r3, [r7, #4]
    1c42:	f103 0208 	add.w	r2, r3, #8
    1c46:	687b      	ldr	r3, [r7, #4]
    1c48:	605a      	str	r2, [r3, #4]

    listSET_FIRST_LIST_ITEM_INTEGRITY_CHECK_VALUE( &( pxList->xListEnd ) );

    /* The list end value is the highest possible value in the list to
     * ensure it remains at the end of the list. */
    pxList->xListEnd.xItemValue = portMAX_DELAY;
    1c4a:	687b      	ldr	r3, [r7, #4]
    1c4c:	f04f 32ff 	mov.w	r2, #4294967295
    1c50:	609a      	str	r2, [r3, #8]

    /* The list end next and previous pointers point to itself so we know
     * when the list is empty. */
    pxList->xListEnd.pxNext = ( ListItem_t * ) &( pxList->xListEnd );
    1c52:	687b      	ldr	r3, [r7, #4]
    1c54:	f103 0208 	add.w	r2, r3, #8
    1c58:	687b      	ldr	r3, [r7, #4]
    1c5a:	60da      	str	r2, [r3, #12]
    pxList->xListEnd.pxPrevious = ( ListItem_t * ) &( pxList->xListEnd );
    1c5c:	687b      	ldr	r3, [r7, #4]
    1c5e:	f103 0208 	add.w	r2, r3, #8
    1c62:	687b      	ldr	r3, [r7, #4]
    1c64:	611a      	str	r2, [r3, #16]
        pxList->xListEnd.pxContainer = NULL;
        listSET_SECOND_LIST_ITEM_INTEGRITY_CHECK_VALUE( &( pxList->xListEnd ) );
    }
    #endif

    pxList->uxNumberOfItems = ( UBaseType_t ) 0U;
    1c66:	687b      	ldr	r3, [r7, #4]
    1c68:	2200      	movs	r2, #0
    1c6a:	601a      	str	r2, [r3, #0]
     * configUSE_LIST_DATA_INTEGRITY_CHECK_BYTES is set to 1. */
    listSET_LIST_INTEGRITY_CHECK_1_VALUE( pxList );
    listSET_LIST_INTEGRITY_CHECK_2_VALUE( pxList );

    traceRETURN_vListInitialise();
}
    1c6c:	bf00      	nop
    1c6e:	370c      	adds	r7, #12
    1c70:	46bd      	mov	sp, r7
    1c72:	bc80      	pop	{r7}
    1c74:	4770      	bx	lr

00001c76 <vListInitialiseItem>:
/*-----------------------------------------------------------*/

void vListInitialiseItem( ListItem_t * const pxItem )
{
    1c76:	b480      	push	{r7}
    1c78:	b083      	sub	sp, #12
    1c7a:	af00      	add	r7, sp, #0
    1c7c:	6078      	str	r0, [r7, #4]
    traceENTER_vListInitialiseItem( pxItem );

    /* Make sure the list item is not recorded as being on a list. */
    pxItem->pxContainer = NULL;
    1c7e:	687b      	ldr	r3, [r7, #4]
    1c80:	2200      	movs	r2, #0
    1c82:	611a      	str	r2, [r3, #16]
     * configUSE_LIST_DATA_INTEGRITY_CHECK_BYTES is set to 1. */
    listSET_FIRST_LIST_ITEM_INTEGRITY_CHECK_VALUE( pxItem );
    listSET_SECOND_LIST_ITEM_INTEGRITY_CHECK_VALUE( pxItem );

    traceRETURN_vListInitialiseItem();
}
    1c84:	bf00      	nop
    1c86:	370c      	adds	r7, #12
    1c88:	46bd      	mov	sp, r7
    1c8a:	bc80      	pop	{r7}
    1c8c:	4770      	bx	lr

00001c8e <vListInsertEnd>:
/*-----------------------------------------------------------*/

void vListInsertEnd( List_t * const pxList,
                     ListItem_t * const pxNewListItem )
{
    1c8e:	b480      	push	{r7}
    1c90:	b085      	sub	sp, #20
    1c92:	af00      	add	r7, sp, #0
    1c94:	6078      	str	r0, [r7, #4]
    1c96:	6039      	str	r1, [r7, #0]
    ListItem_t * const pxIndex = pxList->pxIndex;
    1c98:	687b      	ldr	r3, [r7, #4]
    1c9a:	685b      	ldr	r3, [r3, #4]
    1c9c:	60fb      	str	r3, [r7, #12]
    listTEST_LIST_ITEM_INTEGRITY( pxNewListItem );

    /* Insert a new list item into pxList, but rather than sort the list,
     * makes the new list item the last item to be removed by a call to
     * listGET_OWNER_OF_NEXT_ENTRY(). */
    pxNewListItem->pxNext = pxIndex;
    1c9e:	683b      	ldr	r3, [r7, #0]
    1ca0:	68fa      	ldr	r2, [r7, #12]
    1ca2:	605a      	str	r2, [r3, #4]
    pxNewListItem->pxPrevious = pxIndex->pxPrevious;
    1ca4:	68fb      	ldr	r3, [r7, #12]
    1ca6:	689a      	ldr	r2, [r3, #8]
    1ca8:	683b      	ldr	r3, [r7, #0]
    1caa:	609a      	str	r2, [r3, #8]

    /* Only used during decision coverage testing. */
    mtCOVERAGE_TEST_DELAY();

    pxIndex->pxPrevious->pxNext = pxNewListItem;
    1cac:	68fb      	ldr	r3, [r7, #12]
    1cae:	689b      	ldr	r3, [r3, #8]
    1cb0:	683a      	ldr	r2, [r7, #0]
    1cb2:	605a      	str	r2, [r3, #4]
    pxIndex->pxPrevious = pxNewListItem;
    1cb4:	68fb      	ldr	r3, [r7, #12]
    1cb6:	683a      	ldr	r2, [r7, #0]
    1cb8:	609a      	str	r2, [r3, #8]

    /* Remember which list the item is in. */
    pxNewListItem->pxContainer = pxList;
    1cba:	683b      	ldr	r3, [r7, #0]
    1cbc:	687a      	ldr	r2, [r7, #4]
    1cbe:	611a      	str	r2, [r3, #16]

    ( pxList->uxNumberOfItems ) = ( UBaseType_t ) ( pxList->uxNumberOfItems + 1U );
    1cc0:	687b      	ldr	r3, [r7, #4]
    1cc2:	681b      	ldr	r3, [r3, #0]
    1cc4:	1c5a      	adds	r2, r3, #1
    1cc6:	687b      	ldr	r3, [r7, #4]
    1cc8:	601a      	str	r2, [r3, #0]

    traceRETURN_vListInsertEnd();
}
    1cca:	bf00      	nop
    1ccc:	3714      	adds	r7, #20
    1cce:	46bd      	mov	sp, r7
    1cd0:	bc80      	pop	{r7}
    1cd2:	4770      	bx	lr

00001cd4 <vListInsert>:
/*-----------------------------------------------------------*/

void vListInsert( List_t * const pxList,
                  ListItem_t * const pxNewListItem )
{
    1cd4:	b480      	push	{r7}
    1cd6:	b085      	sub	sp, #20
    1cd8:	af00      	add	r7, sp, #0
    1cda:	6078      	str	r0, [r7, #4]
    1cdc:	6039      	str	r1, [r7, #0]
    ListItem_t * pxIterator;
    const TickType_t xValueOfInsertion = pxNewListItem->xItemValue;
    1cde:	683b      	ldr	r3, [r7, #0]
    1ce0:	681b      	ldr	r3, [r3, #0]
    1ce2:	60bb      	str	r3, [r7, #8]
     * new list item should be placed after it.  This ensures that TCBs which are
     * stored in ready lists (all of which have the same xItemValue value) get a
     * share of the CPU.  However, if the xItemValue is the same as the back marker
     * the iteration loop below will not end.  Therefore the value is checked
     * first, and the algorithm slightly modified if necessary. */
    if( xValueOfInsertion == portMAX_DELAY )
    1ce4:	68bb      	ldr	r3, [r7, #8]
    1ce6:	f1b3 3fff 	cmp.w	r3, #4294967295
    1cea:	d103      	bne.n	1cf4 <vListInsert+0x20>
    {
        pxIterator = pxList->xListEnd.pxPrevious;
    1cec:	687b      	ldr	r3, [r7, #4]
    1cee:	691b      	ldr	r3, [r3, #16]
    1cf0:	60fb      	str	r3, [r7, #12]
    1cf2:	e00c      	b.n	1d0e <vListInsert+0x3a>
        *   5) If the FreeRTOS port supports interrupt nesting then ensure that
        *      the priority of the tick interrupt is at or below
        *      configMAX_SYSCALL_INTERRUPT_PRIORITY.
        **********************************************************************/

        for( pxIterator = ( ListItem_t * ) &( pxList->xListEnd ); pxIterator->pxNext->xItemValue <= xValueOfInsertion; pxIterator = pxIterator->pxNext )
    1cf4:	687b      	ldr	r3, [r7, #4]
    1cf6:	3308      	adds	r3, #8
    1cf8:	60fb      	str	r3, [r7, #12]
    1cfa:	e002      	b.n	1d02 <vListInsert+0x2e>
    1cfc:	68fb      	ldr	r3, [r7, #12]
    1cfe:	685b      	ldr	r3, [r3, #4]
    1d00:	60fb      	str	r3, [r7, #12]
    1d02:	68fb      	ldr	r3, [r7, #12]
    1d04:	685b      	ldr	r3, [r3, #4]
    1d06:	681b      	ldr	r3, [r3, #0]
    1d08:	68ba      	ldr	r2, [r7, #8]
    1d0a:	429a      	cmp	r2, r3
    1d0c:	d2f6      	bcs.n	1cfc <vListInsert+0x28>
             * IF YOU FIND YOUR CODE STUCK HERE, SEE THE NOTE JUST ABOVE.
             */
        }
    }

    pxNewListItem->pxNext = pxIterator->pxNext;
    1d0e:	68fb      	ldr	r3, [r7, #12]
    1d10:	685a      	ldr	r2, [r3, #4]
    1d12:	683b      	ldr	r3, [r7, #0]
    1d14:	605a      	str	r2, [r3, #4]
    pxNewListItem->pxNext->pxPrevious = pxNewListItem;
    1d16:	683b      	ldr	r3, [r7, #0]
    1d18:	685b      	ldr	r3, [r3, #4]
    1d1a:	683a      	ldr	r2, [r7, #0]
    1d1c:	609a      	str	r2, [r3, #8]
    pxNewListItem->pxPrevious = pxIterator;
    1d1e:	683b      	ldr	r3, [r7, #0]
    1d20:	68fa      	ldr	r2, [r7, #12]
    1d22:	609a      	str	r2, [r3, #8]
    pxIterator->pxNext = pxNewListItem;
    1d24:	68fb      	ldr	r3, [r7, #12]
    1d26:	683a      	ldr	r2, [r7, #0]
    1d28:	605a      	str	r2, [r3, #4]

    /* Remember which list the item is in.  This allows fast removal of the
     * item later. */
    pxNewListItem->pxContainer = pxList;
    1d2a:	683b      	ldr	r3, [r7, #0]
    1d2c:	687a      	ldr	r2, [r7, #4]
    1d2e:	611a      	str	r2, [r3, #16]

    ( pxList->uxNumberOfItems ) = ( UBaseType_t ) ( pxList->uxNumberOfItems + 1U );
    1d30:	687b      	ldr	r3, [r7, #4]
    1d32:	681b      	ldr	r3, [r3, #0]
    1d34:	1c5a      	adds	r2, r3, #1
    1d36:	687b      	ldr	r3, [r7, #4]
    1d38:	601a      	str	r2, [r3, #0]

    traceRETURN_vListInsert();
}
    1d3a:	bf00      	nop
    1d3c:	3714      	adds	r7, #20
    1d3e:	46bd      	mov	sp, r7
    1d40:	bc80      	pop	{r7}
    1d42:	4770      	bx	lr

00001d44 <uxListRemove>:
/*-----------------------------------------------------------*/


UBaseType_t uxListRemove( ListItem_t * const pxItemToRemove )
{
    1d44:	b480      	push	{r7}
    1d46:	b085      	sub	sp, #20
    1d48:	af00      	add	r7, sp, #0
    1d4a:	6078      	str	r0, [r7, #4]
    /* The list item knows which list it is in.  Obtain the list from the list
     * item. */
    List_t * const pxList = pxItemToRemove->pxContainer;
    1d4c:	687b      	ldr	r3, [r7, #4]
    1d4e:	691b      	ldr	r3, [r3, #16]
    1d50:	60fb      	str	r3, [r7, #12]

    traceENTER_uxListRemove( pxItemToRemove );

    pxItemToRemove->pxNext->pxPrevious = pxItemToRemove->pxPrevious;
    1d52:	687b      	ldr	r3, [r7, #4]
    1d54:	685b      	ldr	r3, [r3, #4]
    1d56:	687a      	ldr	r2, [r7, #4]
    1d58:	6892      	ldr	r2, [r2, #8]
    1d5a:	609a      	str	r2, [r3, #8]
    pxItemToRemove->pxPrevious->pxNext = pxItemToRemove->pxNext;
    1d5c:	687b      	ldr	r3, [r7, #4]
    1d5e:	689b      	ldr	r3, [r3, #8]
    1d60:	687a      	ldr	r2, [r7, #4]
    1d62:	6852      	ldr	r2, [r2, #4]
    1d64:	605a      	str	r2, [r3, #4]

    /* Only used during decision coverage testing. */
    mtCOVERAGE_TEST_DELAY();

    /* Make sure the index is left pointing to a valid item. */
    if( pxList->pxIndex == pxItemToRemove )
    1d66:	68fb      	ldr	r3, [r7, #12]
    1d68:	685b      	ldr	r3, [r3, #4]
    1d6a:	687a      	ldr	r2, [r7, #4]
    1d6c:	429a      	cmp	r2, r3
    1d6e:	d103      	bne.n	1d78 <uxListRemove+0x34>
    {
        pxList->pxIndex = pxItemToRemove->pxPrevious;
    1d70:	687b      	ldr	r3, [r7, #4]
    1d72:	689a      	ldr	r2, [r3, #8]
    1d74:	68fb      	ldr	r3, [r7, #12]
    1d76:	605a      	str	r2, [r3, #4]
    else
    {
        mtCOVERAGE_TEST_MARKER();
    }

    pxItemToRemove->pxContainer = NULL;
    1d78:	687b      	ldr	r3, [r7, #4]
    1d7a:	2200      	movs	r2, #0
    1d7c:	611a      	str	r2, [r3, #16]
    ( pxList->uxNumberOfItems ) = ( UBaseType_t ) ( pxList->uxNumberOfItems - 1U );
    1d7e:	68fb      	ldr	r3, [r7, #12]
    1d80:	681b      	ldr	r3, [r3, #0]
    1d82:	1e5a      	subs	r2, r3, #1
    1d84:	68fb      	ldr	r3, [r7, #12]
    1d86:	601a      	str	r2, [r3, #0]

    traceRETURN_uxListRemove( pxList->uxNumberOfItems );

    return pxList->uxNumberOfItems;
    1d88:	68fb      	ldr	r3, [r7, #12]
    1d8a:	681b      	ldr	r3, [r3, #0]
}
    1d8c:	4618      	mov	r0, r3
    1d8e:	3714      	adds	r7, #20
    1d90:	46bd      	mov	sp, r7
    1d92:	bc80      	pop	{r7}
    1d94:	4770      	bx	lr
	...

00001d98 <pvPortMalloc>:
PRIVILEGED_DATA static size_t xNumberOfSuccessfulFrees = ( size_t ) 0U;

/*-----------------------------------------------------------*/

void * pvPortMalloc( size_t xWantedSize )
{
    1d98:	b580      	push	{r7, lr}
    1d9a:	b088      	sub	sp, #32
    1d9c:	af00      	add	r7, sp, #0
    1d9e:	6078      	str	r0, [r7, #4]
    BlockLink_t * pxBlock;
    BlockLink_t * pxPreviousBlock;
    BlockLink_t * pxNewBlockLink;
    void * pvReturn = NULL;
    1da0:	2300      	movs	r3, #0
    1da2:	617b      	str	r3, [r7, #20]
    size_t xAdditionalRequiredSize;
    size_t xAllocatedBlockSize = 0;
    1da4:	2300      	movs	r3, #0
    1da6:	613b      	str	r3, [r7, #16]

    if( xWantedSize > 0 )
    1da8:	687b      	ldr	r3, [r7, #4]
    1daa:	2b00      	cmp	r3, #0
    1dac:	d022      	beq.n	1df4 <pvPortMalloc+0x5c>
    {
        /* The wanted size must be increased so it can contain a BlockLink_t
         * structure in addition to the requested amount of bytes. */
        if( heapADD_WILL_OVERFLOW( xWantedSize, xHeapStructSize ) == 0 )
    1dae:	2308      	movs	r3, #8
    1db0:	43db      	mvns	r3, r3
    1db2:	687a      	ldr	r2, [r7, #4]
    1db4:	429a      	cmp	r2, r3
    1db6:	d81b      	bhi.n	1df0 <pvPortMalloc+0x58>
        {
            xWantedSize += xHeapStructSize;
    1db8:	2208      	movs	r2, #8
    1dba:	687b      	ldr	r3, [r7, #4]
    1dbc:	4413      	add	r3, r2
    1dbe:	607b      	str	r3, [r7, #4]

            /* Ensure that blocks are always aligned to the required number
             * of bytes. */
            if( ( xWantedSize & portBYTE_ALIGNMENT_MASK ) != 0x00 )
    1dc0:	687b      	ldr	r3, [r7, #4]
    1dc2:	f003 0307 	and.w	r3, r3, #7
    1dc6:	2b00      	cmp	r3, #0
    1dc8:	d014      	beq.n	1df4 <pvPortMalloc+0x5c>
            {
                /* Byte alignment required. */
                xAdditionalRequiredSize = portBYTE_ALIGNMENT - ( xWantedSize & portBYTE_ALIGNMENT_MASK );
    1dca:	687b      	ldr	r3, [r7, #4]
    1dcc:	f003 0307 	and.w	r3, r3, #7
    1dd0:	f1c3 0308 	rsb	r3, r3, #8
    1dd4:	60fb      	str	r3, [r7, #12]

                if( heapADD_WILL_OVERFLOW( xWantedSize, xAdditionalRequiredSize ) == 0 )
    1dd6:	68fb      	ldr	r3, [r7, #12]
    1dd8:	43db      	mvns	r3, r3
    1dda:	687a      	ldr	r2, [r7, #4]
    1ddc:	429a      	cmp	r2, r3
    1dde:	d804      	bhi.n	1dea <pvPortMalloc+0x52>
                {
                    xWantedSize += xAdditionalRequiredSize;
    1de0:	687a      	ldr	r2, [r7, #4]
    1de2:	68fb      	ldr	r3, [r7, #12]
    1de4:	4413      	add	r3, r2
    1de6:	607b      	str	r3, [r7, #4]
    1de8:	e004      	b.n	1df4 <pvPortMalloc+0x5c>
                }
                else
                {
                    xWantedSize = 0;
    1dea:	2300      	movs	r3, #0
    1dec:	607b      	str	r3, [r7, #4]
    1dee:	e001      	b.n	1df4 <pvPortMalloc+0x5c>
                mtCOVERAGE_TEST_MARKER();
            }
        }
        else
        {
            xWantedSize = 0;
    1df0:	2300      	movs	r3, #0
    1df2:	607b      	str	r3, [r7, #4]
    else
    {
        mtCOVERAGE_TEST_MARKER();
    }

    vTaskSuspendAll();
    1df4:	f7fe fc9e 	bl	734 <vTaskSuspendAll>
    {
        /* If this is the first call to malloc then the heap will require
         * initialisation to setup the list of free blocks. */
        if( pxEnd == NULL )
    1df8:	4b3b      	ldr	r3, [pc, #236]	@ (1ee8 <pvPortMalloc+0x150>)
    1dfa:	681b      	ldr	r3, [r3, #0]
    1dfc:	2b00      	cmp	r3, #0
    1dfe:	d101      	bne.n	1e04 <pvPortMalloc+0x6c>
        {
            prvHeapInit();
    1e00:	f000 f90e 	bl	2020 <prvHeapInit>

        /* Check the block size we are trying to allocate is not so large that the
         * top bit is set.  The top bit of the block size member of the BlockLink_t
         * structure is used to determine who owns the block - the application or
         * the kernel, so it must be free. */
        if( heapBLOCK_SIZE_IS_VALID( xWantedSize ) != 0 )
    1e04:	687b      	ldr	r3, [r7, #4]
    1e06:	2b00      	cmp	r3, #0
    1e08:	db67      	blt.n	1eda <pvPortMalloc+0x142>
        {
            if( ( xWantedSize > 0 ) && ( xWantedSize <= xFreeBytesRemaining ) )
    1e0a:	687b      	ldr	r3, [r7, #4]
    1e0c:	2b00      	cmp	r3, #0
    1e0e:	d064      	beq.n	1eda <pvPortMalloc+0x142>
    1e10:	4b36      	ldr	r3, [pc, #216]	@ (1eec <pvPortMalloc+0x154>)
    1e12:	681b      	ldr	r3, [r3, #0]
    1e14:	687a      	ldr	r2, [r7, #4]
    1e16:	429a      	cmp	r2, r3
    1e18:	d85f      	bhi.n	1eda <pvPortMalloc+0x142>
            {
                /* Traverse the list from the start (lowest address) block until
                 * one of adequate size is found. */
                pxPreviousBlock = &xStart;
    1e1a:	4b35      	ldr	r3, [pc, #212]	@ (1ef0 <pvPortMalloc+0x158>)
    1e1c:	61bb      	str	r3, [r7, #24]
                pxBlock = heapPROTECT_BLOCK_POINTER( xStart.pxNextFreeBlock );
    1e1e:	4b34      	ldr	r3, [pc, #208]	@ (1ef0 <pvPortMalloc+0x158>)
    1e20:	681b      	ldr	r3, [r3, #0]
    1e22:	61fb      	str	r3, [r7, #28]
                heapVALIDATE_BLOCK_POINTER( pxBlock );

                while( ( pxBlock->xBlockSize < xWantedSize ) && ( pxBlock->pxNextFreeBlock != heapPROTECT_BLOCK_POINTER( NULL ) ) )
    1e24:	e004      	b.n	1e30 <pvPortMalloc+0x98>
                {
                    pxPreviousBlock = pxBlock;
    1e26:	69fb      	ldr	r3, [r7, #28]
    1e28:	61bb      	str	r3, [r7, #24]
                    pxBlock = heapPROTECT_BLOCK_POINTER( pxBlock->pxNextFreeBlock );
    1e2a:	69fb      	ldr	r3, [r7, #28]
    1e2c:	681b      	ldr	r3, [r3, #0]
    1e2e:	61fb      	str	r3, [r7, #28]
                while( ( pxBlock->xBlockSize < xWantedSize ) && ( pxBlock->pxNextFreeBlock != heapPROTECT_BLOCK_POINTER( NULL ) ) )
    1e30:	69fb      	ldr	r3, [r7, #28]
    1e32:	685b      	ldr	r3, [r3, #4]
    1e34:	687a      	ldr	r2, [r7, #4]
    1e36:	429a      	cmp	r2, r3
    1e38:	d903      	bls.n	1e42 <pvPortMalloc+0xaa>
    1e3a:	69fb      	ldr	r3, [r7, #28]
    1e3c:	681b      	ldr	r3, [r3, #0]
    1e3e:	2b00      	cmp	r3, #0
    1e40:	d1f1      	bne.n	1e26 <pvPortMalloc+0x8e>
                    heapVALIDATE_BLOCK_POINTER( pxBlock );
                }

                /* If the end marker was reached then a block of adequate size
                 * was not found. */
                if( pxBlock != pxEnd )
    1e42:	4b29      	ldr	r3, [pc, #164]	@ (1ee8 <pvPortMalloc+0x150>)
    1e44:	681b      	ldr	r3, [r3, #0]
    1e46:	69fa      	ldr	r2, [r7, #28]
    1e48:	429a      	cmp	r2, r3
    1e4a:	d046      	beq.n	1eda <pvPortMalloc+0x142>
                {
                    /* Return the memory space pointed to - jumping over the
                     * BlockLink_t structure at its start. */
                    pvReturn = ( void * ) ( ( ( uint8_t * ) heapPROTECT_BLOCK_POINTER( pxPreviousBlock->pxNextFreeBlock ) ) + xHeapStructSize );
    1e4c:	69bb      	ldr	r3, [r7, #24]
    1e4e:	681b      	ldr	r3, [r3, #0]
    1e50:	2208      	movs	r2, #8
    1e52:	4413      	add	r3, r2
    1e54:	617b      	str	r3, [r7, #20]
                    heapVALIDATE_BLOCK_POINTER( pvReturn );

                    /* This block is being returned for use so must be taken out
                     * of the list of free blocks. */
                    pxPreviousBlock->pxNextFreeBlock = pxBlock->pxNextFreeBlock;
    1e56:	69fb      	ldr	r3, [r7, #28]
    1e58:	681a      	ldr	r2, [r3, #0]
    1e5a:	69bb      	ldr	r3, [r7, #24]
    1e5c:	601a      	str	r2, [r3, #0]

                    /* If the block is larger than required it can be split into
                     * two. */
                    configASSERT( heapSUBTRACT_WILL_UNDERFLOW( pxBlock->xBlockSize, xWantedSize ) == 0 );

                    if( ( pxBlock->xBlockSize - xWantedSize ) > heapMINIMUM_BLOCK_SIZE )
    1e5e:	69fb      	ldr	r3, [r7, #28]
    1e60:	685a      	ldr	r2, [r3, #4]
    1e62:	687b      	ldr	r3, [r7, #4]
    1e64:	1ad2      	subs	r2, r2, r3
    1e66:	2308      	movs	r3, #8
    1e68:	005b      	lsls	r3, r3, #1
    1e6a:	429a      	cmp	r2, r3
    1e6c:	d913      	bls.n	1e96 <pvPortMalloc+0xfe>
                    {
                        /* This block is to be split into two.  Create a new
                         * block following the number of bytes requested. The void
                         * cast is used to prevent byte alignment warnings from the
                         * compiler. */
                        pxNewBlockLink = ( void * ) ( ( ( uint8_t * ) pxBlock ) + xWantedSize );
    1e6e:	69fa      	ldr	r2, [r7, #28]
    1e70:	687b      	ldr	r3, [r7, #4]
    1e72:	4413      	add	r3, r2
    1e74:	60bb      	str	r3, [r7, #8]
                        configASSERT( ( ( ( size_t ) pxNewBlockLink ) & portBYTE_ALIGNMENT_MASK ) == 0 );

                        /* Calculate the sizes of two blocks split from the
                         * single block. */
                        pxNewBlockLink->xBlockSize = pxBlock->xBlockSize - xWantedSize;
    1e76:	69fb      	ldr	r3, [r7, #28]
    1e78:	685a      	ldr	r2, [r3, #4]
    1e7a:	687b      	ldr	r3, [r7, #4]
    1e7c:	1ad2      	subs	r2, r2, r3
    1e7e:	68bb      	ldr	r3, [r7, #8]
    1e80:	605a      	str	r2, [r3, #4]
                        pxBlock->xBlockSize = xWantedSize;
    1e82:	69fb      	ldr	r3, [r7, #28]
    1e84:	687a      	ldr	r2, [r7, #4]
    1e86:	605a      	str	r2, [r3, #4]

                        /* Insert the new block into the list of free blocks. */
                        pxNewBlockLink->pxNextFreeBlock = pxPreviousBlock->pxNextFreeBlock;
    1e88:	69bb      	ldr	r3, [r7, #24]
    1e8a:	681a      	ldr	r2, [r3, #0]
    1e8c:	68bb      	ldr	r3, [r7, #8]
    1e8e:	601a      	str	r2, [r3, #0]
                        pxPreviousBlock->pxNextFreeBlock = heapPROTECT_BLOCK_POINTER( pxNewBlockLink );
    1e90:	69bb      	ldr	r3, [r7, #24]
    1e92:	68ba      	ldr	r2, [r7, #8]
    1e94:	601a      	str	r2, [r3, #0]
                    else
                    {
                        mtCOVERAGE_TEST_MARKER();
                    }

                    xFreeBytesRemaining -= pxBlock->xBlockSize;
    1e96:	4b15      	ldr	r3, [pc, #84]	@ (1eec <pvPortMalloc+0x154>)
    1e98:	681a      	ldr	r2, [r3, #0]
    1e9a:	69fb      	ldr	r3, [r7, #28]
    1e9c:	685b      	ldr	r3, [r3, #4]
    1e9e:	1ad3      	subs	r3, r2, r3
    1ea0:	4a12      	ldr	r2, [pc, #72]	@ (1eec <pvPortMalloc+0x154>)
    1ea2:	6013      	str	r3, [r2, #0]

                    if( xFreeBytesRemaining < xMinimumEverFreeBytesRemaining )
    1ea4:	4b11      	ldr	r3, [pc, #68]	@ (1eec <pvPortMalloc+0x154>)
    1ea6:	681a      	ldr	r2, [r3, #0]
    1ea8:	4b12      	ldr	r3, [pc, #72]	@ (1ef4 <pvPortMalloc+0x15c>)
    1eaa:	681b      	ldr	r3, [r3, #0]
    1eac:	429a      	cmp	r2, r3
    1eae:	d203      	bcs.n	1eb8 <pvPortMalloc+0x120>
                    {
                        xMinimumEverFreeBytesRemaining = xFreeBytesRemaining;
    1eb0:	4b0e      	ldr	r3, [pc, #56]	@ (1eec <pvPortMalloc+0x154>)
    1eb2:	681b      	ldr	r3, [r3, #0]
    1eb4:	4a0f      	ldr	r2, [pc, #60]	@ (1ef4 <pvPortMalloc+0x15c>)
    1eb6:	6013      	str	r3, [r2, #0]
                    else
                    {
                        mtCOVERAGE_TEST_MARKER();
                    }

                    xAllocatedBlockSize = pxBlock->xBlockSize;
    1eb8:	69fb      	ldr	r3, [r7, #28]
    1eba:	685b      	ldr	r3, [r3, #4]
    1ebc:	613b      	str	r3, [r7, #16]

                    /* The block is being returned - it is allocated and owned
                     * by the application and has no "next" block. */
                    heapALLOCATE_BLOCK( pxBlock );
    1ebe:	69fb      	ldr	r3, [r7, #28]
    1ec0:	685b      	ldr	r3, [r3, #4]
    1ec2:	f043 4200 	orr.w	r2, r3, #2147483648	@ 0x80000000
    1ec6:	69fb      	ldr	r3, [r7, #28]
    1ec8:	605a      	str	r2, [r3, #4]
                    pxBlock->pxNextFreeBlock = heapPROTECT_BLOCK_POINTER( NULL );
    1eca:	69fb      	ldr	r3, [r7, #28]
    1ecc:	2200      	movs	r2, #0
    1ece:	601a      	str	r2, [r3, #0]
                    xNumberOfSuccessfulAllocations++;
    1ed0:	4b09      	ldr	r3, [pc, #36]	@ (1ef8 <pvPortMalloc+0x160>)
    1ed2:	681b      	ldr	r3, [r3, #0]
    1ed4:	3301      	adds	r3, #1
    1ed6:	4a08      	ldr	r2, [pc, #32]	@ (1ef8 <pvPortMalloc+0x160>)
    1ed8:	6013      	str	r3, [r2, #0]
        traceMALLOC( pvReturn, xAllocatedBlockSize );

        /* Prevent compiler warnings when trace macros are not used. */
        ( void ) xAllocatedBlockSize;
    }
    ( void ) xTaskResumeAll();
    1eda:	f7fe fc39 	bl	750 <xTaskResumeAll>
        }
    }
    #endif /* if ( configUSE_MALLOC_FAILED_HOOK == 1 ) */

    configASSERT( ( ( ( size_t ) pvReturn ) & ( size_t ) portBYTE_ALIGNMENT_MASK ) == 0 );
    return pvReturn;
    1ede:	697b      	ldr	r3, [r7, #20]
}
    1ee0:	4618      	mov	r0, r3
    1ee2:	3720      	adds	r7, #32
    1ee4:	46bd      	mov	sp, r7
    1ee6:	bd80      	pop	{r7, pc}
    1ee8:	200010e8 	andcs	r1, r0, r8, ror #1
    1eec:	200010ec 	andcs	r1, r0, ip, ror #1
    1ef0:	200010e0 	andcs	r1, r0, r0, ror #1
    1ef4:	200010f0 	strdcs	r1, [r0], -r0
    1ef8:	200010f4 	strdcs	r1, [r0], -r4

00001efc <vPortFree>:
/*-----------------------------------------------------------*/

void vPortFree( void * pv )
{
    1efc:	b580      	push	{r7, lr}
    1efe:	b084      	sub	sp, #16
    1f00:	af00      	add	r7, sp, #0
    1f02:	6078      	str	r0, [r7, #4]
    uint8_t * puc = ( uint8_t * ) pv;
    1f04:	687b      	ldr	r3, [r7, #4]
    1f06:	60fb      	str	r3, [r7, #12]
    BlockLink_t * pxLink;

    if( pv != NULL )
    1f08:	687b      	ldr	r3, [r7, #4]
    1f0a:	2b00      	cmp	r3, #0
    1f0c:	d027      	beq.n	1f5e <vPortFree+0x62>
    {
        /* The memory being freed will have an BlockLink_t structure immediately
         * before it. */
        puc -= xHeapStructSize;
    1f0e:	2308      	movs	r3, #8
    1f10:	425b      	negs	r3, r3
    1f12:	68fa      	ldr	r2, [r7, #12]
    1f14:	4413      	add	r3, r2
    1f16:	60fb      	str	r3, [r7, #12]

        /* This casting is to keep the compiler from issuing warnings. */
        pxLink = ( void * ) puc;
    1f18:	68fb      	ldr	r3, [r7, #12]
    1f1a:	60bb      	str	r3, [r7, #8]

        heapVALIDATE_BLOCK_POINTER( pxLink );
        configASSERT( heapBLOCK_IS_ALLOCATED( pxLink ) != 0 );
        configASSERT( pxLink->pxNextFreeBlock == heapPROTECT_BLOCK_POINTER( NULL ) );

        if( heapBLOCK_IS_ALLOCATED( pxLink ) != 0 )
    1f1c:	68bb      	ldr	r3, [r7, #8]
    1f1e:	685b      	ldr	r3, [r3, #4]
    1f20:	2b00      	cmp	r3, #0
    1f22:	da1c      	bge.n	1f5e <vPortFree+0x62>
        {
            if( pxLink->pxNextFreeBlock == heapPROTECT_BLOCK_POINTER( NULL ) )
    1f24:	68bb      	ldr	r3, [r7, #8]
    1f26:	681b      	ldr	r3, [r3, #0]
    1f28:	2b00      	cmp	r3, #0
    1f2a:	d118      	bne.n	1f5e <vPortFree+0x62>
            {
                /* The block is being returned to the heap - it is no longer
                 * allocated. */
                heapFREE_BLOCK( pxLink );
    1f2c:	68bb      	ldr	r3, [r7, #8]
    1f2e:	685b      	ldr	r3, [r3, #4]
    1f30:	f023 4200 	bic.w	r2, r3, #2147483648	@ 0x80000000
    1f34:	68bb      	ldr	r3, [r7, #8]
    1f36:	605a      	str	r2, [r3, #4]
                        ( void ) memset( puc + xHeapStructSize, 0, pxLink->xBlockSize - xHeapStructSize );
                    }
                }
                #endif

                vTaskSuspendAll();
    1f38:	f7fe fbfc 	bl	734 <vTaskSuspendAll>
                {
                    /* Add this block to the list of free blocks. */
                    xFreeBytesRemaining += pxLink->xBlockSize;
    1f3c:	68bb      	ldr	r3, [r7, #8]
    1f3e:	685a      	ldr	r2, [r3, #4]
    1f40:	4b09      	ldr	r3, [pc, #36]	@ (1f68 <vPortFree+0x6c>)
    1f42:	681b      	ldr	r3, [r3, #0]
    1f44:	4413      	add	r3, r2
    1f46:	4a08      	ldr	r2, [pc, #32]	@ (1f68 <vPortFree+0x6c>)
    1f48:	6013      	str	r3, [r2, #0]
                    traceFREE( pv, pxLink->xBlockSize );
                    prvInsertBlockIntoFreeList( ( ( BlockLink_t * ) pxLink ) );
    1f4a:	68b8      	ldr	r0, [r7, #8]
    1f4c:	f000 f8c2 	bl	20d4 <prvInsertBlockIntoFreeList>
                    xNumberOfSuccessfulFrees++;
    1f50:	4b06      	ldr	r3, [pc, #24]	@ (1f6c <vPortFree+0x70>)
    1f52:	681b      	ldr	r3, [r3, #0]
    1f54:	3301      	adds	r3, #1
    1f56:	4a05      	ldr	r2, [pc, #20]	@ (1f6c <vPortFree+0x70>)
    1f58:	6013      	str	r3, [r2, #0]
                }
                ( void ) xTaskResumeAll();
    1f5a:	f7fe fbf9 	bl	750 <xTaskResumeAll>
        else
        {
            mtCOVERAGE_TEST_MARKER();
        }
    }
}
    1f5e:	bf00      	nop
    1f60:	3710      	adds	r7, #16
    1f62:	46bd      	mov	sp, r7
    1f64:	bd80      	pop	{r7, pc}
    1f66:	bf00      	nop
    1f68:	200010ec 	andcs	r1, r0, ip, ror #1
    1f6c:	200010f8 	strdcs	r1, [r0], -r8

00001f70 <xPortGetFreeHeapSize>:
/*-----------------------------------------------------------*/

size_t xPortGetFreeHeapSize( void )
{
    1f70:	b480      	push	{r7}
    1f72:	af00      	add	r7, sp, #0
    return xFreeBytesRemaining;
    1f74:	4b02      	ldr	r3, [pc, #8]	@ (1f80 <xPortGetFreeHeapSize+0x10>)
    1f76:	681b      	ldr	r3, [r3, #0]
}
    1f78:	4618      	mov	r0, r3
    1f7a:	46bd      	mov	sp, r7
    1f7c:	bc80      	pop	{r7}
    1f7e:	4770      	bx	lr
    1f80:	200010ec 	andcs	r1, r0, ip, ror #1

00001f84 <xPortGetMinimumEverFreeHeapSize>:
/*-----------------------------------------------------------*/

size_t xPortGetMinimumEverFreeHeapSize( void )
{
    1f84:	b480      	push	{r7}
    1f86:	af00      	add	r7, sp, #0
    return xMinimumEverFreeBytesRemaining;
    1f88:	4b02      	ldr	r3, [pc, #8]	@ (1f94 <xPortGetMinimumEverFreeHeapSize+0x10>)
    1f8a:	681b      	ldr	r3, [r3, #0]
}
    1f8c:	4618      	mov	r0, r3
    1f8e:	46bd      	mov	sp, r7
    1f90:	bc80      	pop	{r7}
    1f92:	4770      	bx	lr
    1f94:	200010f0 	strdcs	r1, [r0], -r0

00001f98 <xPortResetHeapMinimumEverFreeHeapSize>:
/*-----------------------------------------------------------*/

void xPortResetHeapMinimumEverFreeHeapSize( void )
{
    1f98:	b480      	push	{r7}
    1f9a:	af00      	add	r7, sp, #0
    xMinimumEverFreeBytesRemaining = xFreeBytesRemaining;
    1f9c:	4b03      	ldr	r3, [pc, #12]	@ (1fac <xPortResetHeapMinimumEverFreeHeapSize+0x14>)
    1f9e:	681b      	ldr	r3, [r3, #0]
    1fa0:	4a03      	ldr	r2, [pc, #12]	@ (1fb0 <xPortResetHeapMinimumEverFreeHeapSize+0x18>)
    1fa2:	6013      	str	r3, [r2, #0]
}
    1fa4:	bf00      	nop
    1fa6:	46bd      	mov	sp, r7
    1fa8:	bc80      	pop	{r7}
    1faa:	4770      	bx	lr
    1fac:	200010ec 	andcs	r1, r0, ip, ror #1
    1fb0:	200010f0 	strdcs	r1, [r0], -r0

00001fb4 <vPortInitialiseBlocks>:
/*-----------------------------------------------------------*/

void vPortInitialiseBlocks( void )
{
    1fb4:	b480      	push	{r7}
    1fb6:	af00      	add	r7, sp, #0
    /* This just exists to keep the linker quiet. */
}
    1fb8:	bf00      	nop
    1fba:	46bd      	mov	sp, r7
    1fbc:	bc80      	pop	{r7}
    1fbe:	4770      	bx	lr

00001fc0 <pvPortCalloc>:
/*-----------------------------------------------------------*/

void * pvPortCalloc( size_t xNum,
                     size_t xSize )
{
    1fc0:	b580      	push	{r7, lr}
    1fc2:	b084      	sub	sp, #16
    1fc4:	af00      	add	r7, sp, #0
    1fc6:	6078      	str	r0, [r7, #4]
    1fc8:	6039      	str	r1, [r7, #0]
    void * pv = NULL;
    1fca:	2300      	movs	r3, #0
    1fcc:	60fb      	str	r3, [r7, #12]

    if( heapMULTIPLY_WILL_OVERFLOW( xNum, xSize ) == 0 )
    1fce:	687b      	ldr	r3, [r7, #4]
    1fd0:	2b00      	cmp	r3, #0
    1fd2:	d009      	beq.n	1fe8 <pvPortCalloc+0x28>
    1fd4:	f04f 32ff 	mov.w	r2, #4294967295
    1fd8:	687b      	ldr	r3, [r7, #4]
    1fda:	fbb2 f3f3 	udiv	r3, r2, r3
    1fde:	683a      	ldr	r2, [r7, #0]
    1fe0:	429a      	cmp	r2, r3
    1fe2:	d901      	bls.n	1fe8 <pvPortCalloc+0x28>
    1fe4:	2301      	movs	r3, #1
    1fe6:	e000      	b.n	1fea <pvPortCalloc+0x2a>
    1fe8:	2300      	movs	r3, #0
    1fea:	2b00      	cmp	r3, #0
    1fec:	d113      	bne.n	2016 <pvPortCalloc+0x56>
    {
        pv = pvPortMalloc( xNum * xSize );
    1fee:	687b      	ldr	r3, [r7, #4]
    1ff0:	683a      	ldr	r2, [r7, #0]
    1ff2:	fb02 f303 	mul.w	r3, r2, r3
    1ff6:	4618      	mov	r0, r3
    1ff8:	f7ff fece 	bl	1d98 <pvPortMalloc>
    1ffc:	60f8      	str	r0, [r7, #12]

        if( pv != NULL )
    1ffe:	68fb      	ldr	r3, [r7, #12]
    2000:	2b00      	cmp	r3, #0
    2002:	d008      	beq.n	2016 <pvPortCalloc+0x56>
        {
            ( void ) memset( pv, 0, xNum * xSize );
    2004:	687b      	ldr	r3, [r7, #4]
    2006:	683a      	ldr	r2, [r7, #0]
    2008:	fb02 f303 	mul.w	r3, r2, r3
    200c:	461a      	mov	r2, r3
    200e:	2100      	movs	r1, #0
    2010:	68f8      	ldr	r0, [r7, #12]
    2012:	f7fe f971 	bl	2f8 <memset>
        }
    }

    return pv;
    2016:	68fb      	ldr	r3, [r7, #12]
}
    2018:	4618      	mov	r0, r3
    201a:	3710      	adds	r7, #16
    201c:	46bd      	mov	sp, r7
    201e:	bd80      	pop	{r7, pc}

00002020 <prvHeapInit>:
/*-----------------------------------------------------------*/

static void prvHeapInit( void ) /* PRIVILEGED_FUNCTION */
{
    2020:	b480      	push	{r7}
    2022:	b085      	sub	sp, #20
    2024:	af00      	add	r7, sp, #0
    BlockLink_t * pxFirstFreeBlock;
    portPOINTER_SIZE_TYPE uxStartAddress, uxEndAddress;
    size_t xTotalHeapSize = configTOTAL_HEAP_SIZE;
    2026:	f44f 5380 	mov.w	r3, #4096	@ 0x1000
    202a:	60bb      	str	r3, [r7, #8]

    /* Ensure the heap starts on a correctly aligned boundary. */
    uxStartAddress = ( portPOINTER_SIZE_TYPE ) ucHeap;
    202c:	4b24      	ldr	r3, [pc, #144]	@ (20c0 <prvHeapInit+0xa0>)
    202e:	60fb      	str	r3, [r7, #12]

    if( ( uxStartAddress & portBYTE_ALIGNMENT_MASK ) != 0 )
    2030:	68fb      	ldr	r3, [r7, #12]
    2032:	f003 0307 	and.w	r3, r3, #7
    2036:	2b00      	cmp	r3, #0
    2038:	d00c      	beq.n	2054 <prvHeapInit+0x34>
    {
        uxStartAddress += ( portBYTE_ALIGNMENT - 1 );
    203a:	68fb      	ldr	r3, [r7, #12]
    203c:	3307      	adds	r3, #7
    203e:	60fb      	str	r3, [r7, #12]
        uxStartAddress &= ~( ( portPOINTER_SIZE_TYPE ) portBYTE_ALIGNMENT_MASK );
    2040:	68fb      	ldr	r3, [r7, #12]
    2042:	f023 0307 	bic.w	r3, r3, #7
    2046:	60fb      	str	r3, [r7, #12]
        xTotalHeapSize -= ( size_t ) ( uxStartAddress - ( portPOINTER_SIZE_TYPE ) ucHeap );
    2048:	68ba      	ldr	r2, [r7, #8]
    204a:	68fb      	ldr	r3, [r7, #12]
    204c:	1ad3      	subs	r3, r2, r3
    204e:	4a1c      	ldr	r2, [pc, #112]	@ (20c0 <prvHeapInit+0xa0>)
    2050:	4413      	add	r3, r2
    2052:	60bb      	str	r3, [r7, #8]
    }
    #endif

    /* xStart is used to hold a pointer to the first item in the list of free
     * blocks.  The void cast is used to prevent compiler warnings. */
    xStart.pxNextFreeBlock = ( void * ) heapPROTECT_BLOCK_POINTER( uxStartAddress );
    2054:	68fb      	ldr	r3, [r7, #12]
    2056:	4a1b      	ldr	r2, [pc, #108]	@ (20c4 <prvHeapInit+0xa4>)
    2058:	6013      	str	r3, [r2, #0]
    xStart.xBlockSize = ( size_t ) 0;
    205a:	4b1a      	ldr	r3, [pc, #104]	@ (20c4 <prvHeapInit+0xa4>)
    205c:	2200      	movs	r2, #0
    205e:	605a      	str	r2, [r3, #4]

    /* pxEnd is used to mark the end of the list of free blocks and is inserted
     * at the end of the heap space. */
    uxEndAddress = uxStartAddress + ( portPOINTER_SIZE_TYPE ) xTotalHeapSize;
    2060:	68fa      	ldr	r2, [r7, #12]
    2062:	68bb      	ldr	r3, [r7, #8]
    2064:	4413      	add	r3, r2
    2066:	607b      	str	r3, [r7, #4]
    uxEndAddress -= ( portPOINTER_SIZE_TYPE ) xHeapStructSize;
    2068:	2208      	movs	r2, #8
    206a:	687b      	ldr	r3, [r7, #4]
    206c:	1a9b      	subs	r3, r3, r2
    206e:	607b      	str	r3, [r7, #4]
    uxEndAddress &= ~( ( portPOINTER_SIZE_TYPE ) portBYTE_ALIGNMENT_MASK );
    2070:	687b      	ldr	r3, [r7, #4]
    2072:	f023 0307 	bic.w	r3, r3, #7
    2076:	607b      	str	r3, [r7, #4]
    pxEnd = ( BlockLink_t * ) uxEndAddress;
    2078:	687b      	ldr	r3, [r7, #4]
    207a:	4a13      	ldr	r2, [pc, #76]	@ (20c8 <prvHeapInit+0xa8>)
    207c:	6013      	str	r3, [r2, #0]
    pxEnd->xBlockSize = 0;
    207e:	4b12      	ldr	r3, [pc, #72]	@ (20c8 <prvHeapInit+0xa8>)
    2080:	681b      	ldr	r3, [r3, #0]
    2082:	2200      	movs	r2, #0
    2084:	605a      	str	r2, [r3, #4]
    pxEnd->pxNextFreeBlock = heapPROTECT_BLOCK_POINTER( NULL );
    2086:	4b10      	ldr	r3, [pc, #64]	@ (20c8 <prvHeapInit+0xa8>)
    2088:	681b      	ldr	r3, [r3, #0]
    208a:	2200      	movs	r2, #0
    208c:	601a      	str	r2, [r3, #0]

    /* To start with there is a single free block that is sized to take up the
     * entire heap space, minus the space taken by pxEnd. */
    pxFirstFreeBlock = ( BlockLink_t * ) uxStartAddress;
    208e:	68fb      	ldr	r3, [r7, #12]
    2090:	603b      	str	r3, [r7, #0]
    pxFirstFreeBlock->xBlockSize = ( size_t ) ( uxEndAddress - ( portPOINTER_SIZE_TYPE ) pxFirstFreeBlock );
    2092:	683b      	ldr	r3, [r7, #0]
    2094:	687a      	ldr	r2, [r7, #4]
    2096:	1ad2      	subs	r2, r2, r3
    2098:	683b      	ldr	r3, [r7, #0]
    209a:	605a      	str	r2, [r3, #4]
    pxFirstFreeBlock->pxNextFreeBlock = heapPROTECT_BLOCK_POINTER( pxEnd );
    209c:	4b0a      	ldr	r3, [pc, #40]	@ (20c8 <prvHeapInit+0xa8>)
    209e:	681a      	ldr	r2, [r3, #0]
    20a0:	683b      	ldr	r3, [r7, #0]
    20a2:	601a      	str	r2, [r3, #0]

    /* Only one block exists - and it covers the entire usable heap space. */
    xMinimumEverFreeBytesRemaining = pxFirstFreeBlock->xBlockSize;
    20a4:	683b      	ldr	r3, [r7, #0]
    20a6:	685b      	ldr	r3, [r3, #4]
    20a8:	4a08      	ldr	r2, [pc, #32]	@ (20cc <prvHeapInit+0xac>)
    20aa:	6013      	str	r3, [r2, #0]
    xFreeBytesRemaining = pxFirstFreeBlock->xBlockSize;
    20ac:	683b      	ldr	r3, [r7, #0]
    20ae:	685b      	ldr	r3, [r3, #4]
    20b0:	4a07      	ldr	r2, [pc, #28]	@ (20d0 <prvHeapInit+0xb0>)
    20b2:	6013      	str	r3, [r2, #0]
}
    20b4:	bf00      	nop
    20b6:	3714      	adds	r7, #20
    20b8:	46bd      	mov	sp, r7
    20ba:	bc80      	pop	{r7}
    20bc:	4770      	bx	lr
    20be:	bf00      	nop
    20c0:	200000e0 	andcs	r0, r0, r0, ror #1
    20c4:	200010e0 	andcs	r1, r0, r0, ror #1
    20c8:	200010e8 	andcs	r1, r0, r8, ror #1
    20cc:	200010f0 	strdcs	r1, [r0], -r0
    20d0:	200010ec 	andcs	r1, r0, ip, ror #1

000020d4 <prvInsertBlockIntoFreeList>:
/*-----------------------------------------------------------*/

static void prvInsertBlockIntoFreeList( BlockLink_t * pxBlockToInsert ) /* PRIVILEGED_FUNCTION */
{
    20d4:	b480      	push	{r7}
    20d6:	b085      	sub	sp, #20
    20d8:	af00      	add	r7, sp, #0
    20da:	6078      	str	r0, [r7, #4]
    BlockLink_t * pxIterator;
    uint8_t * puc;

    /* Iterate through the list until a block is found that has a higher address
     * than the block being inserted. */
    for( pxIterator = &xStart; heapPROTECT_BLOCK_POINTER( pxIterator->pxNextFreeBlock ) < pxBlockToInsert; pxIterator = heapPROTECT_BLOCK_POINTER( pxIterator->pxNextFreeBlock ) )
    20dc:	4b27      	ldr	r3, [pc, #156]	@ (217c <prvInsertBlockIntoFreeList+0xa8>)
    20de:	60fb      	str	r3, [r7, #12]
    20e0:	e002      	b.n	20e8 <prvInsertBlockIntoFreeList+0x14>
    20e2:	68fb      	ldr	r3, [r7, #12]
    20e4:	681b      	ldr	r3, [r3, #0]
    20e6:	60fb      	str	r3, [r7, #12]
    20e8:	68fb      	ldr	r3, [r7, #12]
    20ea:	681b      	ldr	r3, [r3, #0]
    20ec:	687a      	ldr	r2, [r7, #4]
    20ee:	429a      	cmp	r2, r3
    20f0:	d8f7      	bhi.n	20e2 <prvInsertBlockIntoFreeList+0xe>
        heapVALIDATE_BLOCK_POINTER( pxIterator );
    }

    /* Do the block being inserted, and the block it is being inserted after
     * make a contiguous block of memory? */
    puc = ( uint8_t * ) pxIterator;
    20f2:	68fb      	ldr	r3, [r7, #12]
    20f4:	60bb      	str	r3, [r7, #8]

    if( ( puc + pxIterator->xBlockSize ) == ( uint8_t * ) pxBlockToInsert )
    20f6:	68fb      	ldr	r3, [r7, #12]
    20f8:	685b      	ldr	r3, [r3, #4]
    20fa:	68ba      	ldr	r2, [r7, #8]
    20fc:	4413      	add	r3, r2
    20fe:	687a      	ldr	r2, [r7, #4]
    2100:	429a      	cmp	r2, r3
    2102:	d108      	bne.n	2116 <prvInsertBlockIntoFreeList+0x42>
    {
        pxIterator->xBlockSize += pxBlockToInsert->xBlockSize;
    2104:	68fb      	ldr	r3, [r7, #12]
    2106:	685a      	ldr	r2, [r3, #4]
    2108:	687b      	ldr	r3, [r7, #4]
    210a:	685b      	ldr	r3, [r3, #4]
    210c:	441a      	add	r2, r3
    210e:	68fb      	ldr	r3, [r7, #12]
    2110:	605a      	str	r2, [r3, #4]
        pxBlockToInsert = pxIterator;
    2112:	68fb      	ldr	r3, [r7, #12]
    2114:	607b      	str	r3, [r7, #4]
        mtCOVERAGE_TEST_MARKER();
    }

    /* Do the block being inserted, and the block it is being inserted before
     * make a contiguous block of memory? */
    puc = ( uint8_t * ) pxBlockToInsert;
    2116:	687b      	ldr	r3, [r7, #4]
    2118:	60bb      	str	r3, [r7, #8]

    if( ( puc + pxBlockToInsert->xBlockSize ) == ( uint8_t * ) heapPROTECT_BLOCK_POINTER( pxIterator->pxNextFreeBlock ) )
    211a:	687b      	ldr	r3, [r7, #4]
    211c:	685b      	ldr	r3, [r3, #4]
    211e:	68ba      	ldr	r2, [r7, #8]
    2120:	441a      	add	r2, r3
    2122:	68fb      	ldr	r3, [r7, #12]
    2124:	681b      	ldr	r3, [r3, #0]
    2126:	429a      	cmp	r2, r3
    2128:	d118      	bne.n	215c <prvInsertBlockIntoFreeList+0x88>
    {
        if( heapPROTECT_BLOCK_POINTER( pxIterator->pxNextFreeBlock ) != pxEnd )
    212a:	68fb      	ldr	r3, [r7, #12]
    212c:	681a      	ldr	r2, [r3, #0]
    212e:	4b14      	ldr	r3, [pc, #80]	@ (2180 <prvInsertBlockIntoFreeList+0xac>)
    2130:	681b      	ldr	r3, [r3, #0]
    2132:	429a      	cmp	r2, r3
    2134:	d00d      	beq.n	2152 <prvInsertBlockIntoFreeList+0x7e>
        {
            /* Form one big block from the two blocks. */
            pxBlockToInsert->xBlockSize += heapPROTECT_BLOCK_POINTER( pxIterator->pxNextFreeBlock )->xBlockSize;
    2136:	687b      	ldr	r3, [r7, #4]
    2138:	685a      	ldr	r2, [r3, #4]
    213a:	68fb      	ldr	r3, [r7, #12]
    213c:	681b      	ldr	r3, [r3, #0]
    213e:	685b      	ldr	r3, [r3, #4]
    2140:	441a      	add	r2, r3
    2142:	687b      	ldr	r3, [r7, #4]
    2144:	605a      	str	r2, [r3, #4]
            pxBlockToInsert->pxNextFreeBlock = heapPROTECT_BLOCK_POINTER( pxIterator->pxNextFreeBlock )->pxNextFreeBlock;
    2146:	68fb      	ldr	r3, [r7, #12]
    2148:	681b      	ldr	r3, [r3, #0]
    214a:	681a      	ldr	r2, [r3, #0]
    214c:	687b      	ldr	r3, [r7, #4]
    214e:	601a      	str	r2, [r3, #0]
    2150:	e008      	b.n	2164 <prvInsertBlockIntoFreeList+0x90>
        }
        else
        {
            pxBlockToInsert->pxNextFreeBlock = heapPROTECT_BLOCK_POINTER( pxEnd );
    2152:	4b0b      	ldr	r3, [pc, #44]	@ (2180 <prvInsertBlockIntoFreeList+0xac>)
    2154:	681a      	ldr	r2, [r3, #0]
    2156:	687b      	ldr	r3, [r7, #4]
    2158:	601a      	str	r2, [r3, #0]
    215a:	e003      	b.n	2164 <prvInsertBlockIntoFreeList+0x90>
        }
    }
    else
    {
        pxBlockToInsert->pxNextFreeBlock = pxIterator->pxNextFreeBlock;
    215c:	68fb      	ldr	r3, [r7, #12]
    215e:	681a      	ldr	r2, [r3, #0]
    2160:	687b      	ldr	r3, [r7, #4]
    2162:	601a      	str	r2, [r3, #0]

    /* If the block being inserted plugged a gap, so was merged with the block
     * before and the block after, then it's pxNextFreeBlock pointer will have
     * already been set, and should not be set here as that would make it point
     * to itself. */
    if( pxIterator != pxBlockToInsert )
    2164:	68fa      	ldr	r2, [r7, #12]
    2166:	687b      	ldr	r3, [r7, #4]
    2168:	429a      	cmp	r2, r3
    216a:	d002      	beq.n	2172 <prvInsertBlockIntoFreeList+0x9e>
    {
        pxIterator->pxNextFreeBlock = heapPROTECT_BLOCK_POINTER( pxBlockToInsert );
    216c:	68fb      	ldr	r3, [r7, #12]
    216e:	687a      	ldr	r2, [r7, #4]
    2170:	601a      	str	r2, [r3, #0]
    }
    else
    {
        mtCOVERAGE_TEST_MARKER();
    }
}
    2172:	bf00      	nop
    2174:	3714      	adds	r7, #20
    2176:	46bd      	mov	sp, r7
    2178:	bc80      	pop	{r7}
    217a:	4770      	bx	lr
    217c:	200010e0 	andcs	r1, r0, r0, ror #1
    2180:	200010e8 	andcs	r1, r0, r8, ror #1

00002184 <vPortGetHeapStats>:
/*-----------------------------------------------------------*/

void vPortGetHeapStats( HeapStats_t * pxHeapStats )
{
    2184:	b580      	push	{r7, lr}
    2186:	b086      	sub	sp, #24
    2188:	af00      	add	r7, sp, #0
    218a:	6078      	str	r0, [r7, #4]
    BlockLink_t * pxBlock;
    size_t xBlocks = 0, xMaxSize = 0, xMinSize = SIZE_MAX;
    218c:	2300      	movs	r3, #0
    218e:	613b      	str	r3, [r7, #16]
    2190:	2300      	movs	r3, #0
    2192:	60fb      	str	r3, [r7, #12]
    2194:	f04f 33ff 	mov.w	r3, #4294967295
    2198:	60bb      	str	r3, [r7, #8]

    vTaskSuspendAll();
    219a:	f7fe facb 	bl	734 <vTaskSuspendAll>
    {
        pxBlock = heapPROTECT_BLOCK_POINTER( xStart.pxNextFreeBlock );
    219e:	4b22      	ldr	r3, [pc, #136]	@ (2228 <vPortGetHeapStats+0xa4>)
    21a0:	681b      	ldr	r3, [r3, #0]
    21a2:	617b      	str	r3, [r7, #20]

        /* pxBlock will be NULL if the heap has not been initialised.  The heap
         * is initialised automatically when the first allocation is made. */
        if( pxBlock != NULL )
    21a4:	697b      	ldr	r3, [r7, #20]
    21a6:	2b00      	cmp	r3, #0
    21a8:	d01b      	beq.n	21e2 <vPortGetHeapStats+0x5e>
        {
            while( pxBlock != pxEnd )
    21aa:	e015      	b.n	21d8 <vPortGetHeapStats+0x54>
            {
                /* Increment the number of blocks and record the largest block seen
                 * so far. */
                xBlocks++;
    21ac:	693b      	ldr	r3, [r7, #16]
    21ae:	3301      	adds	r3, #1
    21b0:	613b      	str	r3, [r7, #16]

                if( pxBlock->xBlockSize > xMaxSize )
    21b2:	697b      	ldr	r3, [r7, #20]
    21b4:	685b      	ldr	r3, [r3, #4]
    21b6:	68fa      	ldr	r2, [r7, #12]
    21b8:	429a      	cmp	r2, r3
    21ba:	d202      	bcs.n	21c2 <vPortGetHeapStats+0x3e>
                {
                    xMaxSize = pxBlock->xBlockSize;
    21bc:	697b      	ldr	r3, [r7, #20]
    21be:	685b      	ldr	r3, [r3, #4]
    21c0:	60fb      	str	r3, [r7, #12]
                }

                if( pxBlock->xBlockSize < xMinSize )
    21c2:	697b      	ldr	r3, [r7, #20]
    21c4:	685b      	ldr	r3, [r3, #4]
    21c6:	68ba      	ldr	r2, [r7, #8]
    21c8:	429a      	cmp	r2, r3
    21ca:	d902      	bls.n	21d2 <vPortGetHeapStats+0x4e>
                {
                    xMinSize = pxBlock->xBlockSize;
    21cc:	697b      	ldr	r3, [r7, #20]
    21ce:	685b      	ldr	r3, [r3, #4]
    21d0:	60bb      	str	r3, [r7, #8]
                }

                /* Move to the next block in the chain until the last block is
                 * reached. */
                pxBlock = heapPROTECT_BLOCK_POINTER( pxBlock->pxNextFreeBlock );
    21d2:	697b      	ldr	r3, [r7, #20]
    21d4:	681b      	ldr	r3, [r3, #0]
    21d6:	617b      	str	r3, [r7, #20]
            while( pxBlock != pxEnd )
    21d8:	4b14      	ldr	r3, [pc, #80]	@ (222c <vPortGetHeapStats+0xa8>)
    21da:	681b      	ldr	r3, [r3, #0]
    21dc:	697a      	ldr	r2, [r7, #20]
    21de:	429a      	cmp	r2, r3
    21e0:	d1e4      	bne.n	21ac <vPortGetHeapStats+0x28>
            }
        }
    }
    ( void ) xTaskResumeAll();
    21e2:	f7fe fab5 	bl	750 <xTaskResumeAll>

    pxHeapStats->xSizeOfLargestFreeBlockInBytes = xMaxSize;
    21e6:	687b      	ldr	r3, [r7, #4]
    21e8:	68fa      	ldr	r2, [r7, #12]
    21ea:	605a      	str	r2, [r3, #4]
    pxHeapStats->xSizeOfSmallestFreeBlockInBytes = xMinSize;
    21ec:	687b      	ldr	r3, [r7, #4]
    21ee:	68ba      	ldr	r2, [r7, #8]
    21f0:	609a      	str	r2, [r3, #8]
    pxHeapStats->xNumberOfFreeBlocks = xBlocks;
    21f2:	687b      	ldr	r3, [r7, #4]
    21f4:	693a      	ldr	r2, [r7, #16]
    21f6:	60da      	str	r2, [r3, #12]

    taskENTER_CRITICAL();
    21f8:	f000 f8de 	bl	23b8 <vPortEnterCritical>
    {
        pxHeapStats->xAvailableHeapSpaceInBytes = xFreeBytesRemaining;
    21fc:	4b0c      	ldr	r3, [pc, #48]	@ (2230 <vPortGetHeapStats+0xac>)
    21fe:	681a      	ldr	r2, [r3, #0]
    2200:	687b      	ldr	r3, [r7, #4]
    2202:	601a      	str	r2, [r3, #0]
        pxHeapStats->xNumberOfSuccessfulAllocations = xNumberOfSuccessfulAllocations;
    2204:	4b0b      	ldr	r3, [pc, #44]	@ (2234 <vPortGetHeapStats+0xb0>)
    2206:	681a      	ldr	r2, [r3, #0]
    2208:	687b      	ldr	r3, [r7, #4]
    220a:	615a      	str	r2, [r3, #20]
        pxHeapStats->xNumberOfSuccessfulFrees = xNumberOfSuccessfulFrees;
    220c:	4b0a      	ldr	r3, [pc, #40]	@ (2238 <vPortGetHeapStats+0xb4>)
    220e:	681a      	ldr	r2, [r3, #0]
    2210:	687b      	ldr	r3, [r7, #4]
    2212:	619a      	str	r2, [r3, #24]
        pxHeapStats->xMinimumEverFreeBytesRemaining = xMinimumEverFreeBytesRemaining;
    2214:	4b09      	ldr	r3, [pc, #36]	@ (223c <vPortGetHeapStats+0xb8>)
    2216:	681a      	ldr	r2, [r3, #0]
    2218:	687b      	ldr	r3, [r7, #4]
    221a:	611a      	str	r2, [r3, #16]
    }
    taskEXIT_CRITICAL();
    221c:	f000 f8e6 	bl	23ec <vPortExitCritical>
}
    2220:	bf00      	nop
    2222:	3718      	adds	r7, #24
    2224:	46bd      	mov	sp, r7
    2226:	bd80      	pop	{r7, pc}
    2228:	200010e0 	andcs	r1, r0, r0, ror #1
    222c:	200010e8 	andcs	r1, r0, r8, ror #1
    2230:	200010ec 	andcs	r1, r0, ip, ror #1
    2234:	200010f4 	strdcs	r1, [r0], -r4
    2238:	200010f8 	strdcs	r1, [r0], -r8
    223c:	200010f0 	strdcs	r1, [r0], -r0

00002240 <vPortHeapResetState>:
 * Reset the state in this file. This state is normally initialized at start up.
 * This function must be called by the application before restarting the
 * scheduler.
 */
void vPortHeapResetState( void )
{
    2240:	b480      	push	{r7}
    2242:	af00      	add	r7, sp, #0
    pxEnd = NULL;
    2244:	4b09      	ldr	r3, [pc, #36]	@ (226c <vPortHeapResetState+0x2c>)
    2246:	2200      	movs	r2, #0
    2248:	601a      	str	r2, [r3, #0]

    xFreeBytesRemaining = ( size_t ) 0U;
    224a:	4b09      	ldr	r3, [pc, #36]	@ (2270 <vPortHeapResetState+0x30>)
    224c:	2200      	movs	r2, #0
    224e:	601a      	str	r2, [r3, #0]
    xMinimumEverFreeBytesRemaining = ( size_t ) 0U;
    2250:	4b08      	ldr	r3, [pc, #32]	@ (2274 <vPortHeapResetState+0x34>)
    2252:	2200      	movs	r2, #0
    2254:	601a      	str	r2, [r3, #0]
    xNumberOfSuccessfulAllocations = ( size_t ) 0U;
    2256:	4b08      	ldr	r3, [pc, #32]	@ (2278 <vPortHeapResetState+0x38>)
    2258:	2200      	movs	r2, #0
    225a:	601a      	str	r2, [r3, #0]
    xNumberOfSuccessfulFrees = ( size_t ) 0U;
    225c:	4b07      	ldr	r3, [pc, #28]	@ (227c <vPortHeapResetState+0x3c>)
    225e:	2200      	movs	r2, #0
    2260:	601a      	str	r2, [r3, #0]
}
    2262:	bf00      	nop
    2264:	46bd      	mov	sp, r7
    2266:	bc80      	pop	{r7}
    2268:	4770      	bx	lr
    226a:	bf00      	nop
    226c:	200010e8 	andcs	r1, r0, r8, ror #1
    2270:	200010ec 	andcs	r1, r0, ip, ror #1
    2274:	200010f0 	strdcs	r1, [r0], -r0
    2278:	200010f4 	strdcs	r1, [r0], -r4
    227c:	200010f8 	strdcs	r1, [r0], -r8

00002280 <pxPortInitialiseStack>:
 * See header file for description.
 */
StackType_t * pxPortInitialiseStack( StackType_t * pxTopOfStack,
                                     TaskFunction_t pxCode,
                                     void * pvParameters )
{
    2280:	b480      	push	{r7}
    2282:	b085      	sub	sp, #20
    2284:	af00      	add	r7, sp, #0
    2286:	60f8      	str	r0, [r7, #12]
    2288:	60b9      	str	r1, [r7, #8]
    228a:	607a      	str	r2, [r7, #4]
    /* Simulate the stack frame as it would be created by a context switch
     * interrupt. */
    pxTopOfStack--;                                                      /* Offset added to account for the way the MCU uses the stack on entry/exit of interrupts. */
    228c:	68fb      	ldr	r3, [r7, #12]
    228e:	3b04      	subs	r3, #4
    2290:	60fb      	str	r3, [r7, #12]
    *pxTopOfStack = portINITIAL_XPSR;                                    /* xPSR */
    2292:	68fb      	ldr	r3, [r7, #12]
    2294:	f04f 7280 	mov.w	r2, #16777216	@ 0x1000000
    2298:	601a      	str	r2, [r3, #0]
    pxTopOfStack--;
    229a:	68fb      	ldr	r3, [r7, #12]
    229c:	3b04      	subs	r3, #4
    229e:	60fb      	str	r3, [r7, #12]
    *pxTopOfStack = ( ( StackType_t ) pxCode ) & portSTART_ADDRESS_MASK; /* PC */
    22a0:	68bb      	ldr	r3, [r7, #8]
    22a2:	f023 0201 	bic.w	r2, r3, #1
    22a6:	68fb      	ldr	r3, [r7, #12]
    22a8:	601a      	str	r2, [r3, #0]
    pxTopOfStack--;
    22aa:	68fb      	ldr	r3, [r7, #12]
    22ac:	3b04      	subs	r3, #4
    22ae:	60fb      	str	r3, [r7, #12]
    *pxTopOfStack = ( StackType_t ) portTASK_RETURN_ADDRESS;             /* LR */
    22b0:	4a08      	ldr	r2, [pc, #32]	@ (22d4 <pxPortInitialiseStack+0x54>)
    22b2:	68fb      	ldr	r3, [r7, #12]
    22b4:	601a      	str	r2, [r3, #0]
    pxTopOfStack -= 5;                                                   /* R12, R3, R2 and R1. */
    22b6:	68fb      	ldr	r3, [r7, #12]
    22b8:	3b14      	subs	r3, #20
    22ba:	60fb      	str	r3, [r7, #12]
    *pxTopOfStack = ( StackType_t ) pvParameters;                        /* R0 */
    22bc:	687a      	ldr	r2, [r7, #4]
    22be:	68fb      	ldr	r3, [r7, #12]
    22c0:	601a      	str	r2, [r3, #0]
    pxTopOfStack -= 8;                                                   /* R11, R10, R9, R8, R7, R6, R5 and R4. */
    22c2:	68fb      	ldr	r3, [r7, #12]
    22c4:	3b20      	subs	r3, #32
    22c6:	60fb      	str	r3, [r7, #12]

    return pxTopOfStack;
    22c8:	68fb      	ldr	r3, [r7, #12]
}
    22ca:	4618      	mov	r0, r3
    22cc:	3714      	adds	r7, #20
    22ce:	46bd      	mov	sp, r7
    22d0:	bc80      	pop	{r7}
    22d2:	4770      	bx	lr
    22d4:	000022d9 	ldrdeq	r2, [r0], -r9

000022d8 <prvTaskExitError>:
/*-----------------------------------------------------------*/

static void prvTaskExitError( void )
{
    22d8:	b480      	push	{r7}
    22da:	b083      	sub	sp, #12
    22dc:	af00      	add	r7, sp, #0
    volatile uint32_t ulDummy = 0UL;
    22de:	2300      	movs	r3, #0
    22e0:	603b      	str	r3, [r7, #0]
    __asm volatile
    22e2:	f04f 0301 	mov.w	r3, #1
    22e6:	f383 8811 	msr	BASEPRI, r3
    22ea:	f3bf 8f6f 	isb	sy
    22ee:	f3bf 8f4f 	dsb	sy
    22f2:	607b      	str	r3, [r7, #4]
}
    22f4:	bf00      	nop
     * Artificially force an assert() to be triggered if configASSERT() is
     * defined, then stop here so application writers can catch the error. */
    configASSERT( uxCriticalNesting == ~0UL );
    portDISABLE_INTERRUPTS();

    while( ulDummy == 0 )
    22f6:	bf00      	nop
    22f8:	683b      	ldr	r3, [r7, #0]
    22fa:	2b00      	cmp	r3, #0
    22fc:	d0fc      	beq.n	22f8 <prvTaskExitError+0x20>
         * about code appearing after this function is called - making ulDummy
         * volatile makes the compiler think the function could return and
         * therefore not output an 'unreachable code' warning for code that appears
         * after it. */
    }
}
    22fe:	bf00      	nop
    2300:	bf00      	nop
    2302:	370c      	adds	r7, #12
    2304:	46bd      	mov	sp, r7
    2306:	bc80      	pop	{r7}
    2308:	4770      	bx	lr

0000230a <vPortSVCHandler>:
/*-----------------------------------------------------------*/

void vPortSVCHandler( void )
{
    __asm volatile (
    230a:	4b08      	ldr	r3, [pc, #32]	@ (232c <vPortSVCHandler+0x22>)
    230c:	6819      	ldr	r1, [r3, #0]
    230e:	6808      	ldr	r0, [r1, #0]
    2310:	e8b0 0ff0 	ldmia.w	r0!, {r4, r5, r6, r7, r8, r9, sl, fp}
    2314:	f380 8809 	msr	PSP, r0
    2318:	f3bf 8f6f 	isb	sy
    231c:	f04f 0000 	mov.w	r0, #0
    2320:	f380 8811 	msr	BASEPRI, r0
    2324:	f04e 0e0d 	orr.w	lr, lr, #13
    2328:	4770      	bx	lr
    232a:	00080000 	andeq	r0, r8, r0
    232e:	bf002000 	svclt	0x00002000

00002332 <prvPortStartFirstTask>:
}
/*-----------------------------------------------------------*/

static void prvPortStartFirstTask( void )
{
    __asm volatile (
    2332:	4806      	ldr	r0, [pc, #24]	@ (234c <prvPortStartFirstTask+0x1a>)
    2334:	6800      	ldr	r0, [r0, #0]
    2336:	6800      	ldr	r0, [r0, #0]
    2338:	f380 8808 	msr	MSP, r0
    233c:	b662      	cpsie	i
    233e:	b661      	cpsie	f
    2340:	f3bf 8f4f 	dsb	sy
    2344:	f3bf 8f6f 	isb	sy
    2348:	df00      	svc	0
    234a:	bf00      	nop
    234c:	e000ed08 	and	lr, r0, r8, lsl #26
        " isb                   \n"
        " svc 0                 \n" /* System call to start first task. */
        " nop                   \n"
        " .ltorg                \n"
        );
}
    2350:	bf00      	nop

00002352 <xPortStartScheduler>:

/*
 * See header file for description.
 */
BaseType_t xPortStartScheduler( void )
{
    2352:	b580      	push	{r7, lr}
    2354:	b082      	sub	sp, #8
    2356:	af00      	add	r7, sp, #0
     * configCHECK_HANDLER_INSTALLATION to 0 in their FreeRTOSConfig.h. Direct
     * routing, which is validated here when configCHECK_HANDLER_INSTALLATION
     * is 1, should be preferred when possible. */
    #if ( configCHECK_HANDLER_INSTALLATION == 1 )
    {
        const portISR_t * const pxVectorTable = portSCB_VTOR_REG;
    2358:	4b10      	ldr	r3, [pc, #64]	@ (239c <xPortStartScheduler+0x4a>)
    235a:	681b      	ldr	r3, [r3, #0]
    235c:	607b      	str	r3, [r7, #4]
    }
    #endif /* configASSERT_DEFINED */

    /* Make PendSV and SysTick the lowest priority interrupts, and make SVCall
     * the highest priority. */
    portNVIC_SHPR3_REG |= portNVIC_PENDSV_PRI;
    235e:	4b10      	ldr	r3, [pc, #64]	@ (23a0 <xPortStartScheduler+0x4e>)
    2360:	681b      	ldr	r3, [r3, #0]
    2362:	4a0f      	ldr	r2, [pc, #60]	@ (23a0 <xPortStartScheduler+0x4e>)
    2364:	f443 037f 	orr.w	r3, r3, #16711680	@ 0xff0000
    2368:	6013      	str	r3, [r2, #0]
    portNVIC_SHPR3_REG |= portNVIC_SYSTICK_PRI;
    236a:	4b0d      	ldr	r3, [pc, #52]	@ (23a0 <xPortStartScheduler+0x4e>)
    236c:	681b      	ldr	r3, [r3, #0]
    236e:	4a0c      	ldr	r2, [pc, #48]	@ (23a0 <xPortStartScheduler+0x4e>)
    2370:	f043 437f 	orr.w	r3, r3, #4278190080	@ 0xff000000
    2374:	6013      	str	r3, [r2, #0]
    portNVIC_SHPR2_REG = 0;
    2376:	4b0b      	ldr	r3, [pc, #44]	@ (23a4 <xPortStartScheduler+0x52>)
    2378:	2200      	movs	r2, #0
    237a:	601a      	str	r2, [r3, #0]

    /* Start the timer that generates the tick ISR.  Interrupts are disabled
     * here already. */
    vPortSetupTimerInterrupt();
    237c:	f000 f896 	bl	24ac <vPortSetupTimerInterrupt>

    /* Initialise the critical nesting count ready for the first task. */
    uxCriticalNesting = 0;
    2380:	4b09      	ldr	r3, [pc, #36]	@ (23a8 <xPortStartScheduler+0x56>)
    2382:	2200      	movs	r2, #0
    2384:	601a      	str	r2, [r3, #0]

    /* Start the first task. */
    prvPortStartFirstTask();
    2386:	f7ff ffd4 	bl	2332 <prvPortStartFirstTask>
     * exit error function to prevent compiler warnings about a static function
     * not being called in the case that the application writer overrides this
     * functionality by defining configTASK_RETURN_ADDRESS.  Call
     * vTaskSwitchContext() so link time optimisation does not remove the
     * symbol. */
    vTaskSwitchContext();
    238a:	f7fe fc39 	bl	c00 <vTaskSwitchContext>
    prvTaskExitError();
    238e:	f7ff ffa3 	bl	22d8 <prvTaskExitError>

    /* Should not get here! */
    return 0;
    2392:	2300      	movs	r3, #0
}
    2394:	4618      	mov	r0, r3
    2396:	3708      	adds	r7, #8
    2398:	46bd      	mov	sp, r7
    239a:	bd80      	pop	{r7, pc}
    239c:	e000ed08 	and	lr, r0, r8, lsl #26
    23a0:	e000ed20 	and	lr, r0, r0, lsr #26
    23a4:	e000ed1c 	and	lr, r0, ip, lsl sp
    23a8:	00003170 	andeq	r3, r0, r0, ror r1

000023ac <vPortEndScheduler>:
/*-----------------------------------------------------------*/

void vPortEndScheduler( void )
{
    23ac:	b480      	push	{r7}
    23ae:	af00      	add	r7, sp, #0
    /* Not implemented in ports where there is nothing to return to.
     * Artificially force an assert. */
    configASSERT( uxCriticalNesting == 1000UL );
}
    23b0:	bf00      	nop
    23b2:	46bd      	mov	sp, r7
    23b4:	bc80      	pop	{r7}
    23b6:	4770      	bx	lr

000023b8 <vPortEnterCritical>:
/*-----------------------------------------------------------*/

void vPortEnterCritical( void )
{
    23b8:	b480      	push	{r7}
    23ba:	b083      	sub	sp, #12
    23bc:	af00      	add	r7, sp, #0
    __asm volatile
    23be:	f04f 0301 	mov.w	r3, #1
    23c2:	f383 8811 	msr	BASEPRI, r3
    23c6:	f3bf 8f6f 	isb	sy
    23ca:	f3bf 8f4f 	dsb	sy
    23ce:	607b      	str	r3, [r7, #4]
}
    23d0:	bf00      	nop
    portDISABLE_INTERRUPTS();
    uxCriticalNesting++;
    23d2:	4b05      	ldr	r3, [pc, #20]	@ (23e8 <vPortEnterCritical+0x30>)
    23d4:	681b      	ldr	r3, [r3, #0]
    23d6:	3301      	adds	r3, #1
    23d8:	4a03      	ldr	r2, [pc, #12]	@ (23e8 <vPortEnterCritical+0x30>)
    23da:	6013      	str	r3, [r2, #0]
     * assert function also uses a critical section. */
    if( uxCriticalNesting == 1 )
    {
        configASSERT( ( portNVIC_INT_CTRL_REG & portVECTACTIVE_MASK ) == 0 );
    }
}
    23dc:	bf00      	nop
    23de:	370c      	adds	r7, #12
    23e0:	46bd      	mov	sp, r7
    23e2:	bc80      	pop	{r7}
    23e4:	4770      	bx	lr
    23e6:	bf00      	nop
    23e8:	00003170 	andeq	r3, r0, r0, ror r1

000023ec <vPortExitCritical>:
/*-----------------------------------------------------------*/

void vPortExitCritical( void )
{
    23ec:	b480      	push	{r7}
    23ee:	b083      	sub	sp, #12
    23f0:	af00      	add	r7, sp, #0
    configASSERT( uxCriticalNesting );
    uxCriticalNesting--;
    23f2:	4b0a      	ldr	r3, [pc, #40]	@ (241c <vPortExitCritical+0x30>)
    23f4:	681b      	ldr	r3, [r3, #0]
    23f6:	3b01      	subs	r3, #1
    23f8:	4a08      	ldr	r2, [pc, #32]	@ (241c <vPortExitCritical+0x30>)
    23fa:	6013      	str	r3, [r2, #0]

    if( uxCriticalNesting == 0 )
    23fc:	4b07      	ldr	r3, [pc, #28]	@ (241c <vPortExitCritical+0x30>)
    23fe:	681b      	ldr	r3, [r3, #0]
    2400:	2b00      	cmp	r3, #0
    2402:	d105      	bne.n	2410 <vPortExitCritical+0x24>
    2404:	2300      	movs	r3, #0
    2406:	607b      	str	r3, [r7, #4]
    __asm volatile
    2408:	687b      	ldr	r3, [r7, #4]
    240a:	f383 8811 	msr	BASEPRI, r3
}
    240e:	bf00      	nop
    {
        portENABLE_INTERRUPTS();
    }
}
    2410:	bf00      	nop
    2412:	370c      	adds	r7, #12
    2414:	46bd      	mov	sp, r7
    2416:	bc80      	pop	{r7}
    2418:	4770      	bx	lr
    241a:	bf00      	nop
    241c:	00003170 	andeq	r3, r0, r0, ror r1

00002420 <xPortPendSVHandler>:

void xPortPendSVHandler( void )
{
    /* This is a naked function. */

    __asm volatile
    2420:	f3ef 8009 	mrs	r0, PSP
    2424:	f3bf 8f6f 	isb	sy
    2428:	4b0d      	ldr	r3, [pc, #52]	@ (2460 <xPortPendSVHandler+0x40>)
    242a:	681a      	ldr	r2, [r3, #0]
    242c:	e920 0ff0 	stmdb	r0!, {r4, r5, r6, r7, r8, r9, sl, fp}
    2430:	6010      	str	r0, [r2, #0]
    2432:	b508      	push	{r3, lr}
    2434:	f04f 0001 	mov.w	r0, #1
    2438:	f380 8811 	msr	BASEPRI, r0
    243c:	f7fe fbe0 	bl	c00 <vTaskSwitchContext>
    2440:	f04f 0000 	mov.w	r0, #0
    2444:	f380 8811 	msr	BASEPRI, r0
    2448:	e8bd 4008 	ldmia.w	sp!, {r3, lr}
    244c:	6819      	ldr	r1, [r3, #0]
    244e:	6808      	ldr	r0, [r1, #0]
    2450:	e8b0 0ff0 	ldmia.w	r0!, {r4, r5, r6, r7, r8, r9, sl, fp}
    2454:	f380 8809 	msr	PSP, r0
    2458:	f3bf 8f6f 	isb	sy
    245c:	4770      	bx	lr
    245e:	00080000 	andeq	r0, r8, r0
    2462:	bf002000 	svclt	0x00002000

00002466 <xPortSysTickHandler>:
    );
}
/*-----------------------------------------------------------*/

void xPortSysTickHandler( void )
{
    2466:	b580      	push	{r7, lr}
    2468:	b082      	sub	sp, #8
    246a:	af00      	add	r7, sp, #0
    __asm volatile
    246c:	f04f 0301 	mov.w	r3, #1
    2470:	f383 8811 	msr	BASEPRI, r3
    2474:	f3bf 8f6f 	isb	sy
    2478:	f3bf 8f4f 	dsb	sy
    247c:	607b      	str	r3, [r7, #4]
}
    247e:	bf00      	nop
     * known. */
    portDISABLE_INTERRUPTS();
    traceISR_ENTER();
    {
        /* Increment the RTOS tick. */
        if( xTaskIncrementTick() != pdFALSE )
    2480:	f7fe fab6 	bl	9f0 <xTaskIncrementTick>
    2484:	4603      	mov	r3, r0
    2486:	2b00      	cmp	r3, #0
    2488:	d003      	beq.n	2492 <xPortSysTickHandler+0x2c>
        {
            traceISR_EXIT_TO_SCHEDULER();

            /* A context switch is required.  Context switching is performed in
             * the PendSV interrupt.  Pend the PendSV interrupt. */
            portNVIC_INT_CTRL_REG = portNVIC_PENDSVSET_BIT;
    248a:	4b07      	ldr	r3, [pc, #28]	@ (24a8 <xPortSysTickHandler+0x42>)
    248c:	f04f 5280 	mov.w	r2, #268435456	@ 0x10000000
    2490:	601a      	str	r2, [r3, #0]
    2492:	2300      	movs	r3, #0
    2494:	603b      	str	r3, [r7, #0]
    __asm volatile
    2496:	683b      	ldr	r3, [r7, #0]
    2498:	f383 8811 	msr	BASEPRI, r3
}
    249c:	bf00      	nop
        {
            traceISR_EXIT();
        }
    }
    portENABLE_INTERRUPTS();
}
    249e:	bf00      	nop
    24a0:	3708      	adds	r7, #8
    24a2:	46bd      	mov	sp, r7
    24a4:	bd80      	pop	{r7, pc}
    24a6:	bf00      	nop
    24a8:	e000ed04 	and	lr, r0, r4, lsl #26

000024ac <vPortSetupTimerInterrupt>:
/*
 * Setup the systick timer to generate the tick interrupts at the required
 * frequency.
 */
__attribute__( ( weak ) ) void vPortSetupTimerInterrupt( void )
{
    24ac:	b480      	push	{r7}
    24ae:	af00      	add	r7, sp, #0
        ulStoppedTimerCompensation = portMISSED_COUNTS_FACTOR / ( configCPU_CLOCK_HZ / configSYSTICK_CLOCK_HZ );
    }
    #endif /* configUSE_TICKLESS_IDLE */

    /* Stop and clear the SysTick. */
    portNVIC_SYSTICK_CTRL_REG = 0UL;
    24b0:	4b07      	ldr	r3, [pc, #28]	@ (24d0 <vPortSetupTimerInterrupt+0x24>)
    24b2:	2200      	movs	r2, #0
    24b4:	601a      	str	r2, [r3, #0]
    portNVIC_SYSTICK_CURRENT_VALUE_REG = 0UL;
    24b6:	4b07      	ldr	r3, [pc, #28]	@ (24d4 <vPortSetupTimerInterrupt+0x28>)
    24b8:	2200      	movs	r2, #0
    24ba:	601a      	str	r2, [r3, #0]

    /* Configure SysTick to interrupt at the requested rate. */
    portNVIC_SYSTICK_LOAD_REG = ( configSYSTICK_CLOCK_HZ / configTICK_RATE_HZ ) - 1UL;
    24bc:	4b06      	ldr	r3, [pc, #24]	@ (24d8 <vPortSetupTimerInterrupt+0x2c>)
    24be:	4a07      	ldr	r2, [pc, #28]	@ (24dc <vPortSetupTimerInterrupt+0x30>)
    24c0:	601a      	str	r2, [r3, #0]
    portNVIC_SYSTICK_CTRL_REG = ( portNVIC_SYSTICK_CLK_BIT_CONFIG | portNVIC_SYSTICK_INT_BIT | portNVIC_SYSTICK_ENABLE_BIT );
    24c2:	4b03      	ldr	r3, [pc, #12]	@ (24d0 <vPortSetupTimerInterrupt+0x24>)
    24c4:	2207      	movs	r2, #7
    24c6:	601a      	str	r2, [r3, #0]
}
    24c8:	bf00      	nop
    24ca:	46bd      	mov	sp, r7
    24cc:	bc80      	pop	{r7}
    24ce:	4770      	bx	lr
    24d0:	e000e010 	and	lr, r0, r0, lsl r0
    24d4:	e000e018 	and	lr, r0, r8, lsl r0
    24d8:	e000e014 	and	lr, r0, r4, lsl r0
    24dc:	000c34ff 	strdeq	r3, [ip], -pc	@ <UNPREDICTABLE>

000024e0 <xQueueGenericReset>:
    } while( 0 )
/*-----------------------------------------------------------*/

BaseType_t xQueueGenericReset( QueueHandle_t xQueue,
                               BaseType_t xNewQueue )
{
    24e0:	b580      	push	{r7, lr}
    24e2:	b084      	sub	sp, #16
    24e4:	af00      	add	r7, sp, #0
    24e6:	6078      	str	r0, [r7, #4]
    24e8:	6039      	str	r1, [r7, #0]
    BaseType_t xReturn = pdPASS;
    24ea:	2301      	movs	r3, #1
    24ec:	60fb      	str	r3, [r7, #12]
    Queue_t * const pxQueue = xQueue;
    24ee:	687b      	ldr	r3, [r7, #4]
    24f0:	60bb      	str	r3, [r7, #8]

    traceENTER_xQueueGenericReset( xQueue, xNewQueue );

    configASSERT( pxQueue );

    if( ( pxQueue != NULL ) &&
    24f2:	68bb      	ldr	r3, [r7, #8]
    24f4:	2b00      	cmp	r3, #0
    24f6:	d05d      	beq.n	25b4 <xQueueGenericReset+0xd4>
        ( pxQueue->uxLength >= 1U ) &&
    24f8:	68bb      	ldr	r3, [r7, #8]
    24fa:	6bdb      	ldr	r3, [r3, #60]	@ 0x3c
    if( ( pxQueue != NULL ) &&
    24fc:	2b00      	cmp	r3, #0
    24fe:	d059      	beq.n	25b4 <xQueueGenericReset+0xd4>
        /* Check for multiplication overflow. */
        ( ( SIZE_MAX / pxQueue->uxLength ) >= pxQueue->uxItemSize ) )
    2500:	68bb      	ldr	r3, [r7, #8]
    2502:	6c1a      	ldr	r2, [r3, #64]	@ 0x40
    2504:	68bb      	ldr	r3, [r7, #8]
    2506:	6bdb      	ldr	r3, [r3, #60]	@ 0x3c
    2508:	2100      	movs	r1, #0
    250a:	fba3 2302 	umull	r2, r3, r3, r2
    250e:	2b00      	cmp	r3, #0
    2510:	d000      	beq.n	2514 <xQueueGenericReset+0x34>
    2512:	2101      	movs	r1, #1
    2514:	460b      	mov	r3, r1
        ( pxQueue->uxLength >= 1U ) &&
    2516:	2b00      	cmp	r3, #0
    2518:	d14c      	bne.n	25b4 <xQueueGenericReset+0xd4>
    {
        taskENTER_CRITICAL();
    251a:	f7ff ff4d 	bl	23b8 <vPortEnterCritical>
        {
            pxQueue->u.xQueue.pcTail = pxQueue->pcHead + ( pxQueue->uxLength * pxQueue->uxItemSize );
    251e:	68bb      	ldr	r3, [r7, #8]
    2520:	681a      	ldr	r2, [r3, #0]
    2522:	68bb      	ldr	r3, [r7, #8]
    2524:	6bdb      	ldr	r3, [r3, #60]	@ 0x3c
    2526:	68b9      	ldr	r1, [r7, #8]
    2528:	6c09      	ldr	r1, [r1, #64]	@ 0x40
    252a:	fb01 f303 	mul.w	r3, r1, r3
    252e:	441a      	add	r2, r3
    2530:	68bb      	ldr	r3, [r7, #8]
    2532:	609a      	str	r2, [r3, #8]
            pxQueue->uxMessagesWaiting = ( UBaseType_t ) 0U;
    2534:	68bb      	ldr	r3, [r7, #8]
    2536:	2200      	movs	r2, #0
    2538:	639a      	str	r2, [r3, #56]	@ 0x38
            pxQueue->pcWriteTo = pxQueue->pcHead;
    253a:	68bb      	ldr	r3, [r7, #8]
    253c:	681a      	ldr	r2, [r3, #0]
    253e:	68bb      	ldr	r3, [r7, #8]
    2540:	605a      	str	r2, [r3, #4]
            pxQueue->u.xQueue.pcReadFrom = pxQueue->pcHead + ( ( pxQueue->uxLength - 1U ) * pxQueue->uxItemSize );
    2542:	68bb      	ldr	r3, [r7, #8]
    2544:	681a      	ldr	r2, [r3, #0]
    2546:	68bb      	ldr	r3, [r7, #8]
    2548:	6bdb      	ldr	r3, [r3, #60]	@ 0x3c
    254a:	3b01      	subs	r3, #1
    254c:	68b9      	ldr	r1, [r7, #8]
    254e:	6c09      	ldr	r1, [r1, #64]	@ 0x40
    2550:	fb01 f303 	mul.w	r3, r1, r3
    2554:	441a      	add	r2, r3
    2556:	68bb      	ldr	r3, [r7, #8]
    2558:	60da      	str	r2, [r3, #12]
            pxQueue->cRxLock = queueUNLOCKED;
    255a:	68bb      	ldr	r3, [r7, #8]
    255c:	22ff      	movs	r2, #255	@ 0xff
    255e:	f883 2044 	strb.w	r2, [r3, #68]	@ 0x44
            pxQueue->cTxLock = queueUNLOCKED;
    2562:	68bb      	ldr	r3, [r7, #8]
    2564:	22ff      	movs	r2, #255	@ 0xff
    2566:	f883 2045 	strb.w	r2, [r3, #69]	@ 0x45

            if( xNewQueue == pdFALSE )
    256a:	683b      	ldr	r3, [r7, #0]
    256c:	2b00      	cmp	r3, #0
    256e:	d114      	bne.n	259a <xQueueGenericReset+0xba>
                /* If there are tasks blocked waiting to read from the queue, then
                 * the tasks will remain blocked as after this function exits the queue
                 * will still be empty.  If there are tasks blocked waiting to write to
                 * the queue, then one should be unblocked as after this function exits
                 * it will be possible to write to it. */
                if( listLIST_IS_EMPTY( &( pxQueue->xTasksWaitingToSend ) ) == pdFALSE )
    2570:	68bb      	ldr	r3, [r7, #8]
    2572:	691b      	ldr	r3, [r3, #16]
    2574:	2b00      	cmp	r3, #0
    2576:	d01a      	beq.n	25ae <xQueueGenericReset+0xce>
                {
                    if( xTaskRemoveFromEventList( &( pxQueue->xTasksWaitingToSend ) ) != pdFALSE )
    2578:	68bb      	ldr	r3, [r7, #8]
    257a:	3310      	adds	r3, #16
    257c:	4618      	mov	r0, r3
    257e:	f7fe fbd3 	bl	d28 <xTaskRemoveFromEventList>
    2582:	4603      	mov	r3, r0
    2584:	2b00      	cmp	r3, #0
    2586:	d012      	beq.n	25ae <xQueueGenericReset+0xce>
                    {
                        queueYIELD_IF_USING_PREEMPTION();
    2588:	4b0e      	ldr	r3, [pc, #56]	@ (25c4 <xQueueGenericReset+0xe4>)
    258a:	f04f 5280 	mov.w	r2, #268435456	@ 0x10000000
    258e:	601a      	str	r2, [r3, #0]
    2590:	f3bf 8f4f 	dsb	sy
    2594:	f3bf 8f6f 	isb	sy
    2598:	e009      	b.n	25ae <xQueueGenericReset+0xce>
                }
            }
            else
            {
                /* Ensure the event queues start in the correct state. */
                vListInitialise( &( pxQueue->xTasksWaitingToSend ) );
    259a:	68bb      	ldr	r3, [r7, #8]
    259c:	3310      	adds	r3, #16
    259e:	4618      	mov	r0, r3
    25a0:	f7ff fb4a 	bl	1c38 <vListInitialise>
                vListInitialise( &( pxQueue->xTasksWaitingToReceive ) );
    25a4:	68bb      	ldr	r3, [r7, #8]
    25a6:	3324      	adds	r3, #36	@ 0x24
    25a8:	4618      	mov	r0, r3
    25aa:	f7ff fb45 	bl	1c38 <vListInitialise>
            }
        }
        taskEXIT_CRITICAL();
    25ae:	f7ff ff1d 	bl	23ec <vPortExitCritical>
    25b2:	e001      	b.n	25b8 <xQueueGenericReset+0xd8>
    }
    else
    {
        xReturn = pdFAIL;
    25b4:	2300      	movs	r3, #0
    25b6:	60fb      	str	r3, [r7, #12]

    /* A value is returned for calling semantic consistency with previous
     * versions. */
    traceRETURN_xQueueGenericReset( xReturn );

    return xReturn;
    25b8:	68fb      	ldr	r3, [r7, #12]
}
    25ba:	4618      	mov	r0, r3
    25bc:	3710      	adds	r7, #16
    25be:	46bd      	mov	sp, r7
    25c0:	bd80      	pop	{r7, pc}
    25c2:	bf00      	nop
    25c4:	e000ed04 	and	lr, r0, r4, lsl #26

000025c8 <xQueueGenericCreate>:
#if ( configSUPPORT_DYNAMIC_ALLOCATION == 1 )

    QueueHandle_t xQueueGenericCreate( const UBaseType_t uxQueueLength,
                                       const UBaseType_t uxItemSize,
                                       const uint8_t ucQueueType )
    {
    25c8:	b580      	push	{r7, lr}
    25ca:	b08a      	sub	sp, #40	@ 0x28
    25cc:	af02      	add	r7, sp, #8
    25ce:	60f8      	str	r0, [r7, #12]
    25d0:	60b9      	str	r1, [r7, #8]
    25d2:	4613      	mov	r3, r2
    25d4:	71fb      	strb	r3, [r7, #7]
        Queue_t * pxNewQueue = NULL;
    25d6:	2300      	movs	r3, #0
    25d8:	61fb      	str	r3, [r7, #28]
        size_t xQueueSizeInBytes;
        uint8_t * pucQueueStorage;

        traceENTER_xQueueGenericCreate( uxQueueLength, uxItemSize, ucQueueType );

        if( ( uxQueueLength > ( UBaseType_t ) 0 ) &&
    25da:	68fb      	ldr	r3, [r7, #12]
    25dc:	2b00      	cmp	r3, #0
    25de:	d02d      	beq.n	263c <xQueueGenericCreate+0x74>
            /* Check for multiplication overflow. */
            ( ( SIZE_MAX / uxQueueLength ) >= uxItemSize ) &&
    25e0:	2100      	movs	r1, #0
    25e2:	68ba      	ldr	r2, [r7, #8]
    25e4:	68fb      	ldr	r3, [r7, #12]
    25e6:	fba3 2302 	umull	r2, r3, r3, r2
    25ea:	2b00      	cmp	r3, #0
    25ec:	d000      	beq.n	25f0 <xQueueGenericCreate+0x28>
    25ee:	2101      	movs	r1, #1
    25f0:	460b      	mov	r3, r1
        if( ( uxQueueLength > ( UBaseType_t ) 0 ) &&
    25f2:	2b00      	cmp	r3, #0
    25f4:	d122      	bne.n	263c <xQueueGenericCreate+0x74>
            /* Check for addition overflow. */
            /* MISRA Ref 14.3.1 [Configuration dependent invariant] */
            /* More details at: https://github.com/FreeRTOS/FreeRTOS-Kernel/blob/main/MISRA.md#rule-143. */
            /* coverity[misra_c_2012_rule_14_3_violation] */
            ( ( SIZE_MAX - sizeof( Queue_t ) ) >= ( size_t ) ( ( size_t ) uxQueueLength * ( size_t ) uxItemSize ) ) )
    25f6:	68fb      	ldr	r3, [r7, #12]
    25f8:	68ba      	ldr	r2, [r7, #8]
    25fa:	fb02 f303 	mul.w	r3, r2, r3
            ( ( SIZE_MAX / uxQueueLength ) >= uxItemSize ) &&
    25fe:	f113 0f49 	cmn.w	r3, #73	@ 0x49
    2602:	d81b      	bhi.n	263c <xQueueGenericCreate+0x74>
        {
            /* Allocate enough space to hold the maximum number of items that
             * can be in the queue at any time.  It is valid for uxItemSize to be
             * zero in the case the queue is used as a semaphore. */
            xQueueSizeInBytes = ( size_t ) ( ( size_t ) uxQueueLength * ( size_t ) uxItemSize );
    2604:	68fb      	ldr	r3, [r7, #12]
    2606:	68ba      	ldr	r2, [r7, #8]
    2608:	fb02 f303 	mul.w	r3, r2, r3
    260c:	61bb      	str	r3, [r7, #24]

            /* MISRA Ref 11.5.1 [Malloc memory assignment] */
            /* More details at: https://github.com/FreeRTOS/FreeRTOS-Kernel/blob/main/MISRA.md#rule-115 */
            /* coverity[misra_c_2012_rule_11_5_violation] */
            pxNewQueue = ( Queue_t * ) pvPortMalloc( sizeof( Queue_t ) + xQueueSizeInBytes );
    260e:	69bb      	ldr	r3, [r7, #24]
    2610:	3348      	adds	r3, #72	@ 0x48
    2612:	4618      	mov	r0, r3
    2614:	f7ff fbc0 	bl	1d98 <pvPortMalloc>
    2618:	61f8      	str	r0, [r7, #28]

            if( pxNewQueue != NULL )
    261a:	69fb      	ldr	r3, [r7, #28]
    261c:	2b00      	cmp	r3, #0
    261e:	d00d      	beq.n	263c <xQueueGenericCreate+0x74>
            {
                /* Jump past the queue structure to find the location of the queue
                 * storage area. */
                pucQueueStorage = ( uint8_t * ) pxNewQueue;
    2620:	69fb      	ldr	r3, [r7, #28]
    2622:	617b      	str	r3, [r7, #20]
                pucQueueStorage += sizeof( Queue_t );
    2624:	697b      	ldr	r3, [r7, #20]
    2626:	3348      	adds	r3, #72	@ 0x48
    2628:	617b      	str	r3, [r7, #20]
                     * deleted. */
                    pxNewQueue->ucStaticallyAllocated = pdFALSE;
                }
                #endif /* configSUPPORT_STATIC_ALLOCATION */

                prvInitialiseNewQueue( uxQueueLength, uxItemSize, pucQueueStorage, ucQueueType, pxNewQueue );
    262a:	79fa      	ldrb	r2, [r7, #7]
    262c:	69fb      	ldr	r3, [r7, #28]
    262e:	9300      	str	r3, [sp, #0]
    2630:	4613      	mov	r3, r2
    2632:	697a      	ldr	r2, [r7, #20]
    2634:	68b9      	ldr	r1, [r7, #8]
    2636:	68f8      	ldr	r0, [r7, #12]
    2638:	f000 f805 	bl	2646 <prvInitialiseNewQueue>
            mtCOVERAGE_TEST_MARKER();
        }

        traceRETURN_xQueueGenericCreate( pxNewQueue );

        return pxNewQueue;
    263c:	69fb      	ldr	r3, [r7, #28]
    }
    263e:	4618      	mov	r0, r3
    2640:	3720      	adds	r7, #32
    2642:	46bd      	mov	sp, r7
    2644:	bd80      	pop	{r7, pc}

00002646 <prvInitialiseNewQueue>:
static void prvInitialiseNewQueue( const UBaseType_t uxQueueLength,
                                   const UBaseType_t uxItemSize,
                                   uint8_t * pucQueueStorage,
                                   const uint8_t ucQueueType,
                                   Queue_t * pxNewQueue )
{
    2646:	b580      	push	{r7, lr}
    2648:	b084      	sub	sp, #16
    264a:	af00      	add	r7, sp, #0
    264c:	60f8      	str	r0, [r7, #12]
    264e:	60b9      	str	r1, [r7, #8]
    2650:	607a      	str	r2, [r7, #4]
    2652:	70fb      	strb	r3, [r7, #3]
    /* Remove compiler warnings about unused parameters should
     * configUSE_TRACE_FACILITY not be set to 1. */
    ( void ) ucQueueType;

    if( uxItemSize == ( UBaseType_t ) 0 )
    2654:	68bb      	ldr	r3, [r7, #8]
    2656:	2b00      	cmp	r3, #0
    2658:	d103      	bne.n	2662 <prvInitialiseNewQueue+0x1c>
    {
        /* No RAM was allocated for the queue storage area, but PC head cannot
         * be set to NULL because NULL is used as a key to say the queue is used as
         * a mutex.  Therefore just set pcHead to point to the queue as a benign
         * value that is known to be within the memory map. */
        pxNewQueue->pcHead = ( int8_t * ) pxNewQueue;
    265a:	69bb      	ldr	r3, [r7, #24]
    265c:	69ba      	ldr	r2, [r7, #24]
    265e:	601a      	str	r2, [r3, #0]
    2660:	e002      	b.n	2668 <prvInitialiseNewQueue+0x22>
    }
    else
    {
        /* Set the head to the start of the queue storage area. */
        pxNewQueue->pcHead = ( int8_t * ) pucQueueStorage;
    2662:	69bb      	ldr	r3, [r7, #24]
    2664:	687a      	ldr	r2, [r7, #4]
    2666:	601a      	str	r2, [r3, #0]
    }

    /* Initialise the queue members as described where the queue type is
     * defined. */
    pxNewQueue->uxLength = uxQueueLength;
    2668:	69bb      	ldr	r3, [r7, #24]
    266a:	68fa      	ldr	r2, [r7, #12]
    266c:	63da      	str	r2, [r3, #60]	@ 0x3c
    pxNewQueue->uxItemSize = uxItemSize;
    266e:	69bb      	ldr	r3, [r7, #24]
    2670:	68ba      	ldr	r2, [r7, #8]
    2672:	641a      	str	r2, [r3, #64]	@ 0x40
    ( void ) xQueueGenericReset( pxNewQueue, pdTRUE );
    2674:	2101      	movs	r1, #1
    2676:	69b8      	ldr	r0, [r7, #24]
    2678:	f7ff ff32 	bl	24e0 <xQueueGenericReset>
        pxNewQueue->pxQueueSetContainer = NULL;
    }
    #endif /* configUSE_QUEUE_SETS */

    traceQUEUE_CREATE( pxNewQueue );
}
    267c:	bf00      	nop
    267e:	3710      	adds	r7, #16
    2680:	46bd      	mov	sp, r7
    2682:	bd80      	pop	{r7, pc}

00002684 <xQueueGenericSend>:

BaseType_t xQueueGenericSend( QueueHandle_t xQueue,
                              const void * const pvItemToQueue,
                              TickType_t xTicksToWait,
                              const BaseType_t xCopyPosition )
{
    2684:	b580      	push	{r7, lr}
    2686:	b08a      	sub	sp, #40	@ 0x28
    2688:	af00      	add	r7, sp, #0
    268a:	60f8      	str	r0, [r7, #12]
    268c:	60b9      	str	r1, [r7, #8]
    268e:	607a      	str	r2, [r7, #4]
    2690:	603b      	str	r3, [r7, #0]
    BaseType_t xEntryTimeSet = pdFALSE, xYieldRequired;
    2692:	2300      	movs	r3, #0
    2694:	627b      	str	r3, [r7, #36]	@ 0x24
    TimeOut_t xTimeOut;
    Queue_t * const pxQueue = xQueue;
    2696:	68fb      	ldr	r3, [r7, #12]
    2698:	623b      	str	r3, [r7, #32]
    }
    #endif

    for( ; ; )
    {
        taskENTER_CRITICAL();
    269a:	f7ff fe8d 	bl	23b8 <vPortEnterCritical>
        {
            /* Is there room on the queue now?  The running task must be the
             * highest priority task wanting to access the queue.  If the head item
             * in the queue is to be overwritten then it does not matter if the
             * queue is full. */
            if( ( pxQueue->uxMessagesWaiting < pxQueue->uxLength ) || ( xCopyPosition == queueOVERWRITE ) )
    269e:	6a3b      	ldr	r3, [r7, #32]
    26a0:	6b9a      	ldr	r2, [r3, #56]	@ 0x38
    26a2:	6a3b      	ldr	r3, [r7, #32]
    26a4:	6bdb      	ldr	r3, [r3, #60]	@ 0x3c
    26a6:	429a      	cmp	r2, r3
    26a8:	d302      	bcc.n	26b0 <xQueueGenericSend+0x2c>
    26aa:	683b      	ldr	r3, [r7, #0]
    26ac:	2b02      	cmp	r3, #2
    26ae:	d129      	bne.n	2704 <xQueueGenericSend+0x80>
                        }
                    }
                }
                #else /* configUSE_QUEUE_SETS */
                {
                    xYieldRequired = prvCopyDataToQueue( pxQueue, pvItemToQueue, xCopyPosition );
    26b0:	683a      	ldr	r2, [r7, #0]
    26b2:	68b9      	ldr	r1, [r7, #8]
    26b4:	6a38      	ldr	r0, [r7, #32]
    26b6:	f000 fc20 	bl	2efa <prvCopyDataToQueue>
    26ba:	61f8      	str	r0, [r7, #28]

                    /* If there was a task waiting for data to arrive on the
                     * queue then unblock it now. */
                    if( listLIST_IS_EMPTY( &( pxQueue->xTasksWaitingToReceive ) ) == pdFALSE )
    26bc:	6a3b      	ldr	r3, [r7, #32]
    26be:	6a5b      	ldr	r3, [r3, #36]	@ 0x24
    26c0:	2b00      	cmp	r3, #0
    26c2:	d010      	beq.n	26e6 <xQueueGenericSend+0x62>
                    {
                        if( xTaskRemoveFromEventList( &( pxQueue->xTasksWaitingToReceive ) ) != pdFALSE )
    26c4:	6a3b      	ldr	r3, [r7, #32]
    26c6:	3324      	adds	r3, #36	@ 0x24
    26c8:	4618      	mov	r0, r3
    26ca:	f7fe fb2d 	bl	d28 <xTaskRemoveFromEventList>
    26ce:	4603      	mov	r3, r0
    26d0:	2b00      	cmp	r3, #0
    26d2:	d013      	beq.n	26fc <xQueueGenericSend+0x78>
                        {
                            /* The unblocked task has a priority higher than
                             * our own so yield immediately.  Yes it is ok to do
                             * this from within the critical section - the kernel
                             * takes care of that. */
                            queueYIELD_IF_USING_PREEMPTION();
    26d4:	4b3f      	ldr	r3, [pc, #252]	@ (27d4 <xQueueGenericSend+0x150>)
    26d6:	f04f 5280 	mov.w	r2, #268435456	@ 0x10000000
    26da:	601a      	str	r2, [r3, #0]
    26dc:	f3bf 8f4f 	dsb	sy
    26e0:	f3bf 8f6f 	isb	sy
    26e4:	e00a      	b.n	26fc <xQueueGenericSend+0x78>
                        else
                        {
                            mtCOVERAGE_TEST_MARKER();
                        }
                    }
                    else if( xYieldRequired != pdFALSE )
    26e6:	69fb      	ldr	r3, [r7, #28]
    26e8:	2b00      	cmp	r3, #0
    26ea:	d007      	beq.n	26fc <xQueueGenericSend+0x78>
                    {
                        /* This path is a special case that will only get
                         * executed if the task was holding multiple mutexes and
                         * the mutexes were given back in an order that is
                         * different to that in which they were taken. */
                        queueYIELD_IF_USING_PREEMPTION();
    26ec:	4b39      	ldr	r3, [pc, #228]	@ (27d4 <xQueueGenericSend+0x150>)
    26ee:	f04f 5280 	mov.w	r2, #268435456	@ 0x10000000
    26f2:	601a      	str	r2, [r3, #0]
    26f4:	f3bf 8f4f 	dsb	sy
    26f8:	f3bf 8f6f 	isb	sy
                        mtCOVERAGE_TEST_MARKER();
                    }
                }
                #endif /* configUSE_QUEUE_SETS */

                taskEXIT_CRITICAL();
    26fc:	f7ff fe76 	bl	23ec <vPortExitCritical>

                traceRETURN_xQueueGenericSend( pdPASS );

                return pdPASS;
    2700:	2301      	movs	r3, #1
    2702:	e063      	b.n	27cc <xQueueGenericSend+0x148>
            }
            else
            {
                if( xTicksToWait == ( TickType_t ) 0 )
    2704:	687b      	ldr	r3, [r7, #4]
    2706:	2b00      	cmp	r3, #0
    2708:	d103      	bne.n	2712 <xQueueGenericSend+0x8e>
                {
                    /* The queue was full and no block time is specified (or
                     * the block time has expired) so leave now. */
                    taskEXIT_CRITICAL();
    270a:	f7ff fe6f 	bl	23ec <vPortExitCritical>
                    /* Return to the original privilege level before exiting
                     * the function. */
                    traceQUEUE_SEND_FAILED( pxQueue );
                    traceRETURN_xQueueGenericSend( errQUEUE_FULL );

                    return errQUEUE_FULL;
    270e:	2300      	movs	r3, #0
    2710:	e05c      	b.n	27cc <xQueueGenericSend+0x148>
                }
                else if( xEntryTimeSet == pdFALSE )
    2712:	6a7b      	ldr	r3, [r7, #36]	@ 0x24
    2714:	2b00      	cmp	r3, #0
    2716:	d106      	bne.n	2726 <xQueueGenericSend+0xa2>
                {
                    /* The queue was full and a block time was specified so
                     * configure the timeout structure. */
                    vTaskInternalSetTimeOutState( &xTimeOut );
    2718:	f107 0314 	add.w	r3, r7, #20
    271c:	4618      	mov	r0, r3
    271e:	f7fe fc87 	bl	1030 <vTaskInternalSetTimeOutState>
                    xEntryTimeSet = pdTRUE;
    2722:	2301      	movs	r3, #1
    2724:	627b      	str	r3, [r7, #36]	@ 0x24
                    /* Entry time was already set. */
                    mtCOVERAGE_TEST_MARKER();
                }
            }
        }
        taskEXIT_CRITICAL();
    2726:	f7ff fe61 	bl	23ec <vPortExitCritical>

        /* Interrupts and other tasks can send to and receive from the queue
         * now the critical section has been exited. */

        vTaskSuspendAll();
    272a:	f7fe f803 	bl	734 <vTaskSuspendAll>
        prvLockQueue( pxQueue );
    272e:	f7ff fe43 	bl	23b8 <vPortEnterCritical>
    2732:	6a3b      	ldr	r3, [r7, #32]
    2734:	f893 3044 	ldrb.w	r3, [r3, #68]	@ 0x44
    2738:	b25b      	sxtb	r3, r3
    273a:	f1b3 3fff 	cmp.w	r3, #4294967295
    273e:	d103      	bne.n	2748 <xQueueGenericSend+0xc4>
    2740:	6a3b      	ldr	r3, [r7, #32]
    2742:	2200      	movs	r2, #0
    2744:	f883 2044 	strb.w	r2, [r3, #68]	@ 0x44
    2748:	6a3b      	ldr	r3, [r7, #32]
    274a:	f893 3045 	ldrb.w	r3, [r3, #69]	@ 0x45
    274e:	b25b      	sxtb	r3, r3
    2750:	f1b3 3fff 	cmp.w	r3, #4294967295
    2754:	d103      	bne.n	275e <xQueueGenericSend+0xda>
    2756:	6a3b      	ldr	r3, [r7, #32]
    2758:	2200      	movs	r2, #0
    275a:	f883 2045 	strb.w	r2, [r3, #69]	@ 0x45
    275e:	f7ff fe45 	bl	23ec <vPortExitCritical>

        /* Update the timeout state to see if it has expired yet. */
        if( xTaskCheckForTimeOut( &xTimeOut, &xTicksToWait ) == pdFALSE )
    2762:	1d3a      	adds	r2, r7, #4
    2764:	f107 0314 	add.w	r3, r7, #20
    2768:	4611      	mov	r1, r2
    276a:	4618      	mov	r0, r3
    276c:	f7fe fc76 	bl	105c <xTaskCheckForTimeOut>
    2770:	4603      	mov	r3, r0
    2772:	2b00      	cmp	r3, #0
    2774:	d124      	bne.n	27c0 <xQueueGenericSend+0x13c>
        {
            if( prvIsQueueFull( pxQueue ) != pdFALSE )
    2776:	6a38      	ldr	r0, [r7, #32]
    2778:	f000 fcbe 	bl	30f8 <prvIsQueueFull>
    277c:	4603      	mov	r3, r0
    277e:	2b00      	cmp	r3, #0
    2780:	d018      	beq.n	27b4 <xQueueGenericSend+0x130>
            {
                traceBLOCKING_ON_QUEUE_SEND( pxQueue );
                vTaskPlaceOnEventList( &( pxQueue->xTasksWaitingToSend ), xTicksToWait );
    2782:	6a3b      	ldr	r3, [r7, #32]
    2784:	3310      	adds	r3, #16
    2786:	687a      	ldr	r2, [r7, #4]
    2788:	4611      	mov	r1, r2
    278a:	4618      	mov	r0, r3
    278c:	f7fe fa7e 	bl	c8c <vTaskPlaceOnEventList>
                /* Unlocking the queue means queue events can effect the
                 * event list. It is possible that interrupts occurring now
                 * remove this task from the event list again - but as the
                 * scheduler is suspended the task will go onto the pending
                 * ready list instead of the actual ready list. */
                prvUnlockQueue( pxQueue );
    2790:	6a38      	ldr	r0, [r7, #32]
    2792:	f000 fc34 	bl	2ffe <prvUnlockQueue>
                /* Resuming the scheduler will move tasks from the pending
                 * ready list into the ready list - so it is feasible that this
                 * task is already in the ready list before it yields - in which
                 * case the yield will not cause a context switch unless there
                 * is also a higher priority task in the pending ready list. */
                if( xTaskResumeAll() == pdFALSE )
    2796:	f7fd ffdb 	bl	750 <xTaskResumeAll>
    279a:	4603      	mov	r3, r0
    279c:	2b00      	cmp	r3, #0
    279e:	f47f af7c 	bne.w	269a <xQueueGenericSend+0x16>
                {
                    taskYIELD_WITHIN_API();
    27a2:	4b0c      	ldr	r3, [pc, #48]	@ (27d4 <xQueueGenericSend+0x150>)
    27a4:	f04f 5280 	mov.w	r2, #268435456	@ 0x10000000
    27a8:	601a      	str	r2, [r3, #0]
    27aa:	f3bf 8f4f 	dsb	sy
    27ae:	f3bf 8f6f 	isb	sy
    27b2:	e772      	b.n	269a <xQueueGenericSend+0x16>
                }
            }
            else
            {
                /* Try again. */
                prvUnlockQueue( pxQueue );
    27b4:	6a38      	ldr	r0, [r7, #32]
    27b6:	f000 fc22 	bl	2ffe <prvUnlockQueue>
                ( void ) xTaskResumeAll();
    27ba:	f7fd ffc9 	bl	750 <xTaskResumeAll>
    27be:	e76c      	b.n	269a <xQueueGenericSend+0x16>
            }
        }
        else
        {
            /* The timeout has expired. */
            prvUnlockQueue( pxQueue );
    27c0:	6a38      	ldr	r0, [r7, #32]
    27c2:	f000 fc1c 	bl	2ffe <prvUnlockQueue>
            ( void ) xTaskResumeAll();
    27c6:	f7fd ffc3 	bl	750 <xTaskResumeAll>

            traceQUEUE_SEND_FAILED( pxQueue );
            traceRETURN_xQueueGenericSend( errQUEUE_FULL );

            return errQUEUE_FULL;
    27ca:	2300      	movs	r3, #0
        }
    }
}
    27cc:	4618      	mov	r0, r3
    27ce:	3728      	adds	r7, #40	@ 0x28
    27d0:	46bd      	mov	sp, r7
    27d2:	bd80      	pop	{r7, pc}
    27d4:	e000ed04 	and	lr, r0, r4, lsl #26

000027d8 <xQueueGenericSendFromISR>:

BaseType_t xQueueGenericSendFromISR( QueueHandle_t xQueue,
                                     const void * const pvItemToQueue,
                                     BaseType_t * const pxHigherPriorityTaskWoken,
                                     const BaseType_t xCopyPosition )
{
    27d8:	b580      	push	{r7, lr}
    27da:	b08e      	sub	sp, #56	@ 0x38
    27dc:	af00      	add	r7, sp, #0
    27de:	60f8      	str	r0, [r7, #12]
    27e0:	60b9      	str	r1, [r7, #8]
    27e2:	607a      	str	r2, [r7, #4]
    27e4:	603b      	str	r3, [r7, #0]
    BaseType_t xReturn;
    UBaseType_t uxSavedInterruptStatus;
    Queue_t * const pxQueue = xQueue;
    27e6:	68fb      	ldr	r3, [r7, #12]
    27e8:	633b      	str	r3, [r7, #48]	@ 0x30
    __asm volatile
    27ea:	f3ef 8211 	mrs	r2, BASEPRI
    27ee:	f04f 0301 	mov.w	r3, #1
    27f2:	f383 8811 	msr	BASEPRI, r3
    27f6:	f3bf 8f6f 	isb	sy
    27fa:	f3bf 8f4f 	dsb	sy
    27fe:	61fa      	str	r2, [r7, #28]
    2800:	61bb      	str	r3, [r7, #24]
    return ulOriginalBASEPRI;
    2802:	69fb      	ldr	r3, [r7, #28]
     * not (i.e. has a task with a higher priority than us been woken by this
     * post). */
    /* MISRA Ref 4.7.1 [Return value shall be checked] */
    /* More details at: https://github.com/FreeRTOS/FreeRTOS-Kernel/blob/main/MISRA.md#dir-47 */
    /* coverity[misra_c_2012_directive_4_7_violation] */
    uxSavedInterruptStatus = ( UBaseType_t ) taskENTER_CRITICAL_FROM_ISR();
    2804:	62fb      	str	r3, [r7, #44]	@ 0x2c
    {
        if( ( pxQueue->uxMessagesWaiting < pxQueue->uxLength ) || ( xCopyPosition == queueOVERWRITE ) )
    2806:	6b3b      	ldr	r3, [r7, #48]	@ 0x30
    2808:	6b9a      	ldr	r2, [r3, #56]	@ 0x38
    280a:	6b3b      	ldr	r3, [r7, #48]	@ 0x30
    280c:	6bdb      	ldr	r3, [r3, #60]	@ 0x3c
    280e:	429a      	cmp	r2, r3
    2810:	d302      	bcc.n	2818 <xQueueGenericSendFromISR+0x40>
    2812:	683b      	ldr	r3, [r7, #0]
    2814:	2b02      	cmp	r3, #2
    2816:	d137      	bne.n	2888 <xQueueGenericSendFromISR+0xb0>
        {
            const int8_t cTxLock = pxQueue->cTxLock;
    2818:	6b3b      	ldr	r3, [r7, #48]	@ 0x30
    281a:	f893 3045 	ldrb.w	r3, [r3, #69]	@ 0x45
    281e:	f887 302b 	strb.w	r3, [r7, #43]	@ 0x2b
            const UBaseType_t uxPreviousMessagesWaiting = pxQueue->uxMessagesWaiting;
    2822:	6b3b      	ldr	r3, [r7, #48]	@ 0x30
    2824:	6b9b      	ldr	r3, [r3, #56]	@ 0x38
    2826:	627b      	str	r3, [r7, #36]	@ 0x24
            /* Semaphores use xQueueGiveFromISR(), so pxQueue will not be a
             *  semaphore or mutex.  That means prvCopyDataToQueue() cannot result
             *  in a task disinheriting a priority and prvCopyDataToQueue() can be
             *  called here even though the disinherit function does not check if
             *  the scheduler is suspended before accessing the ready lists. */
            ( void ) prvCopyDataToQueue( pxQueue, pvItemToQueue, xCopyPosition );
    2828:	683a      	ldr	r2, [r7, #0]
    282a:	68b9      	ldr	r1, [r7, #8]
    282c:	6b38      	ldr	r0, [r7, #48]	@ 0x30
    282e:	f000 fb64 	bl	2efa <prvCopyDataToQueue>

            /* The event list is not altered if the queue is locked.  This will
             * be done when the queue is unlocked later. */
            if( cTxLock == queueUNLOCKED )
    2832:	f997 302b 	ldrsb.w	r3, [r7, #43]	@ 0x2b
    2836:	f1b3 3fff 	cmp.w	r3, #4294967295
    283a:	d112      	bne.n	2862 <xQueueGenericSendFromISR+0x8a>
                        }
                    }
                }
                #else /* configUSE_QUEUE_SETS */
                {
                    if( listLIST_IS_EMPTY( &( pxQueue->xTasksWaitingToReceive ) ) == pdFALSE )
    283c:	6b3b      	ldr	r3, [r7, #48]	@ 0x30
    283e:	6a5b      	ldr	r3, [r3, #36]	@ 0x24
    2840:	2b00      	cmp	r3, #0
    2842:	d01e      	beq.n	2882 <xQueueGenericSendFromISR+0xaa>
                    {
                        if( xTaskRemoveFromEventList( &( pxQueue->xTasksWaitingToReceive ) ) != pdFALSE )
    2844:	6b3b      	ldr	r3, [r7, #48]	@ 0x30
    2846:	3324      	adds	r3, #36	@ 0x24
    2848:	4618      	mov	r0, r3
    284a:	f7fe fa6d 	bl	d28 <xTaskRemoveFromEventList>
    284e:	4603      	mov	r3, r0
    2850:	2b00      	cmp	r3, #0
    2852:	d016      	beq.n	2882 <xQueueGenericSendFromISR+0xaa>
                        {
                            /* The task waiting has a higher priority so record that a
                             * context switch is required. */
                            if( pxHigherPriorityTaskWoken != NULL )
    2854:	687b      	ldr	r3, [r7, #4]
    2856:	2b00      	cmp	r3, #0
    2858:	d013      	beq.n	2882 <xQueueGenericSendFromISR+0xaa>
                            {
                                *pxHigherPriorityTaskWoken = pdTRUE;
    285a:	687b      	ldr	r3, [r7, #4]
    285c:	2201      	movs	r2, #1
    285e:	601a      	str	r2, [r3, #0]
    2860:	e00f      	b.n	2882 <xQueueGenericSendFromISR+0xaa>
            }
            else
            {
                /* Increment the lock count so the task that unlocks the queue
                 * knows that data was posted while it was locked. */
                prvIncrementQueueTxLock( pxQueue, cTxLock );
    2862:	f7fe f88b 	bl	97c <uxTaskGetNumberOfTasks>
    2866:	6238      	str	r0, [r7, #32]
    2868:	f997 302b 	ldrsb.w	r3, [r7, #43]	@ 0x2b
    286c:	6a3a      	ldr	r2, [r7, #32]
    286e:	429a      	cmp	r2, r3
    2870:	d907      	bls.n	2882 <xQueueGenericSendFromISR+0xaa>
    2872:	f897 302b 	ldrb.w	r3, [r7, #43]	@ 0x2b
    2876:	3301      	adds	r3, #1
    2878:	b2db      	uxtb	r3, r3
    287a:	b25a      	sxtb	r2, r3
    287c:	6b3b      	ldr	r3, [r7, #48]	@ 0x30
    287e:	f883 2045 	strb.w	r2, [r3, #69]	@ 0x45
            }

            xReturn = pdPASS;
    2882:	2301      	movs	r3, #1
    2884:	637b      	str	r3, [r7, #52]	@ 0x34
        {
    2886:	e001      	b.n	288c <xQueueGenericSendFromISR+0xb4>
        }
        else
        {
            traceQUEUE_SEND_FROM_ISR_FAILED( pxQueue );
            xReturn = errQUEUE_FULL;
    2888:	2300      	movs	r3, #0
    288a:	637b      	str	r3, [r7, #52]	@ 0x34
    288c:	6afb      	ldr	r3, [r7, #44]	@ 0x2c
    288e:	617b      	str	r3, [r7, #20]
    __asm volatile
    2890:	697b      	ldr	r3, [r7, #20]
    2892:	f383 8811 	msr	BASEPRI, r3
}
    2896:	bf00      	nop
    }
    taskEXIT_CRITICAL_FROM_ISR( uxSavedInterruptStatus );

    traceRETURN_xQueueGenericSendFromISR( xReturn );

    return xReturn;
    2898:	6b7b      	ldr	r3, [r7, #52]	@ 0x34
}
    289a:	4618      	mov	r0, r3
    289c:	3738      	adds	r7, #56	@ 0x38
    289e:	46bd      	mov	sp, r7
    28a0:	bd80      	pop	{r7, pc}

000028a2 <xQueueGiveFromISR>:
/*-----------------------------------------------------------*/

BaseType_t xQueueGiveFromISR( QueueHandle_t xQueue,
                              BaseType_t * const pxHigherPriorityTaskWoken )
{
    28a2:	b580      	push	{r7, lr}
    28a4:	b08c      	sub	sp, #48	@ 0x30
    28a6:	af00      	add	r7, sp, #0
    28a8:	6078      	str	r0, [r7, #4]
    28aa:	6039      	str	r1, [r7, #0]
    BaseType_t xReturn;
    UBaseType_t uxSavedInterruptStatus;
    Queue_t * const pxQueue = xQueue;
    28ac:	687b      	ldr	r3, [r7, #4]
    28ae:	62bb      	str	r3, [r7, #40]	@ 0x28
    __asm volatile
    28b0:	f3ef 8211 	mrs	r2, BASEPRI
    28b4:	f04f 0301 	mov.w	r3, #1
    28b8:	f383 8811 	msr	BASEPRI, r3
    28bc:	f3bf 8f6f 	isb	sy
    28c0:	f3bf 8f4f 	dsb	sy
    28c4:	617a      	str	r2, [r7, #20]
    28c6:	613b      	str	r3, [r7, #16]
    return ulOriginalBASEPRI;
    28c8:	697b      	ldr	r3, [r7, #20]
    portASSERT_IF_INTERRUPT_PRIORITY_INVALID();

    /* MISRA Ref 4.7.1 [Return value shall be checked] */
    /* More details at: https://github.com/FreeRTOS/FreeRTOS-Kernel/blob/main/MISRA.md#dir-47 */
    /* coverity[misra_c_2012_directive_4_7_violation] */
    uxSavedInterruptStatus = ( UBaseType_t ) taskENTER_CRITICAL_FROM_ISR();
    28ca:	627b      	str	r3, [r7, #36]	@ 0x24
    {
        const UBaseType_t uxMessagesWaiting = pxQueue->uxMessagesWaiting;
    28cc:	6abb      	ldr	r3, [r7, #40]	@ 0x28
    28ce:	6b9b      	ldr	r3, [r3, #56]	@ 0x38
    28d0:	623b      	str	r3, [r7, #32]

        /* When the queue is used to implement a semaphore no data is ever
         * moved through the queue but it is still valid to see if the queue 'has
         * space'. */
        if( uxMessagesWaiting < pxQueue->uxLength )
    28d2:	6abb      	ldr	r3, [r7, #40]	@ 0x28
    28d4:	6bdb      	ldr	r3, [r3, #60]	@ 0x3c
    28d6:	6a3a      	ldr	r2, [r7, #32]
    28d8:	429a      	cmp	r2, r3
    28da:	d231      	bcs.n	2940 <xQueueGiveFromISR+0x9e>
        {
            const int8_t cTxLock = pxQueue->cTxLock;
    28dc:	6abb      	ldr	r3, [r7, #40]	@ 0x28
    28de:	f893 3045 	ldrb.w	r3, [r3, #69]	@ 0x45
    28e2:	77fb      	strb	r3, [r7, #31]
             * holder - and if there is a mutex holder then the mutex cannot be
             * given from an ISR.  As this is the ISR version of the function it
             * can be assumed there is no mutex holder and no need to determine if
             * priority disinheritance is needed.  Simply increase the count of
             * messages (semaphores) available. */
            pxQueue->uxMessagesWaiting = ( UBaseType_t ) ( uxMessagesWaiting + ( UBaseType_t ) 1 );
    28e4:	6a3b      	ldr	r3, [r7, #32]
    28e6:	1c5a      	adds	r2, r3, #1
    28e8:	6abb      	ldr	r3, [r7, #40]	@ 0x28
    28ea:	639a      	str	r2, [r3, #56]	@ 0x38

            /* The event list is not altered if the queue is locked.  This will
             * be done when the queue is unlocked later. */
            if( cTxLock == queueUNLOCKED )
    28ec:	f997 301f 	ldrsb.w	r3, [r7, #31]
    28f0:	f1b3 3fff 	cmp.w	r3, #4294967295
    28f4:	d112      	bne.n	291c <xQueueGiveFromISR+0x7a>
                        }
                    }
                }
                #else /* configUSE_QUEUE_SETS */
                {
                    if( listLIST_IS_EMPTY( &( pxQueue->xTasksWaitingToReceive ) ) == pdFALSE )
    28f6:	6abb      	ldr	r3, [r7, #40]	@ 0x28
    28f8:	6a5b      	ldr	r3, [r3, #36]	@ 0x24
    28fa:	2b00      	cmp	r3, #0
    28fc:	d01d      	beq.n	293a <xQueueGiveFromISR+0x98>
                    {
                        if( xTaskRemoveFromEventList( &( pxQueue->xTasksWaitingToReceive ) ) != pdFALSE )
    28fe:	6abb      	ldr	r3, [r7, #40]	@ 0x28
    2900:	3324      	adds	r3, #36	@ 0x24
    2902:	4618      	mov	r0, r3
    2904:	f7fe fa10 	bl	d28 <xTaskRemoveFromEventList>
    2908:	4603      	mov	r3, r0
    290a:	2b00      	cmp	r3, #0
    290c:	d015      	beq.n	293a <xQueueGiveFromISR+0x98>
                        {
                            /* The task waiting has a higher priority so record that a
                             * context switch is required. */
                            if( pxHigherPriorityTaskWoken != NULL )
    290e:	683b      	ldr	r3, [r7, #0]
    2910:	2b00      	cmp	r3, #0
    2912:	d012      	beq.n	293a <xQueueGiveFromISR+0x98>
                            {
                                *pxHigherPriorityTaskWoken = pdTRUE;
    2914:	683b      	ldr	r3, [r7, #0]
    2916:	2201      	movs	r2, #1
    2918:	601a      	str	r2, [r3, #0]
    291a:	e00e      	b.n	293a <xQueueGiveFromISR+0x98>
            }
            else
            {
                /* Increment the lock count so the task that unlocks the queue
                 * knows that data was posted while it was locked. */
                prvIncrementQueueTxLock( pxQueue, cTxLock );
    291c:	f7fe f82e 	bl	97c <uxTaskGetNumberOfTasks>
    2920:	61b8      	str	r0, [r7, #24]
    2922:	f997 301f 	ldrsb.w	r3, [r7, #31]
    2926:	69ba      	ldr	r2, [r7, #24]
    2928:	429a      	cmp	r2, r3
    292a:	d906      	bls.n	293a <xQueueGiveFromISR+0x98>
    292c:	7ffb      	ldrb	r3, [r7, #31]
    292e:	3301      	adds	r3, #1
    2930:	b2db      	uxtb	r3, r3
    2932:	b25a      	sxtb	r2, r3
    2934:	6abb      	ldr	r3, [r7, #40]	@ 0x28
    2936:	f883 2045 	strb.w	r2, [r3, #69]	@ 0x45
            }

            xReturn = pdPASS;
    293a:	2301      	movs	r3, #1
    293c:	62fb      	str	r3, [r7, #44]	@ 0x2c
    293e:	e001      	b.n	2944 <xQueueGiveFromISR+0xa2>
        }
        else
        {
            traceQUEUE_SEND_FROM_ISR_FAILED( pxQueue );
            xReturn = errQUEUE_FULL;
    2940:	2300      	movs	r3, #0
    2942:	62fb      	str	r3, [r7, #44]	@ 0x2c
    2944:	6a7b      	ldr	r3, [r7, #36]	@ 0x24
    2946:	60fb      	str	r3, [r7, #12]
    __asm volatile
    2948:	68fb      	ldr	r3, [r7, #12]
    294a:	f383 8811 	msr	BASEPRI, r3
}
    294e:	bf00      	nop
    }
    taskEXIT_CRITICAL_FROM_ISR( uxSavedInterruptStatus );

    traceRETURN_xQueueGiveFromISR( xReturn );

    return xReturn;
    2950:	6afb      	ldr	r3, [r7, #44]	@ 0x2c
}
    2952:	4618      	mov	r0, r3
    2954:	3730      	adds	r7, #48	@ 0x30
    2956:	46bd      	mov	sp, r7
    2958:	bd80      	pop	{r7, pc}

0000295a <xQueueReceive>:
/*-----------------------------------------------------------*/

BaseType_t xQueueReceive( QueueHandle_t xQueue,
                          void * const pvBuffer,
                          TickType_t xTicksToWait )
{
    295a:	b580      	push	{r7, lr}
    295c:	b08a      	sub	sp, #40	@ 0x28
    295e:	af00      	add	r7, sp, #0
    2960:	60f8      	str	r0, [r7, #12]
    2962:	60b9      	str	r1, [r7, #8]
    2964:	607a      	str	r2, [r7, #4]
    BaseType_t xEntryTimeSet = pdFALSE;
    2966:	2300      	movs	r3, #0
    2968:	627b      	str	r3, [r7, #36]	@ 0x24
    TimeOut_t xTimeOut;
    Queue_t * const pxQueue = xQueue;
    296a:	68fb      	ldr	r3, [r7, #12]
    296c:	623b      	str	r3, [r7, #32]
    }
    #endif

    for( ; ; )
    {
        taskENTER_CRITICAL();
    296e:	f7ff fd23 	bl	23b8 <vPortEnterCritical>
        {
            const UBaseType_t uxMessagesWaiting = pxQueue->uxMessagesWaiting;
    2972:	6a3b      	ldr	r3, [r7, #32]
    2974:	6b9b      	ldr	r3, [r3, #56]	@ 0x38
    2976:	61fb      	str	r3, [r7, #28]

            /* Is there data in the queue now?  To be running the calling task
             * must be the highest priority task wanting to access the queue. */
            if( uxMessagesWaiting > ( UBaseType_t ) 0 )
    2978:	69fb      	ldr	r3, [r7, #28]
    297a:	2b00      	cmp	r3, #0
    297c:	d01f      	beq.n	29be <xQueueReceive+0x64>
            {
                /* Data available, remove one item. */
                prvCopyDataFromQueue( pxQueue, pvBuffer );
    297e:	68b9      	ldr	r1, [r7, #8]
    2980:	6a38      	ldr	r0, [r7, #32]
    2982:	f000 fb16 	bl	2fb2 <prvCopyDataFromQueue>
                traceQUEUE_RECEIVE( pxQueue );
                pxQueue->uxMessagesWaiting = ( UBaseType_t ) ( uxMessagesWaiting - ( UBaseType_t ) 1 );
    2986:	69fb      	ldr	r3, [r7, #28]
    2988:	1e5a      	subs	r2, r3, #1
    298a:	6a3b      	ldr	r3, [r7, #32]
    298c:	639a      	str	r2, [r3, #56]	@ 0x38

                /* There is now space in the queue, were any tasks waiting to
                 * post to the queue?  If so, unblock the highest priority waiting
                 * task. */
                if( listLIST_IS_EMPTY( &( pxQueue->xTasksWaitingToSend ) ) == pdFALSE )
    298e:	6a3b      	ldr	r3, [r7, #32]
    2990:	691b      	ldr	r3, [r3, #16]
    2992:	2b00      	cmp	r3, #0
    2994:	d00f      	beq.n	29b6 <xQueueReceive+0x5c>
                {
                    if( xTaskRemoveFromEventList( &( pxQueue->xTasksWaitingToSend ) ) != pdFALSE )
    2996:	6a3b      	ldr	r3, [r7, #32]
    2998:	3310      	adds	r3, #16
    299a:	4618      	mov	r0, r3
    299c:	f7fe f9c4 	bl	d28 <xTaskRemoveFromEventList>
    29a0:	4603      	mov	r3, r0
    29a2:	2b00      	cmp	r3, #0
    29a4:	d007      	beq.n	29b6 <xQueueReceive+0x5c>
                    {
                        queueYIELD_IF_USING_PREEMPTION();
    29a6:	4b3d      	ldr	r3, [pc, #244]	@ (2a9c <xQueueReceive+0x142>)
    29a8:	f04f 5280 	mov.w	r2, #268435456	@ 0x10000000
    29ac:	601a      	str	r2, [r3, #0]
    29ae:	f3bf 8f4f 	dsb	sy
    29b2:	f3bf 8f6f 	isb	sy
                else
                {
                    mtCOVERAGE_TEST_MARKER();
                }

                taskEXIT_CRITICAL();
    29b6:	f7ff fd19 	bl	23ec <vPortExitCritical>

                traceRETURN_xQueueReceive( pdPASS );

                return pdPASS;
    29ba:	2301      	movs	r3, #1
    29bc:	e069      	b.n	2a92 <xQueueReceive+0x138>
            }
            else
            {
                if( xTicksToWait == ( TickType_t ) 0 )
    29be:	687b      	ldr	r3, [r7, #4]
    29c0:	2b00      	cmp	r3, #0
    29c2:	d103      	bne.n	29cc <xQueueReceive+0x72>
                {
                    /* The queue was empty and no block time is specified (or
                     * the block time has expired) so leave now. */
                    taskEXIT_CRITICAL();
    29c4:	f7ff fd12 	bl	23ec <vPortExitCritical>

                    traceQUEUE_RECEIVE_FAILED( pxQueue );
                    traceRETURN_xQueueReceive( errQUEUE_EMPTY );

                    return errQUEUE_EMPTY;
    29c8:	2300      	movs	r3, #0
    29ca:	e062      	b.n	2a92 <xQueueReceive+0x138>
                }
                else if( xEntryTimeSet == pdFALSE )
    29cc:	6a7b      	ldr	r3, [r7, #36]	@ 0x24
    29ce:	2b00      	cmp	r3, #0
    29d0:	d106      	bne.n	29e0 <xQueueReceive+0x86>
                {
                    /* The queue was empty and a block time was specified so
                     * configure the timeout structure. */
                    vTaskInternalSetTimeOutState( &xTimeOut );
    29d2:	f107 0314 	add.w	r3, r7, #20
    29d6:	4618      	mov	r0, r3
    29d8:	f7fe fb2a 	bl	1030 <vTaskInternalSetTimeOutState>
                    xEntryTimeSet = pdTRUE;
    29dc:	2301      	movs	r3, #1
    29de:	627b      	str	r3, [r7, #36]	@ 0x24
                    /* Entry time was already set. */
                    mtCOVERAGE_TEST_MARKER();
                }
            }
        }
        taskEXIT_CRITICAL();
    29e0:	f7ff fd04 	bl	23ec <vPortExitCritical>

        /* Interrupts and other tasks can send to and receive from the queue
         * now the critical section has been exited. */

        vTaskSuspendAll();
    29e4:	f7fd fea6 	bl	734 <vTaskSuspendAll>
        prvLockQueue( pxQueue );
    29e8:	f7ff fce6 	bl	23b8 <vPortEnterCritical>
    29ec:	6a3b      	ldr	r3, [r7, #32]
    29ee:	f893 3044 	ldrb.w	r3, [r3, #68]	@ 0x44
    29f2:	b25b      	sxtb	r3, r3
    29f4:	f1b3 3fff 	cmp.w	r3, #4294967295
    29f8:	d103      	bne.n	2a02 <xQueueReceive+0xa8>
    29fa:	6a3b      	ldr	r3, [r7, #32]
    29fc:	2200      	movs	r2, #0
    29fe:	f883 2044 	strb.w	r2, [r3, #68]	@ 0x44
    2a02:	6a3b      	ldr	r3, [r7, #32]
    2a04:	f893 3045 	ldrb.w	r3, [r3, #69]	@ 0x45
    2a08:	b25b      	sxtb	r3, r3
    2a0a:	f1b3 3fff 	cmp.w	r3, #4294967295
    2a0e:	d103      	bne.n	2a18 <xQueueReceive+0xbe>
    2a10:	6a3b      	ldr	r3, [r7, #32]
    2a12:	2200      	movs	r2, #0
    2a14:	f883 2045 	strb.w	r2, [r3, #69]	@ 0x45
    2a18:	f7ff fce8 	bl	23ec <vPortExitCritical>

        /* Update the timeout state to see if it has expired yet. */
        if( xTaskCheckForTimeOut( &xTimeOut, &xTicksToWait ) == pdFALSE )
    2a1c:	1d3a      	adds	r2, r7, #4
    2a1e:	f107 0314 	add.w	r3, r7, #20
    2a22:	4611      	mov	r1, r2
    2a24:	4618      	mov	r0, r3
    2a26:	f7fe fb19 	bl	105c <xTaskCheckForTimeOut>
    2a2a:	4603      	mov	r3, r0
    2a2c:	2b00      	cmp	r3, #0
    2a2e:	d123      	bne.n	2a78 <xQueueReceive+0x11e>
        {
            /* The timeout has not expired.  If the queue is still empty place
             * the task on the list of tasks waiting to receive from the queue. */
            if( prvIsQueueEmpty( pxQueue ) != pdFALSE )
    2a30:	6a38      	ldr	r0, [r7, #32]
    2a32:	f000 fb36 	bl	30a2 <prvIsQueueEmpty>
    2a36:	4603      	mov	r3, r0
    2a38:	2b00      	cmp	r3, #0
    2a3a:	d017      	beq.n	2a6c <xQueueReceive+0x112>
            {
                traceBLOCKING_ON_QUEUE_RECEIVE( pxQueue );
                vTaskPlaceOnEventList( &( pxQueue->xTasksWaitingToReceive ), xTicksToWait );
    2a3c:	6a3b      	ldr	r3, [r7, #32]
    2a3e:	3324      	adds	r3, #36	@ 0x24
    2a40:	687a      	ldr	r2, [r7, #4]
    2a42:	4611      	mov	r1, r2
    2a44:	4618      	mov	r0, r3
    2a46:	f7fe f921 	bl	c8c <vTaskPlaceOnEventList>
                prvUnlockQueue( pxQueue );
    2a4a:	6a38      	ldr	r0, [r7, #32]
    2a4c:	f000 fad7 	bl	2ffe <prvUnlockQueue>

                if( xTaskResumeAll() == pdFALSE )
    2a50:	f7fd fe7e 	bl	750 <xTaskResumeAll>
    2a54:	4603      	mov	r3, r0
    2a56:	2b00      	cmp	r3, #0
    2a58:	d189      	bne.n	296e <xQueueReceive+0x14>
                {
                    taskYIELD_WITHIN_API();
    2a5a:	4b10      	ldr	r3, [pc, #64]	@ (2a9c <xQueueReceive+0x142>)
    2a5c:	f04f 5280 	mov.w	r2, #268435456	@ 0x10000000
    2a60:	601a      	str	r2, [r3, #0]
    2a62:	f3bf 8f4f 	dsb	sy
    2a66:	f3bf 8f6f 	isb	sy
    2a6a:	e780      	b.n	296e <xQueueReceive+0x14>
            }
            else
            {
                /* The queue contains data again.  Loop back to try and read the
                 * data. */
                prvUnlockQueue( pxQueue );
    2a6c:	6a38      	ldr	r0, [r7, #32]
    2a6e:	f000 fac6 	bl	2ffe <prvUnlockQueue>
                ( void ) xTaskResumeAll();
    2a72:	f7fd fe6d 	bl	750 <xTaskResumeAll>
    2a76:	e77a      	b.n	296e <xQueueReceive+0x14>
        }
        else
        {
            /* Timed out.  If there is no data in the queue exit, otherwise loop
             * back and attempt to read the data. */
            prvUnlockQueue( pxQueue );
    2a78:	6a38      	ldr	r0, [r7, #32]
    2a7a:	f000 fac0 	bl	2ffe <prvUnlockQueue>
            ( void ) xTaskResumeAll();
    2a7e:	f7fd fe67 	bl	750 <xTaskResumeAll>

            if( prvIsQueueEmpty( pxQueue ) != pdFALSE )
    2a82:	6a38      	ldr	r0, [r7, #32]
    2a84:	f000 fb0d 	bl	30a2 <prvIsQueueEmpty>
    2a88:	4603      	mov	r3, r0
    2a8a:	2b00      	cmp	r3, #0
    2a8c:	f43f af6f 	beq.w	296e <xQueueReceive+0x14>
            {
                traceQUEUE_RECEIVE_FAILED( pxQueue );
                traceRETURN_xQueueReceive( errQUEUE_EMPTY );

                return errQUEUE_EMPTY;
    2a90:	2300      	movs	r3, #0
            {
                mtCOVERAGE_TEST_MARKER();
            }
        }
    }
}
    2a92:	4618      	mov	r0, r3
    2a94:	3728      	adds	r7, #40	@ 0x28
    2a96:	46bd      	mov	sp, r7
    2a98:	bd80      	pop	{r7, pc}
    2a9a:	bf00      	nop
    2a9c:	e000ed04 	and	lr, r0, r4, lsl #26

00002aa0 <xQueueSemaphoreTake>:
/*-----------------------------------------------------------*/

BaseType_t xQueueSemaphoreTake( QueueHandle_t xQueue,
                                TickType_t xTicksToWait )
{
    2aa0:	b580      	push	{r7, lr}
    2aa2:	b088      	sub	sp, #32
    2aa4:	af00      	add	r7, sp, #0
    2aa6:	6078      	str	r0, [r7, #4]
    2aa8:	6039      	str	r1, [r7, #0]
    BaseType_t xEntryTimeSet = pdFALSE;
    2aaa:	2300      	movs	r3, #0
    2aac:	61fb      	str	r3, [r7, #28]
    TimeOut_t xTimeOut;
    Queue_t * const pxQueue = xQueue;
    2aae:	687b      	ldr	r3, [r7, #4]
    2ab0:	61bb      	str	r3, [r7, #24]
    }
    #endif

    for( ; ; )
    {
        taskENTER_CRITICAL();
    2ab2:	f7ff fc81 	bl	23b8 <vPortEnterCritical>
        {
            /* Semaphores are queues with an item size of 0, and where the
             * number of messages in the queue is the semaphore's count value. */
            const UBaseType_t uxSemaphoreCount = pxQueue->uxMessagesWaiting;
    2ab6:	69bb      	ldr	r3, [r7, #24]
    2ab8:	6b9b      	ldr	r3, [r3, #56]	@ 0x38
    2aba:	617b      	str	r3, [r7, #20]

            /* Is there data in the queue now?  To be running the calling task
             * must be the highest priority task wanting to access the queue. */
            if( uxSemaphoreCount > ( UBaseType_t ) 0 )
    2abc:	697b      	ldr	r3, [r7, #20]
    2abe:	2b00      	cmp	r3, #0
    2ac0:	d01b      	beq.n	2afa <xQueueSemaphoreTake+0x5a>
            {
                traceQUEUE_RECEIVE( pxQueue );

                /* Semaphores are queues with a data size of zero and where the
                 * messages waiting is the semaphore's count.  Reduce the count. */
                pxQueue->uxMessagesWaiting = ( UBaseType_t ) ( uxSemaphoreCount - ( UBaseType_t ) 1 );
    2ac2:	697b      	ldr	r3, [r7, #20]
    2ac4:	1e5a      	subs	r2, r3, #1
    2ac6:	69bb      	ldr	r3, [r7, #24]
    2ac8:	639a      	str	r2, [r3, #56]	@ 0x38
                }
                #endif /* configUSE_MUTEXES */

                /* Check to see if other tasks are blocked waiting to give the
                 * semaphore, and if so, unblock the highest priority such task. */
                if( listLIST_IS_EMPTY( &( pxQueue->xTasksWaitingToSend ) ) == pdFALSE )
    2aca:	69bb      	ldr	r3, [r7, #24]
    2acc:	691b      	ldr	r3, [r3, #16]
    2ace:	2b00      	cmp	r3, #0
    2ad0:	d00f      	beq.n	2af2 <xQueueSemaphoreTake+0x52>
                {
                    if( xTaskRemoveFromEventList( &( pxQueue->xTasksWaitingToSend ) ) != pdFALSE )
    2ad2:	69bb      	ldr	r3, [r7, #24]
    2ad4:	3310      	adds	r3, #16
    2ad6:	4618      	mov	r0, r3
    2ad8:	f7fe f926 	bl	d28 <xTaskRemoveFromEventList>
    2adc:	4603      	mov	r3, r0
    2ade:	2b00      	cmp	r3, #0
    2ae0:	d007      	beq.n	2af2 <xQueueSemaphoreTake+0x52>
                    {
                        queueYIELD_IF_USING_PREEMPTION();
    2ae2:	4b3d      	ldr	r3, [pc, #244]	@ (2bd8 <xQueueSemaphoreTake+0x138>)
    2ae4:	f04f 5280 	mov.w	r2, #268435456	@ 0x10000000
    2ae8:	601a      	str	r2, [r3, #0]
    2aea:	f3bf 8f4f 	dsb	sy
    2aee:	f3bf 8f6f 	isb	sy
                else
                {
                    mtCOVERAGE_TEST_MARKER();
                }

                taskEXIT_CRITICAL();
    2af2:	f7ff fc7b 	bl	23ec <vPortExitCritical>

                traceRETURN_xQueueSemaphoreTake( pdPASS );

                return pdPASS;
    2af6:	2301      	movs	r3, #1
    2af8:	e069      	b.n	2bce <xQueueSemaphoreTake+0x12e>
            }
            else
            {
                if( xTicksToWait == ( TickType_t ) 0 )
    2afa:	683b      	ldr	r3, [r7, #0]
    2afc:	2b00      	cmp	r3, #0
    2afe:	d103      	bne.n	2b08 <xQueueSemaphoreTake+0x68>
                {
                    /* The semaphore count was 0 and no block time is specified
                     * (or the block time has expired) so exit now. */
                    taskEXIT_CRITICAL();
    2b00:	f7ff fc74 	bl	23ec <vPortExitCritical>

                    traceQUEUE_RECEIVE_FAILED( pxQueue );
                    traceRETURN_xQueueSemaphoreTake( errQUEUE_EMPTY );

                    return errQUEUE_EMPTY;
    2b04:	2300      	movs	r3, #0
    2b06:	e062      	b.n	2bce <xQueueSemaphoreTake+0x12e>
                }
                else if( xEntryTimeSet == pdFALSE )
    2b08:	69fb      	ldr	r3, [r7, #28]
    2b0a:	2b00      	cmp	r3, #0
    2b0c:	d106      	bne.n	2b1c <xQueueSemaphoreTake+0x7c>
                {
                    /* The semaphore count was 0 and a block time was specified
                     * so configure the timeout structure ready to block. */
                    vTaskInternalSetTimeOutState( &xTimeOut );
    2b0e:	f107 030c 	add.w	r3, r7, #12
    2b12:	4618      	mov	r0, r3
    2b14:	f7fe fa8c 	bl	1030 <vTaskInternalSetTimeOutState>
                    xEntryTimeSet = pdTRUE;
    2b18:	2301      	movs	r3, #1
    2b1a:	61fb      	str	r3, [r7, #28]
                    /* Entry time was already set. */
                    mtCOVERAGE_TEST_MARKER();
                }
            }
        }
        taskEXIT_CRITICAL();
    2b1c:	f7ff fc66 	bl	23ec <vPortExitCritical>

        /* Interrupts and other tasks can give to and take from the semaphore
         * now the critical section has been exited. */

        vTaskSuspendAll();
    2b20:	f7fd fe08 	bl	734 <vTaskSuspendAll>
        prvLockQueue( pxQueue );
    2b24:	f7ff fc48 	bl	23b8 <vPortEnterCritical>
    2b28:	69bb      	ldr	r3, [r7, #24]
    2b2a:	f893 3044 	ldrb.w	r3, [r3, #68]	@ 0x44
    2b2e:	b25b      	sxtb	r3, r3
    2b30:	f1b3 3fff 	cmp.w	r3, #4294967295
    2b34:	d103      	bne.n	2b3e <xQueueSemaphoreTake+0x9e>
    2b36:	69bb      	ldr	r3, [r7, #24]
    2b38:	2200      	movs	r2, #0
    2b3a:	f883 2044 	strb.w	r2, [r3, #68]	@ 0x44
    2b3e:	69bb      	ldr	r3, [r7, #24]
    2b40:	f893 3045 	ldrb.w	r3, [r3, #69]	@ 0x45
    2b44:	b25b      	sxtb	r3, r3
    2b46:	f1b3 3fff 	cmp.w	r3, #4294967295
    2b4a:	d103      	bne.n	2b54 <xQueueSemaphoreTake+0xb4>
    2b4c:	69bb      	ldr	r3, [r7, #24]
    2b4e:	2200      	movs	r2, #0
    2b50:	f883 2045 	strb.w	r2, [r3, #69]	@ 0x45
    2b54:	f7ff fc4a 	bl	23ec <vPortExitCritical>

        /* Update the timeout state to see if it has expired yet. */
        if( xTaskCheckForTimeOut( &xTimeOut, &xTicksToWait ) == pdFALSE )
    2b58:	463a      	mov	r2, r7
    2b5a:	f107 030c 	add.w	r3, r7, #12
    2b5e:	4611      	mov	r1, r2
    2b60:	4618      	mov	r0, r3
    2b62:	f7fe fa7b 	bl	105c <xTaskCheckForTimeOut>
    2b66:	4603      	mov	r3, r0
    2b68:	2b00      	cmp	r3, #0
    2b6a:	d123      	bne.n	2bb4 <xQueueSemaphoreTake+0x114>
        {
            /* A block time is specified and not expired.  If the semaphore
             * count is 0 then enter the Blocked state to wait for a semaphore to
             * become available.  As semaphores are implemented with queues the
             * queue being empty is equivalent to the semaphore count being 0. */
            if( prvIsQueueEmpty( pxQueue ) != pdFALSE )
    2b6c:	69b8      	ldr	r0, [r7, #24]
    2b6e:	f000 fa98 	bl	30a2 <prvIsQueueEmpty>
    2b72:	4603      	mov	r3, r0
    2b74:	2b00      	cmp	r3, #0
    2b76:	d017      	beq.n	2ba8 <xQueueSemaphoreTake+0x108>
                        mtCOVERAGE_TEST_MARKER();
                    }
                }
                #endif /* if ( configUSE_MUTEXES == 1 ) */

                vTaskPlaceOnEventList( &( pxQueue->xTasksWaitingToReceive ), xTicksToWait );
    2b78:	69bb      	ldr	r3, [r7, #24]
    2b7a:	3324      	adds	r3, #36	@ 0x24
    2b7c:	683a      	ldr	r2, [r7, #0]
    2b7e:	4611      	mov	r1, r2
    2b80:	4618      	mov	r0, r3
    2b82:	f7fe f883 	bl	c8c <vTaskPlaceOnEventList>
                prvUnlockQueue( pxQueue );
    2b86:	69b8      	ldr	r0, [r7, #24]
    2b88:	f000 fa39 	bl	2ffe <prvUnlockQueue>

                if( xTaskResumeAll() == pdFALSE )
    2b8c:	f7fd fde0 	bl	750 <xTaskResumeAll>
    2b90:	4603      	mov	r3, r0
    2b92:	2b00      	cmp	r3, #0
    2b94:	d18d      	bne.n	2ab2 <xQueueSemaphoreTake+0x12>
                {
                    taskYIELD_WITHIN_API();
    2b96:	4b10      	ldr	r3, [pc, #64]	@ (2bd8 <xQueueSemaphoreTake+0x138>)
    2b98:	f04f 5280 	mov.w	r2, #268435456	@ 0x10000000
    2b9c:	601a      	str	r2, [r3, #0]
    2b9e:	f3bf 8f4f 	dsb	sy
    2ba2:	f3bf 8f6f 	isb	sy
    2ba6:	e784      	b.n	2ab2 <xQueueSemaphoreTake+0x12>
            }
            else
            {
                /* There was no timeout and the semaphore count was not 0, so
                 * attempt to take the semaphore again. */
                prvUnlockQueue( pxQueue );
    2ba8:	69b8      	ldr	r0, [r7, #24]
    2baa:	f000 fa28 	bl	2ffe <prvUnlockQueue>
                ( void ) xTaskResumeAll();
    2bae:	f7fd fdcf 	bl	750 <xTaskResumeAll>
    2bb2:	e77e      	b.n	2ab2 <xQueueSemaphoreTake+0x12>
            }
        }
        else
        {
            /* Timed out. */
            prvUnlockQueue( pxQueue );
    2bb4:	69b8      	ldr	r0, [r7, #24]
    2bb6:	f000 fa22 	bl	2ffe <prvUnlockQueue>
            ( void ) xTaskResumeAll();
    2bba:	f7fd fdc9 	bl	750 <xTaskResumeAll>

            /* If the semaphore count is 0 exit now as the timeout has
             * expired.  Otherwise return to attempt to take the semaphore that is
             * known to be available.  As semaphores are implemented by queues the
             * queue being empty is equivalent to the semaphore count being 0. */
            if( prvIsQueueEmpty( pxQueue ) != pdFALSE )
    2bbe:	69b8      	ldr	r0, [r7, #24]
    2bc0:	f000 fa6f 	bl	30a2 <prvIsQueueEmpty>
    2bc4:	4603      	mov	r3, r0
    2bc6:	2b00      	cmp	r3, #0
    2bc8:	f43f af73 	beq.w	2ab2 <xQueueSemaphoreTake+0x12>
                #endif /* configUSE_MUTEXES */

                traceQUEUE_RECEIVE_FAILED( pxQueue );
                traceRETURN_xQueueSemaphoreTake( errQUEUE_EMPTY );

                return errQUEUE_EMPTY;
    2bcc:	2300      	movs	r3, #0
            {
                mtCOVERAGE_TEST_MARKER();
            }
        }
    }
}
    2bce:	4618      	mov	r0, r3
    2bd0:	3720      	adds	r7, #32
    2bd2:	46bd      	mov	sp, r7
    2bd4:	bd80      	pop	{r7, pc}
    2bd6:	bf00      	nop
    2bd8:	e000ed04 	and	lr, r0, r4, lsl #26

00002bdc <xQueuePeek>:
/*-----------------------------------------------------------*/

BaseType_t xQueuePeek( QueueHandle_t xQueue,
                       void * const pvBuffer,
                       TickType_t xTicksToWait )
{
    2bdc:	b580      	push	{r7, lr}
    2bde:	b08a      	sub	sp, #40	@ 0x28
    2be0:	af00      	add	r7, sp, #0
    2be2:	60f8      	str	r0, [r7, #12]
    2be4:	60b9      	str	r1, [r7, #8]
    2be6:	607a      	str	r2, [r7, #4]
    BaseType_t xEntryTimeSet = pdFALSE;
    2be8:	2300      	movs	r3, #0
    2bea:	627b      	str	r3, [r7, #36]	@ 0x24
    TimeOut_t xTimeOut;
    int8_t * pcOriginalReadPosition;
    Queue_t * const pxQueue = xQueue;
    2bec:	68fb      	ldr	r3, [r7, #12]
    2bee:	623b      	str	r3, [r7, #32]
    }
    #endif

    for( ; ; )
    {
        taskENTER_CRITICAL();
    2bf0:	f7ff fbe2 	bl	23b8 <vPortEnterCritical>
        {
            const UBaseType_t uxMessagesWaiting = pxQueue->uxMessagesWaiting;
    2bf4:	6a3b      	ldr	r3, [r7, #32]
    2bf6:	6b9b      	ldr	r3, [r3, #56]	@ 0x38
    2bf8:	61fb      	str	r3, [r7, #28]

            /* Is there data in the queue now?  To be running the calling task
             * must be the highest priority task wanting to access the queue. */
            if( uxMessagesWaiting > ( UBaseType_t ) 0 )
    2bfa:	69fb      	ldr	r3, [r7, #28]
    2bfc:	2b00      	cmp	r3, #0
    2bfe:	d021      	beq.n	2c44 <xQueuePeek+0x68>
            {
                /* Remember the read position so it can be reset after the data
                 * is read from the queue as this function is only peeking the
                 * data, not removing it. */
                pcOriginalReadPosition = pxQueue->u.xQueue.pcReadFrom;
    2c00:	6a3b      	ldr	r3, [r7, #32]
    2c02:	68db      	ldr	r3, [r3, #12]
    2c04:	61bb      	str	r3, [r7, #24]

                prvCopyDataFromQueue( pxQueue, pvBuffer );
    2c06:	68b9      	ldr	r1, [r7, #8]
    2c08:	6a38      	ldr	r0, [r7, #32]
    2c0a:	f000 f9d2 	bl	2fb2 <prvCopyDataFromQueue>
                traceQUEUE_PEEK( pxQueue );

                /* The data is not being removed, so reset the read pointer. */
                pxQueue->u.xQueue.pcReadFrom = pcOriginalReadPosition;
    2c0e:	6a3b      	ldr	r3, [r7, #32]
    2c10:	69ba      	ldr	r2, [r7, #24]
    2c12:	60da      	str	r2, [r3, #12]

                /* The data is being left in the queue, so see if there are
                 * any other tasks waiting for the data. */
                if( listLIST_IS_EMPTY( &( pxQueue->xTasksWaitingToReceive ) ) == pdFALSE )
    2c14:	6a3b      	ldr	r3, [r7, #32]
    2c16:	6a5b      	ldr	r3, [r3, #36]	@ 0x24
    2c18:	2b00      	cmp	r3, #0
    2c1a:	d00f      	beq.n	2c3c <xQueuePeek+0x60>
                {
                    if( xTaskRemoveFromEventList( &( pxQueue->xTasksWaitingToReceive ) ) != pdFALSE )
    2c1c:	6a3b      	ldr	r3, [r7, #32]
    2c1e:	3324      	adds	r3, #36	@ 0x24
    2c20:	4618      	mov	r0, r3
    2c22:	f7fe f881 	bl	d28 <xTaskRemoveFromEventList>
    2c26:	4603      	mov	r3, r0
    2c28:	2b00      	cmp	r3, #0
    2c2a:	d007      	beq.n	2c3c <xQueuePeek+0x60>
                    {
                        /* The task waiting has a higher priority than this task. */
                        queueYIELD_IF_USING_PREEMPTION();
    2c2c:	4b3c      	ldr	r3, [pc, #240]	@ (2d20 <xQueuePeek+0x144>)
    2c2e:	f04f 5280 	mov.w	r2, #268435456	@ 0x10000000
    2c32:	601a      	str	r2, [r3, #0]
    2c34:	f3bf 8f4f 	dsb	sy
    2c38:	f3bf 8f6f 	isb	sy
                else
                {
                    mtCOVERAGE_TEST_MARKER();
                }

                taskEXIT_CRITICAL();
    2c3c:	f7ff fbd6 	bl	23ec <vPortExitCritical>

                traceRETURN_xQueuePeek( pdPASS );

                return pdPASS;
    2c40:	2301      	movs	r3, #1
    2c42:	e069      	b.n	2d18 <xQueuePeek+0x13c>
            }
            else
            {
                if( xTicksToWait == ( TickType_t ) 0 )
    2c44:	687b      	ldr	r3, [r7, #4]
    2c46:	2b00      	cmp	r3, #0
    2c48:	d103      	bne.n	2c52 <xQueuePeek+0x76>
                {
                    /* The queue was empty and no block time is specified (or
                     * the block time has expired) so leave now. */
                    taskEXIT_CRITICAL();
    2c4a:	f7ff fbcf 	bl	23ec <vPortExitCritical>

                    traceQUEUE_PEEK_FAILED( pxQueue );
                    traceRETURN_xQueuePeek( errQUEUE_EMPTY );

                    return errQUEUE_EMPTY;
    2c4e:	2300      	movs	r3, #0
    2c50:	e062      	b.n	2d18 <xQueuePeek+0x13c>
                }
                else if( xEntryTimeSet == pdFALSE )
    2c52:	6a7b      	ldr	r3, [r7, #36]	@ 0x24
    2c54:	2b00      	cmp	r3, #0
    2c56:	d106      	bne.n	2c66 <xQueuePeek+0x8a>
                {
                    /* The queue was empty and a block time was specified so
                     * configure the timeout structure ready to enter the blocked
                     * state. */
                    vTaskInternalSetTimeOutState( &xTimeOut );
    2c58:	f107 0310 	add.w	r3, r7, #16
    2c5c:	4618      	mov	r0, r3
    2c5e:	f7fe f9e7 	bl	1030 <vTaskInternalSetTimeOutState>
                    xEntryTimeSet = pdTRUE;
    2c62:	2301      	movs	r3, #1
    2c64:	627b      	str	r3, [r7, #36]	@ 0x24
                    /* Entry time was already set. */
                    mtCOVERAGE_TEST_MARKER();
                }
            }
        }
        taskEXIT_CRITICAL();
    2c66:	f7ff fbc1 	bl	23ec <vPortExitCritical>

        /* Interrupts and other tasks can send to and receive from the queue
         * now that the critical section has been exited. */

        vTaskSuspendAll();
    2c6a:	f7fd fd63 	bl	734 <vTaskSuspendAll>
        prvLockQueue( pxQueue );
    2c6e:	f7ff fba3 	bl	23b8 <vPortEnterCritical>
    2c72:	6a3b      	ldr	r3, [r7, #32]
    2c74:	f893 3044 	ldrb.w	r3, [r3, #68]	@ 0x44
    2c78:	b25b      	sxtb	r3, r3
    2c7a:	f1b3 3fff 	cmp.w	r3, #4294967295
    2c7e:	d103      	bne.n	2c88 <xQueuePeek+0xac>
    2c80:	6a3b      	ldr	r3, [r7, #32]
    2c82:	2200      	movs	r2, #0
    2c84:	f883 2044 	strb.w	r2, [r3, #68]	@ 0x44
    2c88:	6a3b      	ldr	r3, [r7, #32]
    2c8a:	f893 3045 	ldrb.w	r3, [r3, #69]	@ 0x45
    2c8e:	b25b      	sxtb	r3, r3
    2c90:	f1b3 3fff 	cmp.w	r3, #4294967295
    2c94:	d103      	bne.n	2c9e <xQueuePeek+0xc2>
    2c96:	6a3b      	ldr	r3, [r7, #32]
    2c98:	2200      	movs	r2, #0
    2c9a:	f883 2045 	strb.w	r2, [r3, #69]	@ 0x45
    2c9e:	f7ff fba5 	bl	23ec <vPortExitCritical>

        /* Update the timeout state to see if it has expired yet. */
        if( xTaskCheckForTimeOut( &xTimeOut, &xTicksToWait ) == pdFALSE )
    2ca2:	1d3a      	adds	r2, r7, #4
    2ca4:	f107 0310 	add.w	r3, r7, #16
    2ca8:	4611      	mov	r1, r2
    2caa:	4618      	mov	r0, r3
    2cac:	f7fe f9d6 	bl	105c <xTaskCheckForTimeOut>
    2cb0:	4603      	mov	r3, r0
    2cb2:	2b00      	cmp	r3, #0
    2cb4:	d123      	bne.n	2cfe <xQueuePeek+0x122>
        {
            /* Timeout has not expired yet, check to see if there is data in the
            * queue now, and if not enter the Blocked state to wait for data. */
            if( prvIsQueueEmpty( pxQueue ) != pdFALSE )
    2cb6:	6a38      	ldr	r0, [r7, #32]
    2cb8:	f000 f9f3 	bl	30a2 <prvIsQueueEmpty>
    2cbc:	4603      	mov	r3, r0
    2cbe:	2b00      	cmp	r3, #0
    2cc0:	d017      	beq.n	2cf2 <xQueuePeek+0x116>
            {
                traceBLOCKING_ON_QUEUE_PEEK( pxQueue );
                vTaskPlaceOnEventList( &( pxQueue->xTasksWaitingToReceive ), xTicksToWait );
    2cc2:	6a3b      	ldr	r3, [r7, #32]
    2cc4:	3324      	adds	r3, #36	@ 0x24
    2cc6:	687a      	ldr	r2, [r7, #4]
    2cc8:	4611      	mov	r1, r2
    2cca:	4618      	mov	r0, r3
    2ccc:	f7fd ffde 	bl	c8c <vTaskPlaceOnEventList>
                prvUnlockQueue( pxQueue );
    2cd0:	6a38      	ldr	r0, [r7, #32]
    2cd2:	f000 f994 	bl	2ffe <prvUnlockQueue>

                if( xTaskResumeAll() == pdFALSE )
    2cd6:	f7fd fd3b 	bl	750 <xTaskResumeAll>
    2cda:	4603      	mov	r3, r0
    2cdc:	2b00      	cmp	r3, #0
    2cde:	d187      	bne.n	2bf0 <xQueuePeek+0x14>
                {
                    taskYIELD_WITHIN_API();
    2ce0:	4b0f      	ldr	r3, [pc, #60]	@ (2d20 <xQueuePeek+0x144>)
    2ce2:	f04f 5280 	mov.w	r2, #268435456	@ 0x10000000
    2ce6:	601a      	str	r2, [r3, #0]
    2ce8:	f3bf 8f4f 	dsb	sy
    2cec:	f3bf 8f6f 	isb	sy
    2cf0:	e77e      	b.n	2bf0 <xQueuePeek+0x14>
            }
            else
            {
                /* There is data in the queue now, so don't enter the blocked
                 * state, instead return to try and obtain the data. */
                prvUnlockQueue( pxQueue );
    2cf2:	6a38      	ldr	r0, [r7, #32]
    2cf4:	f000 f983 	bl	2ffe <prvUnlockQueue>
                ( void ) xTaskResumeAll();
    2cf8:	f7fd fd2a 	bl	750 <xTaskResumeAll>
    2cfc:	e778      	b.n	2bf0 <xQueuePeek+0x14>
        }
        else
        {
            /* The timeout has expired.  If there is still no data in the queue
             * exit, otherwise go back and try to read the data again. */
            prvUnlockQueue( pxQueue );
    2cfe:	6a38      	ldr	r0, [r7, #32]
    2d00:	f000 f97d 	bl	2ffe <prvUnlockQueue>
            ( void ) xTaskResumeAll();
    2d04:	f7fd fd24 	bl	750 <xTaskResumeAll>

            if( prvIsQueueEmpty( pxQueue ) != pdFALSE )
    2d08:	6a38      	ldr	r0, [r7, #32]
    2d0a:	f000 f9ca 	bl	30a2 <prvIsQueueEmpty>
    2d0e:	4603      	mov	r3, r0
    2d10:	2b00      	cmp	r3, #0
    2d12:	f43f af6d 	beq.w	2bf0 <xQueuePeek+0x14>
            {
                traceQUEUE_PEEK_FAILED( pxQueue );
                traceRETURN_xQueuePeek( errQUEUE_EMPTY );

                return errQUEUE_EMPTY;
    2d16:	2300      	movs	r3, #0
            {
                mtCOVERAGE_TEST_MARKER();
            }
        }
    }
}
    2d18:	4618      	mov	r0, r3
    2d1a:	3728      	adds	r7, #40	@ 0x28
    2d1c:	46bd      	mov	sp, r7
    2d1e:	bd80      	pop	{r7, pc}
    2d20:	e000ed04 	and	lr, r0, r4, lsl #26

00002d24 <xQueueReceiveFromISR>:
/*-----------------------------------------------------------*/

BaseType_t xQueueReceiveFromISR( QueueHandle_t xQueue,
                                 void * const pvBuffer,
                                 BaseType_t * const pxHigherPriorityTaskWoken )
{
    2d24:	b580      	push	{r7, lr}
    2d26:	b08e      	sub	sp, #56	@ 0x38
    2d28:	af00      	add	r7, sp, #0
    2d2a:	60f8      	str	r0, [r7, #12]
    2d2c:	60b9      	str	r1, [r7, #8]
    2d2e:	607a      	str	r2, [r7, #4]
    BaseType_t xReturn;
    UBaseType_t uxSavedInterruptStatus;
    Queue_t * const pxQueue = xQueue;
    2d30:	68fb      	ldr	r3, [r7, #12]
    2d32:	633b      	str	r3, [r7, #48]	@ 0x30
    __asm volatile
    2d34:	f3ef 8211 	mrs	r2, BASEPRI
    2d38:	f04f 0301 	mov.w	r3, #1
    2d3c:	f383 8811 	msr	BASEPRI, r3
    2d40:	f3bf 8f6f 	isb	sy
    2d44:	f3bf 8f4f 	dsb	sy
    2d48:	61fa      	str	r2, [r7, #28]
    2d4a:	61bb      	str	r3, [r7, #24]
    return ulOriginalBASEPRI;
    2d4c:	69fb      	ldr	r3, [r7, #28]
    portASSERT_IF_INTERRUPT_PRIORITY_INVALID();

    /* MISRA Ref 4.7.1 [Return value shall be checked] */
    /* More details at: https://github.com/FreeRTOS/FreeRTOS-Kernel/blob/main/MISRA.md#dir-47 */
    /* coverity[misra_c_2012_directive_4_7_violation] */
    uxSavedInterruptStatus = ( UBaseType_t ) taskENTER_CRITICAL_FROM_ISR();
    2d4e:	62fb      	str	r3, [r7, #44]	@ 0x2c
    {
        const UBaseType_t uxMessagesWaiting = pxQueue->uxMessagesWaiting;
    2d50:	6b3b      	ldr	r3, [r7, #48]	@ 0x30
    2d52:	6b9b      	ldr	r3, [r3, #56]	@ 0x38
    2d54:	62bb      	str	r3, [r7, #40]	@ 0x28

        /* Cannot block in an ISR, so check there is data available. */
        if( uxMessagesWaiting > ( UBaseType_t ) 0 )
    2d56:	6abb      	ldr	r3, [r7, #40]	@ 0x28
    2d58:	2b00      	cmp	r3, #0
    2d5a:	d037      	beq.n	2dcc <xQueueReceiveFromISR+0xa8>
        {
            const int8_t cRxLock = pxQueue->cRxLock;
    2d5c:	6b3b      	ldr	r3, [r7, #48]	@ 0x30
    2d5e:	f893 3044 	ldrb.w	r3, [r3, #68]	@ 0x44
    2d62:	f887 3027 	strb.w	r3, [r7, #39]	@ 0x27

            traceQUEUE_RECEIVE_FROM_ISR( pxQueue );

            prvCopyDataFromQueue( pxQueue, pvBuffer );
    2d66:	68b9      	ldr	r1, [r7, #8]
    2d68:	6b38      	ldr	r0, [r7, #48]	@ 0x30
    2d6a:	f000 f922 	bl	2fb2 <prvCopyDataFromQueue>
            pxQueue->uxMessagesWaiting = ( UBaseType_t ) ( uxMessagesWaiting - ( UBaseType_t ) 1 );
    2d6e:	6abb      	ldr	r3, [r7, #40]	@ 0x28
    2d70:	1e5a      	subs	r2, r3, #1
    2d72:	6b3b      	ldr	r3, [r7, #48]	@ 0x30
    2d74:	639a      	str	r2, [r3, #56]	@ 0x38

            /* If the queue is locked the event list will not be modified.
             * Instead update the lock count so the task that unlocks the queue
             * will know that an ISR has removed data while the queue was
             * locked. */
            if( cRxLock == queueUNLOCKED )
    2d76:	f997 3027 	ldrsb.w	r3, [r7, #39]	@ 0x27
    2d7a:	f1b3 3fff 	cmp.w	r3, #4294967295
    2d7e:	d112      	bne.n	2da6 <xQueueReceiveFromISR+0x82>
            {
                if( listLIST_IS_EMPTY( &( pxQueue->xTasksWaitingToSend ) ) == pdFALSE )
    2d80:	6b3b      	ldr	r3, [r7, #48]	@ 0x30
    2d82:	691b      	ldr	r3, [r3, #16]
    2d84:	2b00      	cmp	r3, #0
    2d86:	d01e      	beq.n	2dc6 <xQueueReceiveFromISR+0xa2>
                {
                    if( xTaskRemoveFromEventList( &( pxQueue->xTasksWaitingToSend ) ) != pdFALSE )
    2d88:	6b3b      	ldr	r3, [r7, #48]	@ 0x30
    2d8a:	3310      	adds	r3, #16
    2d8c:	4618      	mov	r0, r3
    2d8e:	f7fd ffcb 	bl	d28 <xTaskRemoveFromEventList>
    2d92:	4603      	mov	r3, r0
    2d94:	2b00      	cmp	r3, #0
    2d96:	d016      	beq.n	2dc6 <xQueueReceiveFromISR+0xa2>
                    {
                        /* The task waiting has a higher priority than us so
                         * force a context switch. */
                        if( pxHigherPriorityTaskWoken != NULL )
    2d98:	687b      	ldr	r3, [r7, #4]
    2d9a:	2b00      	cmp	r3, #0
    2d9c:	d013      	beq.n	2dc6 <xQueueReceiveFromISR+0xa2>
                        {
                            *pxHigherPriorityTaskWoken = pdTRUE;
    2d9e:	687b      	ldr	r3, [r7, #4]
    2da0:	2201      	movs	r2, #1
    2da2:	601a      	str	r2, [r3, #0]
    2da4:	e00f      	b.n	2dc6 <xQueueReceiveFromISR+0xa2>
            }
            else
            {
                /* Increment the lock count so the task that unlocks the queue
                 * knows that data was removed while it was locked. */
                prvIncrementQueueRxLock( pxQueue, cRxLock );
    2da6:	f7fd fde9 	bl	97c <uxTaskGetNumberOfTasks>
    2daa:	6238      	str	r0, [r7, #32]
    2dac:	f997 3027 	ldrsb.w	r3, [r7, #39]	@ 0x27
    2db0:	6a3a      	ldr	r2, [r7, #32]
    2db2:	429a      	cmp	r2, r3
    2db4:	d907      	bls.n	2dc6 <xQueueReceiveFromISR+0xa2>
    2db6:	f897 3027 	ldrb.w	r3, [r7, #39]	@ 0x27
    2dba:	3301      	adds	r3, #1
    2dbc:	b2db      	uxtb	r3, r3
    2dbe:	b25a      	sxtb	r2, r3
    2dc0:	6b3b      	ldr	r3, [r7, #48]	@ 0x30
    2dc2:	f883 2044 	strb.w	r2, [r3, #68]	@ 0x44
            }

            xReturn = pdPASS;
    2dc6:	2301      	movs	r3, #1
    2dc8:	637b      	str	r3, [r7, #52]	@ 0x34
    2dca:	e001      	b.n	2dd0 <xQueueReceiveFromISR+0xac>
        }
        else
        {
            xReturn = pdFAIL;
    2dcc:	2300      	movs	r3, #0
    2dce:	637b      	str	r3, [r7, #52]	@ 0x34
    2dd0:	6afb      	ldr	r3, [r7, #44]	@ 0x2c
    2dd2:	617b      	str	r3, [r7, #20]
    __asm volatile
    2dd4:	697b      	ldr	r3, [r7, #20]
    2dd6:	f383 8811 	msr	BASEPRI, r3
}
    2dda:	bf00      	nop
    }
    taskEXIT_CRITICAL_FROM_ISR( uxSavedInterruptStatus );

    traceRETURN_xQueueReceiveFromISR( xReturn );

    return xReturn;
    2ddc:	6b7b      	ldr	r3, [r7, #52]	@ 0x34
}
    2dde:	4618      	mov	r0, r3
    2de0:	3738      	adds	r7, #56	@ 0x38
    2de2:	46bd      	mov	sp, r7
    2de4:	bd80      	pop	{r7, pc}

00002de6 <xQueuePeekFromISR>:
/*-----------------------------------------------------------*/

BaseType_t xQueuePeekFromISR( QueueHandle_t xQueue,
                              void * const pvBuffer )
{
    2de6:	b580      	push	{r7, lr}
    2de8:	b08a      	sub	sp, #40	@ 0x28
    2dea:	af00      	add	r7, sp, #0
    2dec:	6078      	str	r0, [r7, #4]
    2dee:	6039      	str	r1, [r7, #0]
    BaseType_t xReturn;
    UBaseType_t uxSavedInterruptStatus;
    int8_t * pcOriginalReadPosition;
    Queue_t * const pxQueue = xQueue;
    2df0:	687b      	ldr	r3, [r7, #4]
    2df2:	623b      	str	r3, [r7, #32]
    __asm volatile
    2df4:	f3ef 8211 	mrs	r2, BASEPRI
    2df8:	f04f 0301 	mov.w	r3, #1
    2dfc:	f383 8811 	msr	BASEPRI, r3
    2e00:	f3bf 8f6f 	isb	sy
    2e04:	f3bf 8f4f 	dsb	sy
    2e08:	617a      	str	r2, [r7, #20]
    2e0a:	613b      	str	r3, [r7, #16]
    return ulOriginalBASEPRI;
    2e0c:	697b      	ldr	r3, [r7, #20]
    portASSERT_IF_INTERRUPT_PRIORITY_INVALID();

    /* MISRA Ref 4.7.1 [Return value shall be checked] */
    /* More details at: https://github.com/FreeRTOS/FreeRTOS-Kernel/blob/main/MISRA.md#dir-47 */
    /* coverity[misra_c_2012_directive_4_7_violation] */
    uxSavedInterruptStatus = ( UBaseType_t ) taskENTER_CRITICAL_FROM_ISR();
    2e0e:	61fb      	str	r3, [r7, #28]
    {
        /* Cannot block in an ISR, so check there is data available. */
        if( pxQueue->uxMessagesWaiting > ( UBaseType_t ) 0 )
    2e10:	6a3b      	ldr	r3, [r7, #32]
    2e12:	6b9b      	ldr	r3, [r3, #56]	@ 0x38
    2e14:	2b00      	cmp	r3, #0
    2e16:	d00c      	beq.n	2e32 <xQueuePeekFromISR+0x4c>
        {
            traceQUEUE_PEEK_FROM_ISR( pxQueue );

            /* Remember the read position so it can be reset as nothing is
             * actually being removed from the queue. */
            pcOriginalReadPosition = pxQueue->u.xQueue.pcReadFrom;
    2e18:	6a3b      	ldr	r3, [r7, #32]
    2e1a:	68db      	ldr	r3, [r3, #12]
    2e1c:	61bb      	str	r3, [r7, #24]
            prvCopyDataFromQueue( pxQueue, pvBuffer );
    2e1e:	6839      	ldr	r1, [r7, #0]
    2e20:	6a38      	ldr	r0, [r7, #32]
    2e22:	f000 f8c6 	bl	2fb2 <prvCopyDataFromQueue>
            pxQueue->u.xQueue.pcReadFrom = pcOriginalReadPosition;
    2e26:	6a3b      	ldr	r3, [r7, #32]
    2e28:	69ba      	ldr	r2, [r7, #24]
    2e2a:	60da      	str	r2, [r3, #12]

            xReturn = pdPASS;
    2e2c:	2301      	movs	r3, #1
    2e2e:	627b      	str	r3, [r7, #36]	@ 0x24
    2e30:	e001      	b.n	2e36 <xQueuePeekFromISR+0x50>
        }
        else
        {
            xReturn = pdFAIL;
    2e32:	2300      	movs	r3, #0
    2e34:	627b      	str	r3, [r7, #36]	@ 0x24
    2e36:	69fb      	ldr	r3, [r7, #28]
    2e38:	60fb      	str	r3, [r7, #12]
    __asm volatile
    2e3a:	68fb      	ldr	r3, [r7, #12]
    2e3c:	f383 8811 	msr	BASEPRI, r3
}
    2e40:	bf00      	nop
    }
    taskEXIT_CRITICAL_FROM_ISR( uxSavedInterruptStatus );

    traceRETURN_xQueuePeekFromISR( xReturn );

    return xReturn;
    2e42:	6a7b      	ldr	r3, [r7, #36]	@ 0x24
}
    2e44:	4618      	mov	r0, r3
    2e46:	3728      	adds	r7, #40	@ 0x28
    2e48:	46bd      	mov	sp, r7
    2e4a:	bd80      	pop	{r7, pc}

00002e4c <uxQueueMessagesWaiting>:
/*-----------------------------------------------------------*/

UBaseType_t uxQueueMessagesWaiting( const QueueHandle_t xQueue )
{
    2e4c:	b580      	push	{r7, lr}
    2e4e:	b084      	sub	sp, #16
    2e50:	af00      	add	r7, sp, #0
    2e52:	6078      	str	r0, [r7, #4]

    traceENTER_uxQueueMessagesWaiting( xQueue );

    configASSERT( xQueue );

    portBASE_TYPE_ENTER_CRITICAL();
    2e54:	f7ff fab0 	bl	23b8 <vPortEnterCritical>
    {
        uxReturn = ( ( Queue_t * ) xQueue )->uxMessagesWaiting;
    2e58:	687b      	ldr	r3, [r7, #4]
    2e5a:	6b9b      	ldr	r3, [r3, #56]	@ 0x38
    2e5c:	60fb      	str	r3, [r7, #12]
    }
    portBASE_TYPE_EXIT_CRITICAL();
    2e5e:	f7ff fac5 	bl	23ec <vPortExitCritical>

    traceRETURN_uxQueueMessagesWaiting( uxReturn );

    return uxReturn;
    2e62:	68fb      	ldr	r3, [r7, #12]
}
    2e64:	4618      	mov	r0, r3
    2e66:	3710      	adds	r7, #16
    2e68:	46bd      	mov	sp, r7
    2e6a:	bd80      	pop	{r7, pc}

00002e6c <uxQueueSpacesAvailable>:
/*-----------------------------------------------------------*/

UBaseType_t uxQueueSpacesAvailable( const QueueHandle_t xQueue )
{
    2e6c:	b580      	push	{r7, lr}
    2e6e:	b084      	sub	sp, #16
    2e70:	af00      	add	r7, sp, #0
    2e72:	6078      	str	r0, [r7, #4]
    UBaseType_t uxReturn;
    Queue_t * const pxQueue = xQueue;
    2e74:	687b      	ldr	r3, [r7, #4]
    2e76:	60fb      	str	r3, [r7, #12]

    traceENTER_uxQueueSpacesAvailable( xQueue );

    configASSERT( pxQueue );

    portBASE_TYPE_ENTER_CRITICAL();
    2e78:	f7ff fa9e 	bl	23b8 <vPortEnterCritical>
    {
        uxReturn = ( UBaseType_t ) ( pxQueue->uxLength - pxQueue->uxMessagesWaiting );
    2e7c:	68fb      	ldr	r3, [r7, #12]
    2e7e:	6bda      	ldr	r2, [r3, #60]	@ 0x3c
    2e80:	68fb      	ldr	r3, [r7, #12]
    2e82:	6b9b      	ldr	r3, [r3, #56]	@ 0x38
    2e84:	1ad3      	subs	r3, r2, r3
    2e86:	60bb      	str	r3, [r7, #8]
    }
    portBASE_TYPE_EXIT_CRITICAL();
    2e88:	f7ff fab0 	bl	23ec <vPortExitCritical>

    traceRETURN_uxQueueSpacesAvailable( uxReturn );

    return uxReturn;
    2e8c:	68bb      	ldr	r3, [r7, #8]
}
    2e8e:	4618      	mov	r0, r3
    2e90:	3710      	adds	r7, #16
    2e92:	46bd      	mov	sp, r7
    2e94:	bd80      	pop	{r7, pc}

00002e96 <uxQueueMessagesWaitingFromISR>:
/*-----------------------------------------------------------*/

UBaseType_t uxQueueMessagesWaitingFromISR( const QueueHandle_t xQueue )
{
    2e96:	b480      	push	{r7}
    2e98:	b085      	sub	sp, #20
    2e9a:	af00      	add	r7, sp, #0
    2e9c:	6078      	str	r0, [r7, #4]
    UBaseType_t uxReturn;
    Queue_t * const pxQueue = xQueue;
    2e9e:	687b      	ldr	r3, [r7, #4]
    2ea0:	60fb      	str	r3, [r7, #12]

    traceENTER_uxQueueMessagesWaitingFromISR( xQueue );

    configASSERT( pxQueue );
    uxReturn = pxQueue->uxMessagesWaiting;
    2ea2:	68fb      	ldr	r3, [r7, #12]
    2ea4:	6b9b      	ldr	r3, [r3, #56]	@ 0x38
    2ea6:	60bb      	str	r3, [r7, #8]

    traceRETURN_uxQueueMessagesWaitingFromISR( uxReturn );

    return uxReturn;
    2ea8:	68bb      	ldr	r3, [r7, #8]
}
    2eaa:	4618      	mov	r0, r3
    2eac:	3714      	adds	r7, #20
    2eae:	46bd      	mov	sp, r7
    2eb0:	bc80      	pop	{r7}
    2eb2:	4770      	bx	lr

00002eb4 <vQueueDelete>:
/*-----------------------------------------------------------*/

void vQueueDelete( QueueHandle_t xQueue )
{
    2eb4:	b580      	push	{r7, lr}
    2eb6:	b084      	sub	sp, #16
    2eb8:	af00      	add	r7, sp, #0
    2eba:	6078      	str	r0, [r7, #4]
    Queue_t * const pxQueue = xQueue;
    2ebc:	687b      	ldr	r3, [r7, #4]
    2ebe:	60fb      	str	r3, [r7, #12]

    #if ( ( configSUPPORT_DYNAMIC_ALLOCATION == 1 ) && ( configSUPPORT_STATIC_ALLOCATION == 0 ) )
    {
        /* The queue can only have been allocated dynamically - free it
         * again. */
        vPortFree( pxQueue );
    2ec0:	68f8      	ldr	r0, [r7, #12]
    2ec2:	f7ff f81b 	bl	1efc <vPortFree>
        ( void ) pxQueue;
    }
    #endif /* configSUPPORT_DYNAMIC_ALLOCATION */

    traceRETURN_vQueueDelete();
}
    2ec6:	bf00      	nop
    2ec8:	3710      	adds	r7, #16
    2eca:	46bd      	mov	sp, r7
    2ecc:	bd80      	pop	{r7, pc}

00002ece <uxQueueGetQueueItemSize>:

#endif /* configUSE_TRACE_FACILITY */
/*-----------------------------------------------------------*/

UBaseType_t uxQueueGetQueueItemSize( QueueHandle_t xQueue ) /* PRIVILEGED_FUNCTION */
{
    2ece:	b480      	push	{r7}
    2ed0:	b083      	sub	sp, #12
    2ed2:	af00      	add	r7, sp, #0
    2ed4:	6078      	str	r0, [r7, #4]
    traceENTER_uxQueueGetQueueItemSize( xQueue );

    traceRETURN_uxQueueGetQueueItemSize( ( ( Queue_t * ) xQueue )->uxItemSize );

    return ( ( Queue_t * ) xQueue )->uxItemSize;
    2ed6:	687b      	ldr	r3, [r7, #4]
    2ed8:	6c1b      	ldr	r3, [r3, #64]	@ 0x40
}
    2eda:	4618      	mov	r0, r3
    2edc:	370c      	adds	r7, #12
    2ede:	46bd      	mov	sp, r7
    2ee0:	bc80      	pop	{r7}
    2ee2:	4770      	bx	lr

00002ee4 <uxQueueGetQueueLength>:
/*-----------------------------------------------------------*/

UBaseType_t uxQueueGetQueueLength( QueueHandle_t xQueue ) /* PRIVILEGED_FUNCTION */
{
    2ee4:	b480      	push	{r7}
    2ee6:	b083      	sub	sp, #12
    2ee8:	af00      	add	r7, sp, #0
    2eea:	6078      	str	r0, [r7, #4]
    traceENTER_uxQueueGetQueueLength( xQueue );

    traceRETURN_uxQueueGetQueueLength( ( ( Queue_t * ) xQueue )->uxLength );

    return ( ( Queue_t * ) xQueue )->uxLength;
    2eec:	687b      	ldr	r3, [r7, #4]
    2eee:	6bdb      	ldr	r3, [r3, #60]	@ 0x3c
}
    2ef0:	4618      	mov	r0, r3
    2ef2:	370c      	adds	r7, #12
    2ef4:	46bd      	mov	sp, r7
    2ef6:	bc80      	pop	{r7}
    2ef8:	4770      	bx	lr

00002efa <prvCopyDataToQueue>:
/*-----------------------------------------------------------*/

static BaseType_t prvCopyDataToQueue( Queue_t * const pxQueue,
                                      const void * pvItemToQueue,
                                      const BaseType_t xPosition )
{
    2efa:	b580      	push	{r7, lr}
    2efc:	b086      	sub	sp, #24
    2efe:	af00      	add	r7, sp, #0
    2f00:	60f8      	str	r0, [r7, #12]
    2f02:	60b9      	str	r1, [r7, #8]
    2f04:	607a      	str	r2, [r7, #4]
    BaseType_t xReturn = pdFALSE;
    2f06:	2300      	movs	r3, #0
    2f08:	613b      	str	r3, [r7, #16]
    UBaseType_t uxMessagesWaiting;

    /* This function is called from a critical section. */

    uxMessagesWaiting = pxQueue->uxMessagesWaiting;
    2f0a:	68fb      	ldr	r3, [r7, #12]
    2f0c:	6b9b      	ldr	r3, [r3, #56]	@ 0x38
    2f0e:	617b      	str	r3, [r7, #20]

    if( pxQueue->uxItemSize == ( UBaseType_t ) 0 )
    2f10:	68fb      	ldr	r3, [r7, #12]
    2f12:	6c1b      	ldr	r3, [r3, #64]	@ 0x40
    2f14:	2b00      	cmp	r3, #0
    2f16:	d043      	beq.n	2fa0 <prvCopyDataToQueue+0xa6>
                mtCOVERAGE_TEST_MARKER();
            }
        }
        #endif /* configUSE_MUTEXES */
    }
    else if( xPosition == queueSEND_TO_BACK )
    2f18:	687b      	ldr	r3, [r7, #4]
    2f1a:	2b00      	cmp	r3, #0
    2f1c:	d119      	bne.n	2f52 <prvCopyDataToQueue+0x58>
    {
        ( void ) memcpy( ( void * ) pxQueue->pcWriteTo, pvItemToQueue, ( size_t ) pxQueue->uxItemSize );
    2f1e:	68fb      	ldr	r3, [r7, #12]
    2f20:	6858      	ldr	r0, [r3, #4]
    2f22:	68fb      	ldr	r3, [r7, #12]
    2f24:	6c1b      	ldr	r3, [r3, #64]	@ 0x40
    2f26:	461a      	mov	r2, r3
    2f28:	68b9      	ldr	r1, [r7, #8]
    2f2a:	f7fd fa02 	bl	332 <memcpy>
        pxQueue->pcWriteTo += pxQueue->uxItemSize;
    2f2e:	68fb      	ldr	r3, [r7, #12]
    2f30:	685a      	ldr	r2, [r3, #4]
    2f32:	68fb      	ldr	r3, [r7, #12]
    2f34:	6c1b      	ldr	r3, [r3, #64]	@ 0x40
    2f36:	441a      	add	r2, r3
    2f38:	68fb      	ldr	r3, [r7, #12]
    2f3a:	605a      	str	r2, [r3, #4]

        if( pxQueue->pcWriteTo >= pxQueue->u.xQueue.pcTail )
    2f3c:	68fb      	ldr	r3, [r7, #12]
    2f3e:	685a      	ldr	r2, [r3, #4]
    2f40:	68fb      	ldr	r3, [r7, #12]
    2f42:	689b      	ldr	r3, [r3, #8]
    2f44:	429a      	cmp	r2, r3
    2f46:	d32b      	bcc.n	2fa0 <prvCopyDataToQueue+0xa6>
        {
            pxQueue->pcWriteTo = pxQueue->pcHead;
    2f48:	68fb      	ldr	r3, [r7, #12]
    2f4a:	681a      	ldr	r2, [r3, #0]
    2f4c:	68fb      	ldr	r3, [r7, #12]
    2f4e:	605a      	str	r2, [r3, #4]
    2f50:	e026      	b.n	2fa0 <prvCopyDataToQueue+0xa6>
            mtCOVERAGE_TEST_MARKER();
        }
    }
    else
    {
        ( void ) memcpy( ( void * ) pxQueue->u.xQueue.pcReadFrom, pvItemToQueue, ( size_t ) pxQueue->uxItemSize );
    2f52:	68fb      	ldr	r3, [r7, #12]
    2f54:	68d8      	ldr	r0, [r3, #12]
    2f56:	68fb      	ldr	r3, [r7, #12]
    2f58:	6c1b      	ldr	r3, [r3, #64]	@ 0x40
    2f5a:	461a      	mov	r2, r3
    2f5c:	68b9      	ldr	r1, [r7, #8]
    2f5e:	f7fd f9e8 	bl	332 <memcpy>
        pxQueue->u.xQueue.pcReadFrom -= pxQueue->uxItemSize;
    2f62:	68fb      	ldr	r3, [r7, #12]
    2f64:	68da      	ldr	r2, [r3, #12]
    2f66:	68fb      	ldr	r3, [r7, #12]
    2f68:	6c1b      	ldr	r3, [r3, #64]	@ 0x40
    2f6a:	425b      	negs	r3, r3
    2f6c:	441a      	add	r2, r3
    2f6e:	68fb      	ldr	r3, [r7, #12]
    2f70:	60da      	str	r2, [r3, #12]

        if( pxQueue->u.xQueue.pcReadFrom < pxQueue->pcHead )
    2f72:	68fb      	ldr	r3, [r7, #12]
    2f74:	68da      	ldr	r2, [r3, #12]
    2f76:	68fb      	ldr	r3, [r7, #12]
    2f78:	681b      	ldr	r3, [r3, #0]
    2f7a:	429a      	cmp	r2, r3
    2f7c:	d207      	bcs.n	2f8e <prvCopyDataToQueue+0x94>
        {
            pxQueue->u.xQueue.pcReadFrom = ( pxQueue->u.xQueue.pcTail - pxQueue->uxItemSize );
    2f7e:	68fb      	ldr	r3, [r7, #12]
    2f80:	689a      	ldr	r2, [r3, #8]
    2f82:	68fb      	ldr	r3, [r7, #12]
    2f84:	6c1b      	ldr	r3, [r3, #64]	@ 0x40
    2f86:	425b      	negs	r3, r3
    2f88:	441a      	add	r2, r3
    2f8a:	68fb      	ldr	r3, [r7, #12]
    2f8c:	60da      	str	r2, [r3, #12]
        else
        {
            mtCOVERAGE_TEST_MARKER();
        }

        if( xPosition == queueOVERWRITE )
    2f8e:	687b      	ldr	r3, [r7, #4]
    2f90:	2b02      	cmp	r3, #2
    2f92:	d105      	bne.n	2fa0 <prvCopyDataToQueue+0xa6>
        {
            if( uxMessagesWaiting > ( UBaseType_t ) 0 )
    2f94:	697b      	ldr	r3, [r7, #20]
    2f96:	2b00      	cmp	r3, #0
    2f98:	d002      	beq.n	2fa0 <prvCopyDataToQueue+0xa6>
            {
                /* An item is not being added but overwritten, so subtract
                 * one from the recorded number of items in the queue so when
                 * one is added again below the number of recorded items remains
                 * correct. */
                --uxMessagesWaiting;
    2f9a:	697b      	ldr	r3, [r7, #20]
    2f9c:	3b01      	subs	r3, #1
    2f9e:	617b      	str	r3, [r7, #20]
        {
            mtCOVERAGE_TEST_MARKER();
        }
    }

    pxQueue->uxMessagesWaiting = ( UBaseType_t ) ( uxMessagesWaiting + ( UBaseType_t ) 1 );
    2fa0:	697b      	ldr	r3, [r7, #20]
    2fa2:	1c5a      	adds	r2, r3, #1
    2fa4:	68fb      	ldr	r3, [r7, #12]
    2fa6:	639a      	str	r2, [r3, #56]	@ 0x38

    return xReturn;
    2fa8:	693b      	ldr	r3, [r7, #16]
}
    2faa:	4618      	mov	r0, r3
    2fac:	3718      	adds	r7, #24
    2fae:	46bd      	mov	sp, r7
    2fb0:	bd80      	pop	{r7, pc}

00002fb2 <prvCopyDataFromQueue>:
/*-----------------------------------------------------------*/

static void prvCopyDataFromQueue( Queue_t * const pxQueue,
                                  void * const pvBuffer )
{
    2fb2:	b580      	push	{r7, lr}
    2fb4:	b082      	sub	sp, #8
    2fb6:	af00      	add	r7, sp, #0
    2fb8:	6078      	str	r0, [r7, #4]
    2fba:	6039      	str	r1, [r7, #0]
    if( pxQueue->uxItemSize != ( UBaseType_t ) 0 )
    2fbc:	687b      	ldr	r3, [r7, #4]
    2fbe:	6c1b      	ldr	r3, [r3, #64]	@ 0x40
    2fc0:	2b00      	cmp	r3, #0
    2fc2:	d018      	beq.n	2ff6 <prvCopyDataFromQueue+0x44>
    {
        pxQueue->u.xQueue.pcReadFrom += pxQueue->uxItemSize;
    2fc4:	687b      	ldr	r3, [r7, #4]
    2fc6:	68da      	ldr	r2, [r3, #12]
    2fc8:	687b      	ldr	r3, [r7, #4]
    2fca:	6c1b      	ldr	r3, [r3, #64]	@ 0x40
    2fcc:	441a      	add	r2, r3
    2fce:	687b      	ldr	r3, [r7, #4]
    2fd0:	60da      	str	r2, [r3, #12]

        if( pxQueue->u.xQueue.pcReadFrom >= pxQueue->u.xQueue.pcTail )
    2fd2:	687b      	ldr	r3, [r7, #4]
    2fd4:	68da      	ldr	r2, [r3, #12]
    2fd6:	687b      	ldr	r3, [r7, #4]
    2fd8:	689b      	ldr	r3, [r3, #8]
    2fda:	429a      	cmp	r2, r3
    2fdc:	d303      	bcc.n	2fe6 <prvCopyDataFromQueue+0x34>
        {
            pxQueue->u.xQueue.pcReadFrom = pxQueue->pcHead;
    2fde:	687b      	ldr	r3, [r7, #4]
    2fe0:	681a      	ldr	r2, [r3, #0]
    2fe2:	687b      	ldr	r3, [r7, #4]
    2fe4:	60da      	str	r2, [r3, #12]
        else
        {
            mtCOVERAGE_TEST_MARKER();
        }

        ( void ) memcpy( ( void * ) pvBuffer, ( void * ) pxQueue->u.xQueue.pcReadFrom, ( size_t ) pxQueue->uxItemSize );
    2fe6:	687b      	ldr	r3, [r7, #4]
    2fe8:	68d9      	ldr	r1, [r3, #12]
    2fea:	687b      	ldr	r3, [r7, #4]
    2fec:	6c1b      	ldr	r3, [r3, #64]	@ 0x40
    2fee:	461a      	mov	r2, r3
    2ff0:	6838      	ldr	r0, [r7, #0]
    2ff2:	f7fd f99e 	bl	332 <memcpy>
    }
}
    2ff6:	bf00      	nop
    2ff8:	3708      	adds	r7, #8
    2ffa:	46bd      	mov	sp, r7
    2ffc:	bd80      	pop	{r7, pc}

00002ffe <prvUnlockQueue>:
/*-----------------------------------------------------------*/

static void prvUnlockQueue( Queue_t * const pxQueue )
{
    2ffe:	b580      	push	{r7, lr}
    3000:	b084      	sub	sp, #16
    3002:	af00      	add	r7, sp, #0
    3004:	6078      	str	r0, [r7, #4]

    /* The lock counts contains the number of extra data items placed or
     * removed from the queue while the queue was locked.  When a queue is
     * locked items can be added or removed, but the event lists cannot be
     * updated. */
    taskENTER_CRITICAL();
    3006:	f7ff f9d7 	bl	23b8 <vPortEnterCritical>
    {
        int8_t cTxLock = pxQueue->cTxLock;
    300a:	687b      	ldr	r3, [r7, #4]
    300c:	f893 3045 	ldrb.w	r3, [r3, #69]	@ 0x45
    3010:	73fb      	strb	r3, [r7, #15]

        /* See if data was added to the queue while it was locked. */
        while( cTxLock > queueLOCKED_UNMODIFIED )
    3012:	e011      	b.n	3038 <prvUnlockQueue+0x3a>
            }
            #else /* configUSE_QUEUE_SETS */
            {
                /* Tasks that are removed from the event list will get added to
                 * the pending ready list as the scheduler is still suspended. */
                if( listLIST_IS_EMPTY( &( pxQueue->xTasksWaitingToReceive ) ) == pdFALSE )
    3014:	687b      	ldr	r3, [r7, #4]
    3016:	6a5b      	ldr	r3, [r3, #36]	@ 0x24
    3018:	2b00      	cmp	r3, #0
    301a:	d012      	beq.n	3042 <prvUnlockQueue+0x44>
                {
                    if( xTaskRemoveFromEventList( &( pxQueue->xTasksWaitingToReceive ) ) != pdFALSE )
    301c:	687b      	ldr	r3, [r7, #4]
    301e:	3324      	adds	r3, #36	@ 0x24
    3020:	4618      	mov	r0, r3
    3022:	f7fd fe81 	bl	d28 <xTaskRemoveFromEventList>
    3026:	4603      	mov	r3, r0
    3028:	2b00      	cmp	r3, #0
    302a:	d001      	beq.n	3030 <prvUnlockQueue+0x32>
                    {
                        /* The task waiting has a higher priority so record that
                         * a context switch is required. */
                        vTaskMissedYield();
    302c:	f7fe f858 	bl	10e0 <vTaskMissedYield>
                    break;
                }
            }
            #endif /* configUSE_QUEUE_SETS */

            --cTxLock;
    3030:	7bfb      	ldrb	r3, [r7, #15]
    3032:	3b01      	subs	r3, #1
    3034:	b2db      	uxtb	r3, r3
    3036:	73fb      	strb	r3, [r7, #15]
        while( cTxLock > queueLOCKED_UNMODIFIED )
    3038:	f997 300f 	ldrsb.w	r3, [r7, #15]
    303c:	2b00      	cmp	r3, #0
    303e:	dce9      	bgt.n	3014 <prvUnlockQueue+0x16>
    3040:	e000      	b.n	3044 <prvUnlockQueue+0x46>
                    break;
    3042:	bf00      	nop
        }

        pxQueue->cTxLock = queueUNLOCKED;
    3044:	687b      	ldr	r3, [r7, #4]
    3046:	22ff      	movs	r2, #255	@ 0xff
    3048:	f883 2045 	strb.w	r2, [r3, #69]	@ 0x45
    }
    taskEXIT_CRITICAL();
    304c:	f7ff f9ce 	bl	23ec <vPortExitCritical>

    /* Do the same for the Rx lock. */
    taskENTER_CRITICAL();
    3050:	f7ff f9b2 	bl	23b8 <vPortEnterCritical>
    {
        int8_t cRxLock = pxQueue->cRxLock;
    3054:	687b      	ldr	r3, [r7, #4]
    3056:	f893 3044 	ldrb.w	r3, [r3, #68]	@ 0x44
    305a:	73bb      	strb	r3, [r7, #14]

        while( cRxLock > queueLOCKED_UNMODIFIED )
    305c:	e011      	b.n	3082 <prvUnlockQueue+0x84>
        {
            if( listLIST_IS_EMPTY( &( pxQueue->xTasksWaitingToSend ) ) == pdFALSE )
    305e:	687b      	ldr	r3, [r7, #4]
    3060:	691b      	ldr	r3, [r3, #16]
    3062:	2b00      	cmp	r3, #0
    3064:	d012      	beq.n	308c <prvUnlockQueue+0x8e>
            {
                if( xTaskRemoveFromEventList( &( pxQueue->xTasksWaitingToSend ) ) != pdFALSE )
    3066:	687b      	ldr	r3, [r7, #4]
    3068:	3310      	adds	r3, #16
    306a:	4618      	mov	r0, r3
    306c:	f7fd fe5c 	bl	d28 <xTaskRemoveFromEventList>
    3070:	4603      	mov	r3, r0
    3072:	2b00      	cmp	r3, #0
    3074:	d001      	beq.n	307a <prvUnlockQueue+0x7c>
                {
                    vTaskMissedYield();
    3076:	f7fe f833 	bl	10e0 <vTaskMissedYield>
                else
                {
                    mtCOVERAGE_TEST_MARKER();
                }

                --cRxLock;
    307a:	7bbb      	ldrb	r3, [r7, #14]
    307c:	3b01      	subs	r3, #1
    307e:	b2db      	uxtb	r3, r3
    3080:	73bb      	strb	r3, [r7, #14]
        while( cRxLock > queueLOCKED_UNMODIFIED )
    3082:	f997 300e 	ldrsb.w	r3, [r7, #14]
    3086:	2b00      	cmp	r3, #0
    3088:	dce9      	bgt.n	305e <prvUnlockQueue+0x60>
    308a:	e000      	b.n	308e <prvUnlockQueue+0x90>
            }
            else
            {
                break;
    308c:	bf00      	nop
            }
        }

        pxQueue->cRxLock = queueUNLOCKED;
    308e:	687b      	ldr	r3, [r7, #4]
    3090:	22ff      	movs	r2, #255	@ 0xff
    3092:	f883 2044 	strb.w	r2, [r3, #68]	@ 0x44
    }
    taskEXIT_CRITICAL();
    3096:	f7ff f9a9 	bl	23ec <vPortExitCritical>
}
    309a:	bf00      	nop
    309c:	3710      	adds	r7, #16
    309e:	46bd      	mov	sp, r7
    30a0:	bd80      	pop	{r7, pc}

000030a2 <prvIsQueueEmpty>:
/*-----------------------------------------------------------*/

static BaseType_t prvIsQueueEmpty( const Queue_t * pxQueue )
{
    30a2:	b580      	push	{r7, lr}
    30a4:	b084      	sub	sp, #16
    30a6:	af00      	add	r7, sp, #0
    30a8:	6078      	str	r0, [r7, #4]
    BaseType_t xReturn;

    taskENTER_CRITICAL();
    30aa:	f7ff f985 	bl	23b8 <vPortEnterCritical>
    {
        if( pxQueue->uxMessagesWaiting == ( UBaseType_t ) 0 )
    30ae:	687b      	ldr	r3, [r7, #4]
    30b0:	6b9b      	ldr	r3, [r3, #56]	@ 0x38
    30b2:	2b00      	cmp	r3, #0
    30b4:	d102      	bne.n	30bc <prvIsQueueEmpty+0x1a>
        {
            xReturn = pdTRUE;
    30b6:	2301      	movs	r3, #1
    30b8:	60fb      	str	r3, [r7, #12]
    30ba:	e001      	b.n	30c0 <prvIsQueueEmpty+0x1e>
        }
        else
        {
            xReturn = pdFALSE;
    30bc:	2300      	movs	r3, #0
    30be:	60fb      	str	r3, [r7, #12]
        }
    }
    taskEXIT_CRITICAL();
    30c0:	f7ff f994 	bl	23ec <vPortExitCritical>

    return xReturn;
    30c4:	68fb      	ldr	r3, [r7, #12]
}
    30c6:	4618      	mov	r0, r3
    30c8:	3710      	adds	r7, #16
    30ca:	46bd      	mov	sp, r7
    30cc:	bd80      	pop	{r7, pc}

000030ce <xQueueIsQueueEmptyFromISR>:
/*-----------------------------------------------------------*/

BaseType_t xQueueIsQueueEmptyFromISR( const QueueHandle_t xQueue )
{
    30ce:	b480      	push	{r7}
    30d0:	b085      	sub	sp, #20
    30d2:	af00      	add	r7, sp, #0
    30d4:	6078      	str	r0, [r7, #4]
    BaseType_t xReturn;
    Queue_t * const pxQueue = xQueue;
    30d6:	687b      	ldr	r3, [r7, #4]
    30d8:	60bb      	str	r3, [r7, #8]

    traceENTER_xQueueIsQueueEmptyFromISR( xQueue );

    configASSERT( pxQueue );

    if( pxQueue->uxMessagesWaiting == ( UBaseType_t ) 0 )
    30da:	68bb      	ldr	r3, [r7, #8]
    30dc:	6b9b      	ldr	r3, [r3, #56]	@ 0x38
    30de:	2b00      	cmp	r3, #0
    30e0:	d102      	bne.n	30e8 <xQueueIsQueueEmptyFromISR+0x1a>
    {
        xReturn = pdTRUE;
    30e2:	2301      	movs	r3, #1
    30e4:	60fb      	str	r3, [r7, #12]
    30e6:	e001      	b.n	30ec <xQueueIsQueueEmptyFromISR+0x1e>
    }
    else
    {
        xReturn = pdFALSE;
    30e8:	2300      	movs	r3, #0
    30ea:	60fb      	str	r3, [r7, #12]
    }

    traceRETURN_xQueueIsQueueEmptyFromISR( xReturn );

    return xReturn;
    30ec:	68fb      	ldr	r3, [r7, #12]
}
    30ee:	4618      	mov	r0, r3
    30f0:	3714      	adds	r7, #20
    30f2:	46bd      	mov	sp, r7
    30f4:	bc80      	pop	{r7}
    30f6:	4770      	bx	lr

000030f8 <prvIsQueueFull>:
/*-----------------------------------------------------------*/

static BaseType_t prvIsQueueFull( const Queue_t * pxQueue )
{
    30f8:	b580      	push	{r7, lr}
    30fa:	b084      	sub	sp, #16
    30fc:	af00      	add	r7, sp, #0
    30fe:	6078      	str	r0, [r7, #4]
    BaseType_t xReturn;

    taskENTER_CRITICAL();
    3100:	f7ff f95a 	bl	23b8 <vPortEnterCritical>
    {
        if( pxQueue->uxMessagesWaiting == pxQueue->uxLength )
    3104:	687b      	ldr	r3, [r7, #4]
    3106:	6b9a      	ldr	r2, [r3, #56]	@ 0x38
    3108:	687b      	ldr	r3, [r7, #4]
    310a:	6bdb      	ldr	r3, [r3, #60]	@ 0x3c
    310c:	429a      	cmp	r2, r3
    310e:	d102      	bne.n	3116 <prvIsQueueFull+0x1e>
        {
            xReturn = pdTRUE;
    3110:	2301      	movs	r3, #1
    3112:	60fb      	str	r3, [r7, #12]
    3114:	e001      	b.n	311a <prvIsQueueFull+0x22>
        }
        else
        {
            xReturn = pdFALSE;
    3116:	2300      	movs	r3, #0
    3118:	60fb      	str	r3, [r7, #12]
        }
    }
    taskEXIT_CRITICAL();
    311a:	f7ff f967 	bl	23ec <vPortExitCritical>

    return xReturn;
    311e:	68fb      	ldr	r3, [r7, #12]
}
    3120:	4618      	mov	r0, r3
    3122:	3710      	adds	r7, #16
    3124:	46bd      	mov	sp, r7
    3126:	bd80      	pop	{r7, pc}

00003128 <xQueueIsQueueFullFromISR>:
/*-----------------------------------------------------------*/

BaseType_t xQueueIsQueueFullFromISR( const QueueHandle_t xQueue )
{
    3128:	b480      	push	{r7}
    312a:	b085      	sub	sp, #20
    312c:	af00      	add	r7, sp, #0
    312e:	6078      	str	r0, [r7, #4]
    BaseType_t xReturn;
    Queue_t * const pxQueue = xQueue;
    3130:	687b      	ldr	r3, [r7, #4]
    3132:	60bb      	str	r3, [r7, #8]

    traceENTER_xQueueIsQueueFullFromISR( xQueue );

    configASSERT( pxQueue );

    if( pxQueue->uxMessagesWaiting == pxQueue->uxLength )
    3134:	68bb      	ldr	r3, [r7, #8]
    3136:	6b9a      	ldr	r2, [r3, #56]	@ 0x38
    3138:	68bb      	ldr	r3, [r7, #8]
    313a:	6bdb      	ldr	r3, [r3, #60]	@ 0x3c
    313c:	429a      	cmp	r2, r3
    313e:	d102      	bne.n	3146 <xQueueIsQueueFullFromISR+0x1e>
    {
        xReturn = pdTRUE;
    3140:	2301      	movs	r3, #1
    3142:	60fb      	str	r3, [r7, #12]
    3144:	e001      	b.n	314a <xQueueIsQueueFullFromISR+0x22>
    }
    else
    {
        xReturn = pdFALSE;
    3146:	2300      	movs	r3, #0
    3148:	60fb      	str	r3, [r7, #12]
    }

    traceRETURN_xQueueIsQueueFullFromISR( xReturn );

    return xReturn;
    314a:	68fb      	ldr	r3, [r7, #12]
}
    314c:	4618      	mov	r0, r3
    314e:	3714      	adds	r7, #20
    3150:	46bd      	mov	sp, r7
    3152:	bc80      	pop	{r7}
    3154:	4770      	bx	lr
    3156:	bf00      	nop
    3158:	00003154 	andeq	r3, r0, r4, asr r1
    315c:	00003254 	andeq	r3, r0, r4, asr r2

00003160 <uxTopUsedPriority>:
    3160:	00000004 	andeq	r0, r0, r4
    3164:	454c4449 	strbmi	r4, [ip, #-1097]	@ 0xfffffbb7
    3168:	00000000 	andeq	r0, r0, r0

0000316c <xHeapStructSize>:
    316c:	00000008 	andeq	r0, r0, r8

Disassembly of section .data:

00003170 <uxCriticalNesting>:
    3170:	aaaaaaaa 	bge	feaadc20 <__StackTop+0xdeaabc20>

Disassembly of section .ARM.attributes:

00000000 <.ARM.attributes>:
   0:	00002e41 	andeq	r2, r0, r1, asr #28
   4:	61656100 	cmnvs	r5, r0, lsl #2
   8:	01006962 	tsteq	r0, r2, ror #18
   c:	00000024 	andeq	r0, r0, r4, lsr #32
  10:	726f4305 	rsbvc	r4, pc, #335544320	@ 0x14000000
  14:	2d786574 	ldclcs	5, cr6, [r8, #-464]!	@ 0xfffffe30
  18:	0600334d 	streq	r3, [r0], -sp, asr #6
  1c:	094d070a 	stmdbeq	sp, {r1, r3, r8, r9, sl}^
  20:	14041202 	strne	r1, [r4], #-514	@ 0xfffffdfe
  24:	17011501 	strne	r1, [r1, -r1, lsl #10]
  28:	1a011803 	bne	4603c <_edata+0x42ec8>
  2c:	Address 0x2c is out of bounds.


Disassembly of section .comment:

00000000 <.comment>:
   0:	3a434347 	bcc	10d0d24 <_edata+0x10cdbb0>
   4:	4e472820 	cdpmi	8, 4, cr2, cr7, cr0, {1}
   8:	31202955 			@ <UNDEFINED> instruction: 0x31202955
   c:	2e332e33 	mrccs	14, 1, r2, cr3, cr3, {1}
  10:	Address 0x10 is out of bounds.


Disassembly of section .debug_line:

00000000 <.debug_line>:
       0:	00000031 	andeq	r0, r0, r1, lsr r0
       4:	001a0002 	andseq	r0, sl, r2
       8:	01020000 	mrseq	r0, (UNDEF: 2)
       c:	000a0efb 	strdeq	r0, [sl], -fp
      10:	01010101 	tsteq	r1, r1, lsl #2
      14:	01000000 	mrseq	r0, (UNDEF: 0)
      18:	6f6f6200 	svcvs	0x006f6200
      1c:	00532e74 	subseq	r2, r3, r4, ror lr
      20:	00000000 	andeq	r0, r0, r0
      24:	d4020500 	strle	r0, [r2], #-1280	@ 0xfffffb00
      28:	03000001 	movweq	r0, #1
      2c:	231e011a 	tstcs	lr, #-2147483642	@ 0x80000006
      30:	01000102 	tsteq	r0, r2, lsl #2
      34:	00019701 	andeq	r9, r1, r1, lsl #14
      38:	14000300 	strne	r0, [r0], #-768	@ 0xfffffd00
      3c:	02000001 	andeq	r0, r0, #1
      40:	0d0efb01 	vstreq	d15, [lr, #-4]
      44:	01010100 	mrseq	r0, (UNDEF: 17)
      48:	00000001 	andeq	r0, r0, r1
      4c:	01000001 	tsteq	r0, r1
      50:	6d2f3a43 	vstmdbvs	pc!, {s6-s72}
      54:	5f737973 	svcpl	0x00737973
      58:	2f77656e 	svccs	0x0077656e
      5c:	676e696d 	strbvs	r6, [lr, -sp, ror #18]!
      60:	2f343677 	svccs	0x00343677
      64:	2d6d7261 	stclcs	2, cr7, [sp, #-388]!	@ 0xfffffe7c
      68:	656e6f6e 	strbvs	r6, [lr, #-3950]!	@ 0xfffff092
      6c:	6261652d 	rsbvs	r6, r1, #188743680	@ 0xb400000
      70:	6e692f69 	cdpvs	15, 6, cr2, cr9, cr9, {3}
      74:	64756c63 	ldrbtvs	r6, [r5], #-3171	@ 0xfffff39d
      78:	616d2f65 	cmnvs	sp, r5, ror #30
      7c:	6e696863 	cdpvs	8, 6, cr6, cr9, cr3, {3}
      80:	3a430065 	bcc	10c021c <_edata+0x10bd0a8>
      84:	79736d2f 	ldmdbvc	r3!, {r0, r1, r2, r3, r5, r8, sl, fp, sp, lr}^
      88:	656e5f73 	strbvs	r5, [lr, #-3955]!	@ 0xfffff08d
      8c:	696d2f77 	stmdbvs	sp!, {r0, r1, r2, r4, r5, r6, r8, r9, sl, fp, sp}^
      90:	3677676e 	ldrbtcc	r6, [r7], -lr, ror #14
      94:	72612f34 	rsbvc	r2, r1, #52, 30	@ 0xd0
      98:	6f6e2d6d 	svcvs	0x006e2d6d
      9c:	652d656e 	strvs	r6, [sp, #-1390]!	@ 0xfffffa92
      a0:	2f696261 	svccs	0x00696261
      a4:	6c636e69 	stclvs	14, cr6, [r3], #-420	@ 0xfffffe5c
      a8:	2f656475 	svccs	0x00656475
      ac:	00737973 	rsbseq	r7, r3, r3, ror r9
      b0:	462f2e2e 	strtmi	r2, [pc], -lr, lsr #28
      b4:	52656572 	rsbpl	r6, r5, #478150656	@ 0x1c800000
      b8:	2d534f54 	ldclcs	15, cr4, [r3, #-336]	@ 0xfffffeb0
      bc:	6e72654b 	cdpvs	5, 7, cr6, cr2, cr11, {2}
      c0:	692f6c65 	stmdbvs	pc!, {r0, r2, r5, r6, sl, fp, sp, lr}	@ <UNPREDICTABLE>
      c4:	756c636e 	strbvc	r6, [ip, #-878]!	@ 0xfffffc92
      c8:	2e006564 	cdpcs	5, 0, cr6, cr0, cr4, {3}
      cc:	72462f2e 	subvc	r2, r6, #46, 30	@ 0xb8
      d0:	54526565 	ldrbpl	r6, [r2], #-1381	@ 0xfffffa9b
      d4:	4b2d534f 	blmi	b54e18 <_edata+0xb51ca4>
      d8:	656e7265 	strbvs	r7, [lr, #-613]!	@ 0xfffffd9b
      dc:	6f702f6c 	svcvs	0x00702f6c
      e0:	62617472 	rsbvs	r7, r1, #1912602624	@ 0x72000000
      e4:	472f656c 	strmi	r6, [pc, -ip, ror #10]!
      e8:	412f4343 			@ <UNDEFINED> instruction: 0x412f4343
      ec:	435f4d52 	cmpmi	pc, #5248	@ 0x1480
      f0:	0000334d 	andeq	r3, r0, sp, asr #6
      f4:	72617473 	rsbvc	r7, r1, #1929379840	@ 0x73000000
      f8:	00632e74 	rsbeq	r2, r3, r4, ror lr
      fc:	5f000000 	svcpl	0x00000000
     100:	61666564 	cmnvs	r6, r4, ror #10
     104:	5f746c75 	svcpl	0x00746c75
     108:	65707974 	ldrbvs	r7, [r0, #-2420]!	@ 0xfffff68c
     10c:	00682e73 	rsbeq	r2, r8, r3, ror lr
     110:	5f000001 	svcpl	0x00000001
     114:	69647473 	stmdbvs	r4!, {r0, r1, r4, r5, r6, sl, ip, sp, lr}^
     118:	682e746e 	stmdavs	lr!, {r1, r2, r3, r5, r6, sl, ip, sp, lr}
     11c:	00000200 	andeq	r0, r0, r0, lsl #4
     120:	6a6f7270 	bvs	1bdcae8 <_edata+0x1bd9974>
     124:	73666564 	cmnvc	r6, #100, 10	@ 0x19000000
     128:	0300682e 	movweq	r6, #2094	@ 0x82e
     12c:	6f700000 	svcvs	0x00700000
     130:	616d7472 	smcvs	55106	@ 0xd742
     134:	2e6f7263 	cdpcs	2, 6, cr7, cr15, cr3, {3}
     138:	00040068 	andeq	r0, r4, r8, rrx
     13c:	73617400 	cmnvc	r1, #0, 8
     140:	00682e6b 	rsbeq	r2, r8, fp, ror #28
     144:	71000003 	tstvc	r0, r3
     148:	65756575 	ldrbvs	r6, [r5, #-1397]!	@ 0xfffffa8b
     14c:	0300682e 	movweq	r6, #2094	@ 0x82e
     150:	05000000 	streq	r0, [r0, #-0]
     154:	02050027 	andeq	r0, r5, #39	@ 0x27
     158:	000001dc 	ldrdeq	r0, [r0], -ip
     15c:	4e100519 	mrcmi	5, 0, r0, cr0, cr9, {0}
     160:	05200e05 	streq	r0, [r0, #-3589]!	@ 0xfffff1fb
     164:	0f05220c 	svceq	0x0005220c
     168:	00040596 	muleq	r4, r6, r5
     16c:	30010402 	andcc	r0, r1, r2, lsl #8
     170:	27053c06 	strcs	r3, [r5, -r6, lsl #24]
     174:	0c054e06 	stceq	14, cr4, [r5], {6}
     178:	940f0550 	strls	r0, [pc], #-1360	@ 180 <_stext+0x180>
     17c:	02000405 	andeq	r0, r0, #83886080	@ 0x5000000
     180:	06300104 	ldrteq	r0, [r0], -r4, lsl #2
     184:	0601053c 			@ <UNDEFINED> instruction: 0x0601053c
     188:	054a0b03 	strbeq	r0, [sl, #-2819]	@ 0xfffff4fd
     18c:	052f3f0c 	streq	r3, [pc, #-3852]!	@ fffff288 <__StackTop+0xdfffd288>
     190:	10052f07 	andne	r2, r5, r7, lsl #30
     194:	3c070521 	stccc	5, cr0, [r7], {33}	@ 0x21
     198:	053c0c05 	ldreq	r0, [ip, #-3077]!	@ 0xfffff3fb
     19c:	0c05200a 	stceq	0, cr2, [r5], {10}
     1a0:	4e06051f 	mcrmi	5, 0, r0, cr6, cr15, {0}
     1a4:	212f0705 			@ <UNDEFINED> instruction: 0x212f0705
     1a8:	053c0a05 	ldreq	r0, [ip, #-2565]!	@ 0xfffff5fb
     1ac:	0b052d0c 	bleq	14b5e4 <_edata+0x148470>
     1b0:	0009054e 	andeq	r0, r9, lr, asr #10
     1b4:	66010402 	strvs	r0, [r1], -r2, lsl #8
     1b8:	052f0d05 	streq	r0, [pc, #-3333]!	@ fffff4bb <__StackTop+0xdfffd4bb>
     1bc:	0d052e04 	stceq	14, cr2, [r5, #-16]
     1c0:	0305bb30 	movweq	fp, #23344	@ 0x5b30
     1c4:	300205bb 			@ <UNDEFINED> instruction: 0x300205bb
     1c8:	022f0105 	eoreq	r0, pc, #1073741825	@ 0x40000001
     1cc:	01010018 	tsteq	r1, r8, lsl r0
     1d0:	00000058 	andeq	r0, r0, r8, asr r0
	b start
     1d4:	00260003 	eoreq	r0, r6, r3
	b .
     1d8:	01020000 	mrseq	r0, (UNDEF: 2)
static void vTask1(void *pvParameters){
     1dc:	000d0efb 	strdeq	r0, [sp], -fp
     1e0:	01010101 	tsteq	r1, r1, lsl #2
	ValueToSend = (int32_t) pvParameters;
     1e4:	01000000 	mrseq	r0, (UNDEF: 0)
	xstatus = xQueueSendToBack(xQueue, &ValueToSend, 0);
     1e8:	00010000 	andeq	r0, r1, r0
     1ec:	74726f50 	ldrbtvc	r6, [r2], #-3920	@ 0xfffff0b0
     1f0:	636e7546 	cmnvs	lr, #293601280	@ 0x11800000
     1f4:	6e6f6974 			@ <UNDEFINED> instruction: 0x6e6f6974
     1f8:	00632e73 	rsbeq	r2, r3, r3, ror lr
	volatile int a = 0;
     1fc:	00000000 	andeq	r0, r0, r0
		a++;
     200:	05000105 	streq	r0, [r0, #-261]	@ 0xfffffefb
     204:	0002f802 	andeq	pc, r2, r2, lsl #16
     208:	14051300 	strne	r1, [r5], #-768	@ 0xfffffd00
static void vTask2(void *pvParameters){
     20c:	2f130567 	svccs	0x00130567
     210:	05300a05 	ldreq	r0, [r0, #-2565]!	@ 0xfffff5fb
	xStatus = xQueueReceive( xQueue, &lReceivedValue, 0 );
     214:	0c05220e 	stceq	2, cr2, [r5], {14}
     218:	3d0d053d 	stccc	5, cr0, [sp, #-244]	@ 0xffffff0c
     21c:	05381105 	ldreq	r1, [r8, #-261]!	@ 0xfffffefb
     220:	0105420c 	tsteq	r5, ip, lsl #4
     224:	02685b21 	rsbeq	r5, r8, #33792	@ 0x8400
	volatile int b = 0;
     228:	01010006 	tsteq	r1, r6
		b++;
     22c:	00000ab8 			@ <UNDEFINED> instruction: 0x00000ab8
     230:	01af0003 			@ <UNDEFINED> instruction: 0x01af0003
     234:	01020000 	mrseq	r0, (UNDEF: 2)
{
     238:	000d0efb 	strdeq	r0, [sp], -fp
     23c:	01010101 	tsteq	r1, r1, lsl #2
	uint32_t *src = &_sidata;
     240:	01000000 	mrseq	r0, (UNDEF: 0)
	uint32_t *dst = &_sdata;
     244:	2e010000 	cdpcs	0, 0, cr0, cr1, cr0, {0}
		*dst++ = *src++;
     248:	72462f2e 	subvc	r2, r6, #46, 30	@ 0xb8
     24c:	54526565 	ldrbpl	r6, [r2], #-1381	@ 0xfffffa9b
     250:	4b2d534f 	blmi	b54f94 <_edata+0xb51e20>
     254:	656e7265 	strbvs	r7, [lr, #-613]!	@ 0xfffffd9b
	while(dst < &_edata){
     258:	2e2e006c 	cdpcs	0, 2, cr0, cr14, cr12, {3}
     25c:	6572462f 	ldrbvs	r4, [r2, #-1583]!	@ 0xfffff9d1
	dst = &_sbss;
     260:	4f545265 	svcmi	0x00545265
	while(dst < &_ebss){
     264:	654b2d53 	strbvs	r2, [fp, #-3411]	@ 0xfffff2ad
		*dst++ = 0;
     268:	6c656e72 	stclvs	14, cr6, [r5], #-456	@ 0xfffffe38
     26c:	726f702f 	rsbvc	r7, pc, #47	@ 0x2f
	while(dst < &_ebss){
     270:	6c626174 	stclvs	1, cr6, [r2], #-464	@ 0xfffffe30
     274:	43472f65 	movtmi	r2, #32613	@ 0x7f65
	xQueue = xQueueCreate( 5, sizeof( int32_t ) );
     278:	52412f43 	subpl	r2, r1, #268	@ 0x10c
     27c:	4d435f4d 	stclmi	15, cr5, [r3, #-308]	@ 0xfffffecc
     280:	3a430033 	bcc	10c0354 <_edata+0x10bd1e0>
     284:	79736d2f 	ldmdbvc	r3!, {r0, r1, r2, r3, r5, r8, sl, fp, sp, lr}^
	if( xQueue != NULL )
     288:	656e5f73 	strbvs	r5, [lr, #-3955]!	@ 0xfffff08d
     28c:	696d2f77 	stmdbvs	sp!, {r0, r1, r2, r4, r5, r6, r8, r9, sl, fp, sp}^
		xReturn = xTaskCreate(vTask1, "T1", configMINIMAL_STACK_SIZE, NULL, 1, NULL);
     290:	3677676e 	ldrbtcc	r6, [r7], -lr, ror #14
     294:	696c2f34 	stmdbvs	ip!, {r2, r4, r5, r8, r9, sl, fp, sp}^
     298:	63672f62 	cmnvs	r7, #392	@ 0x188
     29c:	72612f63 	rsbvc	r2, r1, #396	@ 0x18c
     2a0:	6f6e2d6d 	svcvs	0x006e2d6d
     2a4:	652d656e 	strvs	r6, [sp, #-1390]!	@ 0xfffffa92
		xReturn = xTaskCreate(vTask2, "T2", configMINIMAL_STACK_SIZE, NULL, 1, NULL);
     2a8:	2f696261 	svccs	0x00696261
     2ac:	332e3331 			@ <UNDEFINED> instruction: 0x332e3331
     2b0:	692f302e 	stmdbvs	pc!, {r1, r2, r3, r5, ip, sp}	@ <UNPREDICTABLE>
     2b4:	756c636e 	strbvc	r6, [ip, #-878]!	@ 0xfffffc92
     2b8:	43006564 	movwmi	r6, #1380	@ 0x564
     2bc:	736d2f3a 	cmnvc	sp, #58, 30	@ 0xe8
		vTaskStartScheduler();
     2c0:	6e5f7379 	mrcvs	3, 2, r7, cr15, cr9, {3}
	return ;
     2c4:	6d2f7765 	stcvs	7, cr7, [pc, #-404]!	@ 138 <_stext+0x138>
     2c8:	77676e69 	strbvc	r6, [r7, -r9, ror #28]!
     2cc:	612f3436 			@ <UNDEFINED> instruction: 0x612f3436
     2d0:	6e2d6d72 	mcrvs	13, 1, r6, cr13, cr2, {3}
     2d4:	2d656e6f 	stclcs	14, cr6, [r5, #-444]!	@ 0xfffffe44
     2d8:	69626165 	stmdbvs	r2!, {r0, r2, r5, r6, r8, sp, lr}^
     2dc:	636e692f 	cmnvs	lr, #770048	@ 0xbc000
     2e0:	6564756c 	strbvs	r7, [r4, #-1388]!	@ 0xfffffa94
     2e4:	63616d2f 	cmnvs	r1, #3008	@ 0xbc0
     2e8:	656e6968 	strbvs	r6, [lr, #-2408]!	@ 0xfffff698
     2ec:	2f3a4300 	svccs	0x003a4300
     2f0:	7379736d 	cmnvc	r9, #-1275068415	@ 0xb4000001
     2f4:	77656e5f 			@ <UNDEFINED> instruction: 0x77656e5f
{
     2f8:	6e696d2f 	cdpvs	13, 6, cr6, cr9, cr15, {1}
     2fc:	34367767 	ldrtcc	r7, [r6], #-1895	@ 0xfffff899
     300:	6d72612f 	ldclvs	1, cr6, [r2, #-188]!	@ 0xffffff44
    unsigned char *ptr = (unsigned char*)dst;
     304:	6e6f6e2d 	cdpvs	14, 6, cr6, cr15, cr13, {1}
    unsigned char byte_value = (unsigned char)value;
     308:	61652d65 	cmnvs	r5, r5, ror #26
    while( size > 0)
     30c:	692f6962 	stmdbvs	pc!, {r1, r5, r6, r8, fp, sp, lr}	@ <UNPREDICTABLE>
        *ptr = byte_value;
     310:	756c636e 	strbvc	r6, [ip, #-878]!	@ 0xfffffc92
        ptr++;
     314:	732f6564 			@ <UNDEFINED> instruction: 0x732f6564
     318:	2e007379 	mcrcs	3, 0, r7, cr0, cr9, {3}
        size--;
     31c:	72462f2e 	subvc	r2, r6, #46, 30	@ 0xb8
    while( size > 0)
     320:	54526565 	ldrbpl	r6, [r2], #-1381	@ 0xfffffa9b
     324:	4b2d534f 	blmi	b55068 <_edata+0xb51ef4>
}
     328:	656e7265 	strbvs	r7, [lr, #-613]!	@ 0xfffffd9b
     32c:	6e692f6c 	cdpvs	15, 6, cr2, cr9, cr12, {3}
     330:	64756c63 	ldrbtvs	r6, [r5], #-3171	@ 0xfffff39d
{
     334:	3a430065 	bcc	10c04d0 <_edata+0x10bd35c>
     338:	79736d2f 	ldmdbvc	r3!, {r0, r1, r2, r3, r5, r8, sl, fp, sp, lr}^
     33c:	656e5f73 	strbvs	r5, [lr, #-3955]!	@ 0xfffff08d
     340:	696d2f77 	stmdbvs	sp!, {r0, r1, r2, r4, r5, r6, r8, r9, sl, fp, sp}^
     344:	3677676e 	ldrbtcc	r6, [r7], -lr, ror #14
     348:	72612f34 	rsbvc	r2, r1, #52, 30	@ 0xd0
    {
     34c:	6f6e2d6d 	svcvs	0x006e2d6d
     350:	652d656e 	strvs	r6, [sp, #-1390]!	@ 0xfffffa92
     354:	2f696261 	svccs	0x00696261
     358:	6c636e69 	stclvs	14, cr6, [r3], #-420	@ 0xfffffe5c
            pxStack = pvPortMallocStack( ( ( ( size_t ) uxStackDepth ) * sizeof( StackType_t ) ) );
     35c:	00656475 	rsbeq	r6, r5, r5, ror r4
     360:	73617400 	cmnvc	r1, #0, 8
     364:	632e736b 			@ <UNDEFINED> instruction: 0x632e736b
            if( pxStack != NULL )
     368:	00000100 	andeq	r0, r0, r0, lsl #2
                pxNewTCB = ( TCB_t * ) pvPortMalloc( sizeof( TCB_t ) );
     36c:	74726f70 	ldrbtvc	r6, [r2], #-3952	@ 0xfffff090
     370:	7263616d 	rsbvc	r6, r3, #1073741851	@ 0x4000001b
                if( pxNewTCB != NULL )
     374:	00682e6f 	rsbeq	r2, r8, pc, ror #28
     378:	73000002 	movwvc	r0, #2
                    ( void ) memset( ( void * ) pxNewTCB, 0x00, sizeof( TCB_t ) );
     37c:	65646474 	strbvs	r6, [r4, #-1140]!	@ 0xfffffb8c
     380:	00682e66 	rsbeq	r2, r8, r6, ror #28
                    pxNewTCB->pxStack = pxStack;
     384:	5f000003 	svcpl	0x00000003
     388:	61666564 	cmnvs	r6, r4, ror #10
                    vPortFreeStack( pxStack );
     38c:	5f746c75 	svcpl	0x00746c75
     390:	65707974 	ldrbvs	r7, [r0, #-2420]!	@ 0xfffff68c
                pxNewTCB = NULL;
     394:	00682e73 	rsbeq	r2, r8, r3, ror lr
        if( pxNewTCB != NULL )
     398:	5f000004 	svcpl	0x00000004
     39c:	69647473 	stmdbvs	r4!, {r0, r1, r4, r5, r6, sl, ip, sp, lr}^
            prvInitialiseNewTask( pxTaskCode, pcName, uxStackDepth, pvParameters, uxPriority, pxCreatedTask, pxNewTCB, NULL );
     3a0:	682e746e 	stmdavs	lr!, {r1, r2, r3, r5, r6, sl, ip, sp, lr}
     3a4:	00000500 	andeq	r0, r0, r0, lsl #10
     3a8:	6a6f7270 	bvs	1bdcd70 <_edata+0x1bd9bfc>
     3ac:	73666564 	cmnvc	r6, #100, 10	@ 0x19000000
     3b0:	0600682e 	streq	r6, [r0], -lr, lsr #16
     3b4:	696c0000 	stmdbvs	ip!, {}^	@ <UNPREDICTABLE>
     3b8:	682e7473 	stmdavs	lr!, {r0, r1, r4, r5, r6, sl, ip, sp, lr}
    }
     3bc:	00000600 	andeq	r0, r0, r0, lsl #12
     3c0:	6b736174 	blvs	1cd8998 <_edata+0x1cd5824>
    {
     3c4:	0600682e 	streq	r6, [r0], -lr, lsr #16
     3c8:	6f700000 	svcvs	0x00700000
     3cc:	62617472 	rsbvs	r7, r1, #1912602624	@ 0x72000000
     3d0:	682e656c 	stmdavs	lr!, {r2, r3, r5, r6, r8, sl, sp, lr}
        pxNewTCB = prvCreateTask( pxTaskCode, pcName, uxStackDepth, pvParameters, uxPriority, pxCreatedTask );
     3d4:	00000600 	andeq	r0, r0, r0, lsl #12
     3d8:	69727473 	ldmdbvs	r2!, {r0, r1, r4, r5, r6, sl, ip, sp, lr}^
     3dc:	682e676e 	stmdavs	lr!, {r1, r2, r3, r5, r6, r8, r9, sl, sp, lr}
     3e0:	00000700 	andeq	r0, r0, r0, lsl #14
     3e4:	00050500 	andeq	r0, r5, r0, lsl #10
        if( pxNewTCB != NULL )
     3e8:	034c0205 	movteq	r0, #49669	@ 0xc205
     3ec:	ef030000 	svc	0x00030000
            prvAddNewTaskToReadyList( pxNewTCB );
     3f0:	1705010c 	strne	r0, [r5, -ip, lsl #2]
            xReturn = pdPASS;
     3f4:	05742c03 	ldrbeq	r2, [r4, #-3075]!	@ 0xfffff3fd
     3f8:	2805680f 	stmdacs	r5, {r0, r1, r2, r3, fp, sp, lr}
            xReturn = errCOULD_NOT_ALLOCATE_REQUIRED_MEMORY;
     3fc:	4c130542 	ldcmi	5, cr0, [r3], {66}	@ 0x42
        return xReturn;
     400:	053e1e05 	ldreq	r1, [lr, #-3589]!	@ 0xfffff1fb
    }
     404:	15055b27 	strne	r5, [r5, #-2855]	@ 0xfffff4d9
     408:	4f1a0550 	svcmi	0x001a0550
{
     40c:	05330b05 	ldreq	r0, [r3, #-2821]!	@ 0xfffff4fb
     410:	3c0a030d 	stccc	3, cr0, [sl], {13}
     414:	05d91005 	ldrbeq	r1, [r9, #5]
        pxTopOfStack = &( pxNewTCB->pxStack[ uxStackDepth - ( configSTACK_DEPTH_TYPE ) 1 ] );
     418:	09032105 	stmdbeq	r3, {r0, r2, r8, sp}
     41c:	7a14054a 	bvc	50194c <_edata+0x4fe7d8>
     420:	05ae0b05 	streq	r0, [lr, #2821]!	@ 0xb05
     424:	3c09030d 	stccc	3, cr0, [r9], {13}
     428:	403d1505 	eorsmi	r1, sp, r5, lsl #10
        pxTopOfStack = ( StackType_t * ) ( ( ( portPOINTER_SIZE_TYPE ) pxTopOfStack ) & ( ~( ( portPOINTER_SIZE_TYPE ) portBYTE_ALIGNMENT_MASK ) ) );
     42c:	05411005 	strbeq	r1, [r1, #-5]
     430:	01052105 	tsteq	r5, r5, lsl #2
    if( pcName != NULL )
     434:	054a3103 	strbeq	r3, [sl, #-259]	@ 0xfffffefd
        for( x = ( UBaseType_t ) 0; x < ( UBaseType_t ) configMAX_TASK_NAME_LEN; x++ )
     438:	74210323 	strtvc	r0, [r1], #-803	@ 0xfffffcdd
     43c:	052e2c05 	streq	r2, [lr, #-3077]!	@ 0xfffff3fb
            pxNewTCB->pcTaskName[ x ] = pcName[ x ];
     440:	2e055816 	mcrcs	8, 0, r5, cr5, cr6, {0}
     444:	2057052f 	subscs	r0, r7, pc, lsr #10
     448:	052e1605 	streq	r1, [lr, #-1541]!	@ 0xfffff9fb
     44c:	201c0307 	andscs	r0, ip, r7, lsl #6
     450:	053e1005 	ldreq	r1, [lr, #-5]!
            if( pcName[ x ] == ( char ) 0x00 )
     454:	2f052e09 	svccs	0x00052e09
     458:	4a270522 	bmi	9c18e8 <_edata+0x9be774>
     45c:	056b1705 	strbeq	r1, [fp, #-1797]!	@ 0xfffff8fb
        for( x = ( UBaseType_t ) 0; x < ( UBaseType_t ) configMAX_TASK_NAME_LEN; x++ )
     460:	53054a0f 	movwpl	r4, #23055	@ 0x5a0f
     464:	02040200 	andeq	r0, r4, #0, 4
     468:	052e7903 	streq	r7, [lr, #-2307]!	@ 0xfffff6fd
                break;
     46c:	04020027 	streq	r0, [r2], #-39	@ 0xffffffd9
        pxNewTCB->pcTaskName[ configMAX_TASK_NAME_LEN - 1U ] = '\0';
     470:	11053c01 	tstne	r5, r1, lsl #24
     474:	054a0903 	strbeq	r0, [sl, #-2307]	@ 0xfffff6fd
    if( uxPriority >= ( UBaseType_t ) configMAX_PRIORITIES )
     478:	200a033e 	andcs	r0, sl, lr, lsr r3
        uxPriority = ( UBaseType_t ) configMAX_PRIORITIES - ( UBaseType_t ) 1U;
     47c:	0a030705 	beq	c2098 <_edata+0xbef24>
    pxNewTCB->uxPriority = uxPriority;
     480:	3e14054a 	cdpcc	5, 1, cr0, cr4, cr10, {2}
     484:	05351a05 	ldreq	r1, [r5, #-2565]!	@ 0xfffff5fb
    vListInitialiseItem( &( pxNewTCB->xStateListItem ) );
     488:	5c594305 	mrrcpl	3, 0, r4, r9, cr5
     48c:	2605593f 			@ <UNDEFINED> instruction: 0x2605593f
    vListInitialiseItem( &( pxNewTCB->xEventListItem ) );
     490:	3c00c203 	stccc	2, cr12, [r0], {3}
     494:	02002405 	andeq	r2, r0, #83886080	@ 0x5000000
     498:	05660104 	strbeq	r0, [r6, #-260]!	@ 0xfffffefc
    listSET_LIST_ITEM_OWNER( &( pxNewTCB->xStateListItem ), pxNewTCB );
     49c:	2e130307 	cdpcs	3, 1, cr0, cr3, cr7, {0}
    listSET_LIST_ITEM_VALUE( &( pxNewTCB->xEventListItem ), ( TickType_t ) configMAX_PRIORITIES - ( TickType_t ) uxPriority );
     4a0:	05401805 	strbeq	r1, [r0, #-2053]	@ 0xfffff7fb
     4a4:	05054201 	streq	r4, [r5, #-513]	@ 0xfffffdff
     4a8:	4d090550 	stcmi	5, cr0, [r9, #-320]	@ 0xfffffec0
    listSET_LIST_ITEM_OWNER( &( pxNewTCB->xEventListItem ), pxNewTCB );
     4ac:	05302605 	ldreq	r2, [r0, #-1541]!	@ 0xfffff9fb
            pxNewTCB->pxTopOfStack = pxPortInitialiseStack( pxTopOfStack, pxTaskCode, pvParameters );
     4b0:	1e053c24 	cdpne	12, 0, cr3, cr5, cr4, {1}
     4b4:	2e0f0530 	mcrcs	5, 0, r0, cr15, cr0, {1}
     4b8:	05321e05 	ldreq	r1, [r2, #-3589]!	@ 0xfffff1fb
     4bc:	13053e2c 	movwne	r3, #24108	@ 0x5e2c
    if( pxCreatedTask != NULL )
     4c0:	3315052e 	tstcc	r5, #192937984	@ 0xb800000
     4c4:	0c032705 	stceq	7, cr2, [r3], {5}
        *pxCreatedTask = ( TaskHandle_t ) pxNewTCB;
     4c8:	2e13053c 	mrccs	5, 0, r0, cr3, cr12, {1}
}
     4cc:	05302505 	ldreq	r2, [r0, #-1285]!	@ 0xfffffafb
     4d0:	17053c3d 	smladxne	r5, sp, ip, r3
    {
     4d4:	3026052e 	eorcc	r0, r6, lr, lsr #10
     4d8:	0d031905 			@ <UNDEFINED> instruction: 0x0d031905
        taskENTER_CRITICAL();
     4dc:	030d053c 	movweq	r0, #54588	@ 0xd53c
            uxCurrentNumberOfTasks = ( UBaseType_t ) ( uxCurrentNumberOfTasks + 1U );
     4e0:	0905580a 	stmdbeq	r5, {r1, r3, fp, ip, lr}
     4e4:	05164102 	ldreq	r4, [r6, #-258]	@ 0xfffffefe
     4e8:	0b05301f 	bleq	14c56c <_edata+0x1493f8>
            if( pxCurrentTCB == NULL )
     4ec:	320d052e 	andcc	r0, sp, #192937984	@ 0xb800000
     4f0:	01040200 	mrseq	r0, R12_usr
                pxCurrentTCB = pxNewTCB;
     4f4:	05057406 	streq	r7, [r5, #-1030]	@ 0xfffffbfa
                if( uxCurrentNumberOfTasks == ( UBaseType_t ) 1 )
     4f8:	01058806 	tsteq	r5, r6, lsl #16
     4fc:	080b9203 	stmdaeq	fp, {r0, r1, r9, ip, pc}
                    prvInitialiseTaskLists();
     500:	3d100520 	ldccc	5, cr0, [r0, #-128]	@ 0xffffff80
     504:	05300a05 	ldreq	r0, [r0, #-2565]!	@ 0xfffff5fb
                if( xSchedulerRunning == pdFALSE )
     508:	1d056714 	stcne	7, cr6, [r5, #-80]	@ 0xffffffb0
     50c:	2e050534 	mcrcs	5, 0, r0, cr5, cr4, {1}
                    if( pxCurrentTCB->uxPriority <= pxNewTCB->uxPriority )
     510:	05253f05 	streq	r3, [r5, #-3845]!	@ 0xfffff0fb
     514:	16054a29 	strne	r4, [r5], -r9, lsr #20
     518:	4a0b055a 	bmi	2c1a88 <_edata+0x2be914>
                        pxCurrentTCB = pxNewTCB;
     51c:	00018705 	andeq	r8, r1, r5, lsl #14
     520:	03020402 	movweq	r0, #9218	@ 0x2402
            uxTaskNumber++;
     524:	36052e79 			@ <UNDEFINED> instruction: 0x36052e79
     528:	01040200 	mrseq	r0, R12_usr
            prvAddTaskToReadyList( pxNewTCB );
     52c:	030d053c 	movweq	r0, #54588	@ 0xd53c
     530:	25054a09 	strcs	r4, [r5, #-2569]	@ 0xfffff5f7
     534:	05200903 	streq	r0, [r0, #-2307]!	@ 0xfffff6fd
     538:	05055b12 	streq	r5, [r5, #-2834]	@ 0xfffff4ee
     53c:	2420052e 	strtcs	r0, [r0], #-1326	@ 0xfffffad2
     540:	ce031705 	cdpgt	7, 0, cr1, cr3, cr5, {0}
     544:	0b052e00 	bleq	14bd4c <_edata+0x148bd8>
     548:	05e40a03 	strbeq	r0, [r4, #2563]!	@ 0xa03
     54c:	0402005d 	streq	r0, [r2], #-93	@ 0xffffffa3
     550:	7fa40302 	svcvc	0x00a40302
     554:	002e053c 	eoreq	r0, lr, ip, lsr r5
     558:	3c010402 	stccc	4, cr0, [r1], {2}
     55c:	de030d05 	cdple	13, 0, cr0, cr3, cr5, {0}
     560:	0c054a00 			@ <UNDEFINED> instruction: 0x0c054a00
     564:	05201203 	streq	r1, [r0, #-515]!	@ 0xfffffdfd
     568:	05a32101 	streq	r2, [r3, #257]!	@ 0x101
     56c:	3c0d030f 	stccc	3, cr0, [sp], {15}
     570:	0f030705 	svceq	0x00030705
     574:	0502043c 	streq	r0, [r2, #-1084]	@ 0xfffffbc4
     578:	64d20305 	ldrbvs	r0, [r2], #773	@ 0x305
     57c:	9801053c 	stmdals	r1, {r2, r3, r4, r5, r8, sl}
     580:	1e050104 	cdpne	1, 0, cr0, cr5, cr4, {0}
     584:	201bc003 	andscs	ip, fp, r3
     588:	054b1b05 	strbeq	r1, [fp, #-2821]	@ 0xfffff4fb
     58c:	12053d14 	andne	r3, r5, #20, 26	@ 0x500
     590:	053c1303 	ldreq	r1, [ip, #-771]!	@ 0xfffffcfd
     594:	2e170305 	cdpcs	3, 1, cr0, cr7, cr5, {0}
     598:	cc310105 	ldcgt	1, cr0, [r1], #-20	@ 0xffffffec
     59c:	05050204 	streq	r0, [r5, #-516]	@ 0xfffffdfc
     5a0:	3c648503 	stclcc	5, cr8, [r4], #-12
     5a4:	04980105 	ldreq	r0, [r8], #261	@ 0x105
     5a8:	03170501 	tsteq	r7, #4194304	@ 0x400000
     5ac:	05201c93 	streq	r1, [r0, #-3219]!	@ 0xfffff36d
        taskEXIT_CRITICAL();
     5b0:	01054005 	tsteq	r5, r5
        if( xSchedulerRunning != pdFALSE )
     5b4:	20056a31 	andcs	r6, r5, r1, lsr sl
     5b8:	052e2503 	streq	r2, [lr, #-1283]!	@ 0xfffffafd
            taskYIELD_ANY_CORE_IF_USING_PREEMPTION( pxNewTCB );
     5bc:	09053c1e 	stmdbeq	r5, {r1, r2, r3, r4, sl, fp, ip, sp}
     5c0:	03010532 	movweq	r0, #5426	@ 0x1532
     5c4:	030100c0 	movweq	r0, #4288	@ 0x10c0
     5c8:	057400c5 	ldrbeq	r0, [r4, #-197]!	@ 0xffffff3b
     5cc:	10053d0d 	andne	r3, r5, sp, lsl #26
     5d0:	0309052f 	movweq	r0, #38191	@ 0x952f
     5d4:	1e052e0d 	cdpne	14, 0, cr2, cr5, cr13, {0}
    }
     5d8:	34240530 	strtcc	r0, [r4], #-1328	@ 0xfffffad0
     5dc:	053c2205 	ldreq	r2, [ip, #-517]!	@ 0xfffffdfb
     5e0:	0f053126 	svceq	0x00053126
     5e4:	3e2c052e 	cdpcc	5, 2, cr0, cr12, cr14, {1}
     5e8:	052e1305 	streq	r1, [lr, #-773]!	@ 0xfffffcfb
     5ec:	2105401a 	tstcs	r5, sl, lsl r0
     5f0:	2e1f0525 	cdpcs	5, 1, cr0, cr15, cr5, {1}
     5f4:	002f1905 	eoreq	r1, pc, r5, lsl #18
     5f8:	06010402 	streq	r0, [r1], -r2, lsl #8
{
     5fc:	02002e08 	andeq	r2, r0, #8, 28	@ 0x80
     600:	064a0304 	strbeq	r0, [sl], -r4, lsl #6
    BaseType_t xReturn = pdPASS;
     604:	02001383 	andeq	r1, r0, #201326594	@ 0xc000002
    char cIdleName[ configMAX_TASK_NAME_LEN ] = { 0 };
     608:	08060104 	stmdaeq	r6, {r2, r8}
     60c:	0402002e 	streq	r0, [r2], #-46	@ 0xffffffd2
     610:	83064a03 	movwhi	r4, #27139	@ 0x6a03
    TaskFunction_t pxIdleTaskFunction = NULL;
     614:	41022605 	tstmi	r2, r5, lsl #12
    for( xIdleTaskNameIndex = 0U; xIdleTaskNameIndex < ( configMAX_TASK_NAME_LEN - taskRESERVED_TASK_NAME_LENGTH ); xIdleTaskNameIndex++ )
     618:	2e410518 	mcrcs	5, 2, r0, cr1, cr8, {0}
        cIdleName[ xIdleTaskNameIndex ] = configIDLE_TASK_NAME[ xIdleTaskNameIndex ];
     61c:	053c1f05 	ldreq	r1, [ip, #-3845]!	@ 0xfffff0fb
     620:	1c05303b 	stcne	0, cr3, [r5], {59}	@ 0x3b
     624:	05586f03 	ldrbeq	r6, [r8, #-3843]	@ 0xfffff0fd
     628:	17052e44 	strne	r2, [r5, -r4, asr #28]
     62c:	053c2103 	ldreq	r2, [ip, #-259]!	@ 0xfffffefd
        if( cIdleName[ xIdleTaskNameIndex ] == ( char ) 0x00 )
     630:	24054419 	strcs	r4, [r5], #-1049	@ 0xfffffbe7
     634:	052e0d03 	streq	r0, [lr, #-3331]!	@ 0xfffff2fd
     638:	25053e1b 	strcs	r3, [r5, #-3611]	@ 0xfffff1e5
    for( xIdleTaskNameIndex = 0U; xIdleTaskNameIndex < ( configMAX_TASK_NAME_LEN - taskRESERVED_TASK_NAME_LENGTH ); xIdleTaskNameIndex++ )
     63c:	00230540 	eoreq	r0, r3, r0, asr #10
     640:	3c010402 	stccc	4, cr0, [r1], {2}
     644:	05323f05 	ldreq	r3, [r2, #-3845]!	@ 0xfffff0fb
            break;
     648:	34055f21 	strcc	r5, [r5], #-3873	@ 0xfffff0df
    cIdleName[ xIdleTaskNameIndex ] = '\0';
     64c:	3e2a053d 	mcrcc	5, 1, r0, cr10, cr13, {1}
     650:	05442705 	strbeq	r2, [r4, #-1797]	@ 0xfffff8fb
    for( xCoreID = ( BaseType_t ) 0; xCoreID < ( BaseType_t ) configNUMBER_OF_CORES; xCoreID++ )
     654:	2d054a17 	vstrcs	s8, [r5, #-92]	@ 0xffffffa4
     658:	341d0532 	ldrcc	r0, [sp], #-1330	@ 0xffffface
            pxIdleTaskFunction = &prvIdleTask;
     65c:	0f030905 	svceq	0x00030905
            xReturn = xTaskCreate( pxIdleTaskFunction,
     660:	330c059e 	movwcc	r0, #50590	@ 0xc59e
     664:	08210105 	stmdaeq	r1!, {r0, r2, r8}
     668:	4410055c 	ldrmi	r0, [r0], #-1372	@ 0xfffffaa4
     66c:	05420c05 	strbeq	r0, [r2, #-3077]	@ 0xfffff3fb
     670:	05782101 	ldrbeq	r2, [r8, #-257]!	@ 0xfffffeff
     674:	3c16031c 	ldccc	3, cr0, [r6], {28}
     678:	05301105 	ldreq	r1, [r0, #-261]!	@ 0xfffffefb
        if( xReturn != pdPASS )
     67c:	0105420c 	tsteq	r5, ip, lsl #4
     680:	0c057821 	stceq	8, cr7, [r5], {33}	@ 0x21
    for( xCoreID = ( BaseType_t ) 0; xCoreID < ( BaseType_t ) configNUMBER_OF_CORES; xCoreID++ )
     684:	2f010535 	svccs	0x00010535
     688:	510d056a 	tstpl	sp, sl, ror #10
     68c:	01040200 	mrseq	r0, R12_usr
            break;
     690:	02003c06 	andeq	r3, r0, #1536	@ 0x600
}
     694:	053c0204 	ldreq	r0, [ip, #-516]!	@ 0xfffffdfc
     698:	0402000b 	streq	r0, [r2], #-11
     69c:	05200604 	streq	r0, [r0, #-1540]!	@ 0xfffff9fc
     6a0:	0105250c 	tsteq	r5, ip, lsl #10
     6a4:	02ea032f 	rsceq	r0, sl, #-1140850688	@ 0xbc000000
{
     6a8:	03050582 	movweq	r0, #21890	@ 0x5582
     6ac:	05314a0b 	ldreq	r4, [r1, #-2571]!	@ 0xfffff5f5
    xReturn = prvCreateIdleTasks();
     6b0:	05053016 	streq	r3, [r5, #-22]	@ 0xffffffea
    if( xReturn == pdPASS )
     6b4:	2f160568 	svccs	0x00160568
     6b8:	05400c05 	strbeq	r0, [r0, #-3077]	@ 0xfffff3fb
    __asm volatile
     6bc:	e4032101 	str	r2, [r3], #-257	@ 0xfffffeff
     6c0:	10056600 	andne	r6, r5, r0, lsl #12
     6c4:	031e053f 	tsteq	lr, #264241152	@ 0xfc00000
     6c8:	07052e0d 	streq	r2, [r5, -sp, lsl #28]
}
     6cc:	4037052e 	eorsmi	r0, r7, lr, lsr #10
        xNextTaskUnblockTime = portMAX_DELAY;
     6d0:	052e1a05 	streq	r1, [lr, #-2565]!	@ 0xfffff5fb
     6d4:	0b053214 	bleq	14cf2c <_edata+0x149db8>
        xSchedulerRunning = pdTRUE;
     6d8:	3e0d053e 	mcrcc	5, 0, r0, cr13, cr14, {1}
        xTickCount = ( TickType_t ) configINITIAL_TICK_COUNT;
     6dc:	0b031d05 	bleq	c7af8 <_edata+0xc4984>
     6e0:	0b051208 	bleq	144f08 <_edata+0x141d94>
        ( void ) xPortStartScheduler();
     6e4:	4e15052e 	cdpmi	5, 1, cr0, cr5, cr14, {1}
    ( void ) uxTopUsedPriority;
     6e8:	053c1305 	ldreq	r1, [ip, #-773]!	@ 0xfffffcfb
}
     6ec:	1505352a 	strne	r3, [r5, #-1322]	@ 0xfffffad6
     6f0:	031d054b 	tsteq	sp, #314572800	@ 0x12c00000
     6f4:	1b05200b 	blne	148728 <_edata+0x1455b4>
     6f8:	2f20053c 	svccs	0x0020053c
     6fc:	053e1705 	ldreq	r1, [lr, #-1797]!	@ 0xfffff8fb
     700:	1905512e 	stmdbne	r5, {r1, r2, r3, r5, r8, ip, lr}
{
     704:	2815053d 	ldmdacs	r5, {r0, r2, r3, r4, r5, r8, sl}
     708:	01040200 	mrseq	r0, R12_usr
    __asm volatile
     70c:	002e0806 	eoreq	r0, lr, r6, lsl #16
     710:	4a030402 	bmi	c1720 <_edata+0xbe5ac>
     714:	86061905 	strhi	r1, [r6], -r5, lsl #18
     718:	052e1705 	streq	r1, [lr, #-1797]!	@ 0xfffff8fb
}
     71c:	02003019 	andeq	r3, r0, #25
    xSchedulerRunning = pdFALSE;
     720:	08060104 	stmdaeq	r6, {r2, r8}
    vPortEndScheduler();
     724:	0402002e 	streq	r0, [r2], #-46	@ 0xffffffd2
}
     728:	15054a03 	strne	r4, [r5, #-2563]	@ 0xfffff5fd
     72c:	82090306 	andhi	r0, r9, #402653184	@ 0x18000000
     730:	10032605 	andne	r2, r3, r5, lsl #12
{
     734:	05014102 	streq	r4, [r1, #-258]	@ 0xfffffefe
        uxSchedulerSuspended = ( UBaseType_t ) ( uxSchedulerSuspended + 1U );
     738:	1f052e41 	svcne	0x00052e41
     73c:	3e31053c 	mrccc	5, 1, r0, cr1, cr12, {1}
     740:	b9031305 	stmdblt	r3, {r0, r2, r8, r9, ip}
}
     744:	15052e7f 	strne	r2, [r5, #-3711]	@ 0xfffff181
     748:	2000e003 	andcs	lr, r0, r3
     74c:	059e1305 	ldreq	r1, [lr, #773]	@ 0x305
{
     750:	23053025 	movwcs	r3, #20517	@ 0x5025
     754:	052e2f03 	streq	r2, [lr, #-3843]!	@ 0xfffff0fd
    TCB_t * pxTCB = NULL;
     758:	25052e13 	strcs	r2, [r5, #-3603]	@ 0xfffff1ed
    BaseType_t xAlreadyYielded = pdFALSE;
     75c:	03160530 	tsteq	r6, #48, 10	@ 0xc000000
        taskENTER_CRITICAL();
     760:	0c053c2a 	stceq	12, cr3, [r5], {42}	@ 0x2a
            const BaseType_t xCoreID = ( BaseType_t ) portGET_CORE_ID();
     764:	05580d03 	ldrbeq	r0, [r8, #-3331]	@ 0xfffff2fd
            uxSchedulerSuspended = ( UBaseType_t ) ( uxSchedulerSuspended - 1U );
     768:	05052101 	streq	r2, [r5, #-257]	@ 0xfffffeff
     76c:	08018a03 	stmdaeq	r1, {r0, r1, r9, fp, pc}
            if( uxSchedulerSuspended == ( UBaseType_t ) 0U )
     770:	3f220590 	svccc	0x00220590
     774:	052e0b05 	streq	r0, [lr, #-2821]!	@ 0xfffff4fb
     778:	05053221 	streq	r3, [r5, #-545]	@ 0xfffffddf
                if( uxCurrentNumberOfTasks > ( UBaseType_t ) 0U )
     77c:	3c00cb03 			@ <UNDEFINED> instruction: 0x3c00cb03
     780:	b9032105 	stmdblt	r3, {r0, r2, r8, sp}
                    while( listLIST_IS_EMPTY( &xPendingReadyList ) == pdFALSE )
     784:	0d05207f 	stceq	0, cr2, [r5, #-508]	@ 0xfffffe04
                        pxTCB = listGET_OWNER_OF_HEAD_ENTRY( ( &xPendingReadyList ) );
     788:	043c2e03 	ldrteq	r2, [ip], #-3587	@ 0xfffff1fd
     78c:	03090502 	movweq	r0, #38146	@ 0x9502
                        listREMOVE_ITEM( &( pxTCB->xEventListItem ) );
     790:	053c58e9 	ldreq	r5, [ip, #-2281]!	@ 0xfffff717
     794:	01044c10 	tsteq	r4, r0, lsl ip
     798:	02000d05 	andeq	r0, r0, #320	@ 0x140
     79c:	95030104 	strls	r0, [r3, #-260]	@ 0xfffffefc
     7a0:	02002027 	andeq	r2, r0, #39	@ 0x27
     7a4:	08060304 	stmdaeq	r6, {r2, r8, r9}
     7a8:	055e0690 	ldrbeq	r0, [lr, #-1680]	@ 0xfffff970
     7ac:	2e130305 	cdpcs	3, 1, cr0, cr3, cr5, {0}
     7b0:	ea030105 	b	c0bcc <_edata+0xbda58>
     7b4:	2e05e400 	cdpcs	4, 0, cr14, cr5, cr0, {0}
     7b8:	05581303 	ldrbeq	r1, [r8, #-771]	@ 0xfffffcfd
     7bc:	055a2e05 	ldrbeq	r2, [sl, #-3589]	@ 0xfffff1fb
     7c0:	056c4d01 	strbeq	r4, [ip, #-3329]!	@ 0xfffff2ff
     7c4:	660c0305 	strvs	r0, [ip], -r5, lsl #6
     7c8:	05f4086d 	ldrbeq	r0, [r4, #2157]!	@ 0x86d
                        listREMOVE_ITEM( &( pxTCB->xStateListItem ) );
     7cc:	2b034d01 	blcs	d3bd8 <_edata+0xd0a64>
     7d0:	03160574 	tsteq	r6, #116, 10	@ 0x1d000000
     7d4:	14054a16 	strne	r4, [r5], #-2582	@ 0xfffff5ea
     7d8:	3005052e 	andcc	r0, r5, lr, lsr #10
     7dc:	01040200 	mrseq	r0, R12_usr
     7e0:	002e0806 	eoreq	r0, lr, r6, lsl #16
     7e4:	4a030402 	bmi	c17f4 <_edata+0xbe680>
     7e8:	84061e05 	strhi	r1, [r6], #-3589	@ 0xfffff1fb
     7ec:	052e0705 	streq	r0, [lr, #-1797]!	@ 0xfffff8fb
     7f0:	02003009 	andeq	r3, r0, #9
     7f4:	08060104 	stmdaeq	r6, {r2, r8}
     7f8:	0402002e 	streq	r0, [r2], #-46	@ 0xffffffd2
     7fc:	83064a03 	movwhi	r4, #27139	@ 0x6a03
     800:	42021403 	andmi	r1, r2, #50331648	@ 0x3000000
     804:	081b0501 	ldmdaeq	fp, {r0, r8, sl}
     808:	2e3605b1 	mrccs	5, 1, r0, cr6, cr1, {5}
                        prvAddTaskToReadyList( pxTCB );
     80c:	053c0b05 	ldreq	r0, [ip, #-2821]!	@ 0xfffff4fb
     810:	21053315 	tstcs	r5, r5, lsl r3
     814:	4e150532 	mrcmi	5, 0, r0, cr5, cr2, {1}
     818:	15030c05 	strne	r0, [r3, #-3077]	@ 0xfffff3fb
     81c:	2101052e 	tstcs	r1, lr, lsr #10
     820:	05052508 	streq	r2, [r5, #-1288]	@ 0xfffffaf8
     824:	05580a03 	ldrbeq	r0, [r8, #-2563]	@ 0xfffff5fd
     828:	05055f14 	streq	r5, [r5, #-3860]	@ 0xfffff0ec
     82c:	0402003e 	streq	r0, [r2], #-62	@ 0xffffffc2
     830:	20080601 	andcs	r0, r8, r1, lsl #12
     834:	03040200 	movweq	r0, #16896	@ 0x4200
     838:	1303064a 	movwne	r0, #13898	@ 0x364a
     83c:	04020082 	streq	r0, [r2], #-130	@ 0xffffff7e
     840:	2e080601 	cdpcs	6, 0, cr0, cr8, cr1, {0}
     844:	03040200 	movweq	r0, #16896	@ 0x4200
     848:	0583064a 	streq	r0, [r3, #1610]	@ 0x64a
     84c:	1641021b 			@ <UNDEFINED> instruction: 0x1641021b
     850:	052e3605 	streq	r3, [lr, #-1541]!	@ 0xfffff9fb
     854:	21053c0b 	tstcs	r5, fp, lsl #24
     858:	03010534 	movweq	r0, #5428	@ 0x1534
     85c:	05cc3c12 	strbeq	r3, [ip, #3090]	@ 0xc12
     860:	23054e05 	movwcs	r4, #24069	@ 0x5e05
     864:	4b240530 	blmi	901d2c <_edata+0x8febb8>
     868:	054c0505 	strbeq	r0, [ip, #-1285]	@ 0xfffffafb
     86c:	05863101 	streq	r3, [r6, #257]	@ 0x101
     870:	20054e1f 	andcs	r4, r5, pc, lsl lr
     874:	4d01054b 	stcmi	5, cr0, [r1, #-300]	@ 0xfffffed4
     878:	600505a3 	andvs	r0, r5, r3, lsr #11
     87c:	05311a05 	ldreq	r1, [r1, #-2565]!	@ 0xfffff5fb
     880:	1a053d44 	bne	14fd98 <_edata+0x14cc24>
     884:	032b052e 			@ <UNDEFINED> instruction: 0x032b052e
     888:	1f053c18 	svcne	0x00053c18
                            if( pxTCB->uxPriority > pxCurrentTCB->uxPriority )
     88c:	2e0b052e 	cdpcs	5, 0, cr0, cr11, cr14, {1}
     890:	02005f05 	andeq	r5, r0, #5, 30
     894:	052e0104 	streq	r0, [lr, #-260]!	@ 0xfffffefc
     898:	0402003e 	streq	r0, [r2], #-62	@ 0xffffffc2
                                xYieldPendings[ xCoreID ] = pdTRUE;
     89c:	15052e01 	strne	r2, [r5, #-3585]	@ 0xfffff1ff
     8a0:	2f1c0543 	svccs	0x001c0543
                    while( listLIST_IS_EMPTY( &xPendingReadyList ) == pdFALSE )
     8a4:	054c2105 	strbeq	r2, [ip, #-261]	@ 0xfffffefb
     8a8:	0d052e10 	stceq	14, cr2, [r5, #-64]	@ 0xffffffc0
     8ac:	2e1c053f 	mrccs	5, 0, r0, cr12, cr15, {1}
                    if( pxTCB != NULL )
     8b0:	054b0d05 	strbeq	r0, [fp, #-3333]	@ 0xfffff2fb
                        prvResetNextTaskUnblockTime();
     8b4:	1c053d15 	stcne	13, cr3, [r5], {21}
                        TickType_t xPendedCounts = xPendedTicks; /* Non-volatile copy. */
     8b8:	3d150540 	ldccc	5, cr0, [r5, #-256]	@ 0xffffff00
     8bc:	05310505 	ldreq	r0, [r1, #-1285]!	@ 0xfffffafb
                        if( xPendedCounts > ( TickType_t ) 0U )
     8c0:	0105320c 	tsteq	r5, ip, lsl #4
                                if( xTaskIncrementTick() != pdFALSE )
     8c4:	29059421 	stmdbcs	r5, {r0, r5, sl, ip, pc}
     8c8:	3f010532 	svccc	0x00010532
     8cc:	74018a03 	strvc	r8, [r1], #-2563	@ 0xfffff5fd
                                    xYieldPendings[ xCoreID ] = pdTRUE;
     8d0:	18030905 	stmdane	r3, {r0, r2, r8, fp}
     8d4:	0311054a 	tsteq	r1, #310378496	@ 0x12800000
                                --xPendedCounts;
     8d8:	0f052e18 	svceq	0x00052e18
     8dc:	3011052e 	andscc	r0, r1, lr, lsr #10
                            } while( xPendedCounts > ( TickType_t ) 0U );
     8e0:	66030905 	strvs	r0, [r3], -r5, lsl #18
                            xPendedTicks = 0;
     8e4:	03010582 	movweq	r0, #5506	@ 0x1582
     8e8:	056601f2 	strbeq	r0, [r6, #-498]!	@ 0xfffffe0e
                    if( xYieldPendings[ xCoreID ] != pdFALSE )
     8ec:	05053f15 	streq	r3, [r5, #-3861]	@ 0xfffff0eb
     8f0:	2209052e 	andcs	r0, r9, #192937984	@ 0xb800000
     8f4:	02006805 	andeq	r6, r0, #327680	@ 0x50000
                            xAlreadyYielded = pdTRUE;
     8f8:	059c0304 	ldreq	r0, [ip, #772]	@ 0x304
                            taskYIELD_TASK_CORE_IF_USING_PREEMPTION( pxCurrentTCB );
     8fc:	04020036 	streq	r0, [r2], #-54	@ 0xffffffca
     900:	05053c01 	streq	r3, [r5, #-3073]	@ 0xfffff3ff
     904:	053d3d41 	ldreq	r3, [sp, #-3393]!	@ 0xfffff2bf
     908:	3c100317 	ldccc	3, cr0, [r0], {23}
     90c:	053d1f05 	ldreq	r1, [sp, #-3845]!	@ 0xfffff0fb
        taskEXIT_CRITICAL();
     910:	16083d01 	strne	r3, [r8], -r1, lsl #26
}
     914:	2e00c803 	cdpcs	8, 0, cr12, cr0, cr3, {0}
     918:	4a02d803 	bmi	b692c <_edata+0xb37b8>
     91c:	052f0905 	streq	r0, [pc, #-2309]!	@ 1f <_stext+0x1f>
     920:	1e053c07 	cdpne	12, 0, cr3, cr5, cr7, {0}
     924:	03010534 	movweq	r0, #5428	@ 0x1534
     928:	20054a0a 	andcs	r4, r5, sl, lsl #20
     92c:	4a1e051e 	bmi	781dac <_edata+0x77ec38>
     930:	05300105 	ldreq	r0, [r0, #-261]!	@ 0xfffffefb
     934:	15058909 	strne	r8, [r5, #-2313]	@ 0xfffff6f7
     938:	40140544 	andsmi	r0, r4, r4, asr #10
     93c:	05210905 	streq	r0, [r1, #-2309]!	@ 0xfffff6fb
{
     940:	74160305 	ldrvc	r0, [r6], #-773	@ 0xfffffcfb
     944:	054b1605 	strbeq	r1, [fp, #-1541]	@ 0xfffff9fb
        xTicks = xTickCount;
     948:	2a05320b 	bcs	14d17c <_edata+0x14a008>
    return xTicks;
     94c:	01040200 	mrseq	r0, R12_usr
}
     950:	3f19053c 	svccc	0x0019053c
     954:	05441005 	strbeq	r1, [r4, #-5]
     958:	01052105 	tsteq	r5, r5, lsl #2
{
     95c:	82089f03 	andhi	r9, r8, #3, 30
     960:	05411005 	strbeq	r1, [r1, #-5]
    uxSavedInterruptStatus = portTICK_TYPE_SET_INTERRUPT_MASK_FROM_ISR();
     964:	05052e0e 	streq	r2, [r5, #-3598]	@ 0xfffff1f2
        xReturn = xTickCount;
     968:	860c0532 			@ <UNDEFINED> instruction: 0x860c0532
    return xReturn;
     96c:	05210105 	streq	r0, [r1, #-261]!	@ 0xfffffefb
}
     970:	82210305 	eorhi	r0, r1, #335544320	@ 0x14000000
     974:	05682505 	strbeq	r2, [r8, #-1285]!	@ 0xfffffafb
     978:	2c05361b 	stccs	6, cr3, [r5], {27}
{
     97c:	580b052e 	stmdapl	fp, {r1, r2, r3, r5, r8, sl}
    return uxCurrentNumberOfTasks;
     980:	02004805 	andeq	r4, r0, #327680	@ 0x50000
}
     984:	052e0104 	streq	r0, [lr, #-260]!	@ 0xfffffefc
     988:	1105400d 	tstne	r5, sp
     98c:	31250534 			@ <UNDEFINED> instruction: 0x31250534
{
     990:	052e3605 	streq	r3, [lr, #-1541]!	@ 0xfffff9fb
     994:	25055817 	strcs	r5, [r5, #-2071]	@ 0xfffff7e9
    pxTCB = prvGetTCBFromHandle( xTaskToQuery );
     998:	2e480531 	mcrcs	5, 2, r0, cr8, cr1, {1}
     99c:	055b2605 	ldrbeq	r2, [fp, #-1541]	@ 0xfffff9fb
     9a0:	13053511 	movwne	r3, #21777	@ 0x5511
     9a4:	3f150533 	svccc	0x00150533
    return &( pxTCB->pcTaskName[ 0 ] );
     9a8:	05511f05 	ldrbeq	r1, [r1, #-3845]	@ 0xfffff0fb
}
     9ac:	2c053f0f 	stccs	15, cr3, [r5], {15}
     9b0:	01040200 	mrseq	r0, R12_usr
     9b4:	3e11053c 	mrccc	5, 0, r0, cr1, cr12, {1}
     9b8:	058a0905 	streq	r0, [sl, #2309]	@ 0x905
{
     9bc:	16053124 	strne	r3, [r5], -r4, lsr #2
     9c0:	680f052e 	stmdavs	pc, {r1, r2, r3, r5, r8, sl}	@ <UNPREDICTABLE>
    vTaskSuspendAll();
     9c4:	053e1305 	ldreq	r1, [lr, #-773]!	@ 0xfffffcfb
    taskENTER_CRITICAL();
     9c8:	46053e21 	strmi	r3, [r5], -r1, lsr #28
        xPendedTicks += xTicksToCatchUp;
     9cc:	7821052e 	stmdavc	r1!, {r1, r2, r3, r5, r8, sl}
     9d0:	052e5105 	streq	r5, [lr, #-261]!	@ 0xfffffefb
     9d4:	19052e46 	stmdbne	r5, {r1, r2, r6, r9, sl, fp, sp}
    taskEXIT_CRITICAL();
     9d8:	2e3c0560 	cdpcs	5, 3, cr0, cr12, cr0, {3}
    xYieldOccurred = xTaskResumeAll();
     9dc:	055a0905 	ldrbeq	r0, [sl, #-2309]	@ 0xfffff6fb
     9e0:	05053210 	streq	r3, [r5, #-528]	@ 0xfffffdf0
}
     9e4:	820c0321 	andhi	r0, ip, #-2080374784	@ 0x84000000
     9e8:	05752e05 	ldrbeq	r2, [r5, #-3589]!	@ 0xfffff1fb
     9ec:	2a05361b 	bcs	14e260 <_edata+0x14b0ec>
{
     9f0:	580b052e 	stmdapl	fp, {r1, r2, r3, r5, r8, sl}
     9f4:	02005d05 	andeq	r5, r0, #320	@ 0x140
    BaseType_t xSwitchRequired = pdFALSE;
     9f8:	052e0104 	streq	r0, [lr, #-260]!	@ 0xfffffefc
    if( uxSchedulerSuspended == ( UBaseType_t ) 0U )
     9fc:	1105400d 	tstne	r5, sp
     a00:	31250533 			@ <UNDEFINED> instruction: 0x31250533
        const TickType_t xConstTickCount = xTickCount + ( TickType_t ) 1;
     a04:	052e3405 	streq	r3, [lr, #-1029]!	@ 0xfffffbfb
     a08:	25055817 	strcs	r5, [r5, #-2071]	@ 0xfffff7e9
        xTickCount = xConstTickCount;
     a0c:	2e360533 	mrccs	5, 1, r0, cr6, cr3, {1}
     a10:	05584d05 	ldrbeq	r4, [r8, #-3333]	@ 0xfffff2fb
        if( xConstTickCount == ( TickType_t ) 0U )
     a14:	25052e4a 	strcs	r2, [r5, #-3658]	@ 0xfffff1b6
            taskSWITCH_DELAYED_LISTS();
     a18:	2e480569 	cdpcs	5, 4, cr0, cr8, cr9, {3}
     a1c:	055b2605 	ldrbeq	r2, [fp, #-1541]	@ 0xfffff9fb
     a20:	13053511 	movwne	r3, #21777	@ 0x5511
     a24:	3f150533 	svccc	0x00150533
     a28:	05511f05 	ldrbeq	r1, [r1, #-3845]	@ 0xfffff0fb
     a2c:	2c053f0f 	stccs	15, cr3, [r5], {15}
     a30:	01040200 	mrseq	r0, R12_usr
     a34:	3e11053c 	mrccc	5, 0, r0, cr1, cr12, {1}
     a38:	058a0905 	streq	r0, [sl, #2309]	@ 0x905
        if( xConstTickCount >= xNextTaskUnblockTime )
     a3c:	3505320f 	strcc	r3, [r5, #-527]	@ 0xfffffdf1
     a40:	2e460540 	cdpcs	5, 4, cr0, cr6, cr0, {2}
     a44:	05582705 	ldrbeq	r2, [r8, #-1797]	@ 0xfffff8fb
                if( listLIST_IS_EMPTY( pxDelayedTaskList ) != pdFALSE )
     a48:	2c05351d 	stccs	5, cr3, [r5], {29}
     a4c:	580f052e 	stmdapl	pc, {r1, r2, r3, r5, r8, sl}	@ <UNPREDICTABLE>
                    xNextTaskUnblockTime = portMAX_DELAY;
     a50:	05311905 	ldreq	r1, [r1, #-2309]!	@ 0xfffff6fb
     a54:	2e05421d 	mcrcs	2, 0, r4, cr5, cr13, {0}
                    break;
     a58:	5845052e 	stmdapl	r5, {r1, r2, r3, r5, r8, sl}^
                    pxTCB = listGET_OWNER_OF_HEAD_ENTRY( pxDelayedTaskList );
     a5c:	052e4205 	streq	r4, [lr, #-517]!	@ 0xfffffdfb
     a60:	05316719 	ldreq	r6, [r1, #-1817]!	@ 0xfffff8e7
                    xItemValue = listGET_LIST_ITEM_VALUE( &( pxTCB->xStateListItem ) );
     a64:	09052e3c 	stmdbeq	r5, {r2, r3, r4, r5, r9, sl, fp, sp}
     a68:	3210055a 	andscc	r0, r0, #377487360	@ 0x16800000
                    if( xConstTickCount < xItemValue )
     a6c:	03210505 			@ <UNDEFINED> instruction: 0x03210505
     a70:	1405900c 	strne	r9, [r5], #-12
                        xNextTaskUnblockTime = xItemValue;
     a74:	350f0576 	strcc	r0, [pc, #-1398]	@ 506 <prvAddNewTaskToReadyList+0x32>
                        break;
     a78:	05300905 	ldreq	r0, [r0, #-2309]!	@ 0xfffff6fb
                    listREMOVE_ITEM( &( pxTCB->xStateListItem ) );
     a7c:	4705300f 	strmi	r3, [r5, -pc]
     a80:	662f053e 			@ <UNDEFINED> instruction: 0x662f053e
     a84:	05312305 	ldreq	r2, [r1, #-773]!	@ 0xfffffcfb
     a88:	0d056835 	stceq	8, cr6, [r5, #-212]	@ 0xffffff2c
     a8c:	f52b0568 			@ <UNDEFINED> instruction: 0xf52b0568
     a90:	05663f05 	strbeq	r3, [r6, #-3845]!	@ 0xfffff0fb
     a94:	2d058315 	stccs	3, cr8, [r5, #-84]	@ 0xffffffac
     a98:	66420523 	strbvs	r0, [r2], -r3, lsr #10
     a9c:	05751505 	ldrbeq	r1, [r5, #-1285]!	@ 0xfffffafb
     aa0:	1505233f 	strne	r2, [r5, #-831]	@ 0xfffffcc1
     aa4:	24170575 	ldrcs	r0, [r7], #-1397	@ 0xfffffa8b
     aa8:	053e4305 	ldreq	r4, [lr, #-773]!	@ 0xfffffcfb
     aac:	21057c15 	tstcs	r5, r5, lsl ip
     ab0:	3115051d 	tstcc	r5, sp, lsl r5
     ab4:	05200f03 	streq	r0, [r0, #-3843]!	@ 0xfffff0fd
                    if( listLIST_ITEM_CONTAINER( &( pxTCB->xEventListItem ) ) != NULL )
     ab8:	1105270f 	tstne	r5, pc, lsl #14
     abc:	0402003e 	streq	r0, [r2], #-62	@ 0xffffffc2
                        listREMOVE_ITEM( &( pxTCB->xEventListItem ) );
     ac0:	2e080601 	cdpcs	6, 0, cr0, cr8, cr1, {0}
     ac4:	03040200 	movweq	r0, #16896	@ 0x4200
     ac8:	0383064a 	orreq	r0, r3, #77594624	@ 0x4a00000
     acc:	01410217 	cmpeq	r1, r7, lsl r2
     ad0:	01040200 	mrseq	r0, R12_usr
     ad4:	09057406 	stmdbeq	r5, {r1, r2, sl, ip, sp, lr}
     ad8:	10058906 	andne	r8, r5, r6, lsl #18
     adc:	21050532 	tstcs	r5, r2, lsr r5
     ae0:	05c80d03 	strbeq	r0, [r8, #3331]	@ 0xd03
     ae4:	0f057714 	svceq	0x00057714
     ae8:	042e1a03 	strteq	r1, [lr], #-2563	@ 0xfffff5fd
     aec:	03050502 	movweq	r0, #21762	@ 0x5502
     af0:	052e42ea 	streq	r4, [lr, #-746]!	@ 0xfffffd16
     af4:	ba0c030c 	blt	30172c <_edata+0x2fe5b8>
     af8:	32050104 	andcc	r0, r5, #4, 2
     afc:	203d8f03 	eorscs	r8, sp, r3, lsl #30
                    prvAddTaskToReadyList( pxTCB );
     b00:	05220f05 	streq	r0, [r2, #-3845]!	@ 0xfffff0fb
     b04:	2f053e47 	svccs	0x00053e47
     b08:	31230566 			@ <UNDEFINED> instruction: 0x31230566
     b0c:	05753505 	ldrbeq	r3, [r5, #-1285]!	@ 0xfffffafb
     b10:	2b05680d 	blcs	15ab4c <_edata+0x1579d8>
     b14:	3f051508 	svccc	0x00051508
     b18:	83150566 	tsthi	r5, #427819008	@ 0x19800000
     b1c:	05232d05 	streq	r2, [r3, #-3333]!	@ 0xfffff2fb
     b20:	15056642 	strne	r6, [r5, #-1602]	@ 0xfffff9be
     b24:	233f0575 	teqcs	pc, #490733568	@ 0x1d400000
     b28:	05751505 	ldrbeq	r1, [r5, #-1285]!	@ 0xfffffafb
     b2c:	43052417 	movwmi	r2, #21527	@ 0x5417
     b30:	7c15054c 	ldcvc	5, cr0, [r5], {76}	@ 0x4c
     b34:	051d2105 	ldreq	r2, [sp, #-261]	@ 0xfffffefb
     b38:	0e033115 	mcreq	1, 0, r3, cr3, cr5, {0}
     b3c:	270f0520 	strcs	r0, [pc, -r0, lsr #10]
     b40:	055d2a05 	ldrbeq	r2, [sp, #-2565]	@ 0xfffff5fb
     b44:	15052e13 	strne	r2, [r5, #-3603]	@ 0xfffff1ed
     b48:	04020030 	streq	r0, [r2], #-48	@ 0xffffffd0
     b4c:	2e080601 	cdpcs	6, 0, cr0, cr8, cr1, {0}
     b50:	03040200 	movweq	r0, #16896	@ 0x4200
     b54:	0383064a 	orreq	r0, r3, #77594624	@ 0x4a00000
     b58:	01420216 	cmpeq	r2, r6, lsl r2
     b5c:	b1081e05 	tstlt	r8, r5, lsl #28
     b60:	052e3905 	streq	r3, [lr, #-2309]!	@ 0xfffff6fb
     b64:	1b053c17 	blne	14fbc8 <_edata+0x14ca54>
     b68:	3e380532 	mrccc	5, 1, r0, cr8, cr2, {1}
     b6c:	04422d05 	strbeq	r2, [r2], #-3333	@ 0xfffff2fb
     b70:	03050502 	movweq	r0, #21762	@ 0x5502
     b74:	0558428f 	ldrbeq	r4, [r8, #-655]	@ 0xfffffd71
     b78:	01044001 	tsteq	r4, r1
     b7c:	8b031005 	blhi	c4b98 <_edata+0xc1a24>
                            if( pxTCB->uxPriority > pxCurrentTCB->uxPriority )
     b80:	0505203e 	streq	r2, [r5, #-62]	@ 0xffffffc2
     b84:	080a0321 	stmdaeq	sl, {r0, r5, r8, r9}
     b88:	030f0520 	movweq	r0, #62752	@ 0xf520
     b8c:	0204661c 	andeq	r6, r4, #28, 12	@ 0x1c00000
                                xSwitchRequired = pdTRUE;
     b90:	b8030505 	stmdalt	r3, {r0, r2, r8, sl}
                if( listLIST_IS_EMPTY( pxDelayedTaskList ) != pdFALSE )
     b94:	0c052e41 	stceq	14, cr2, [r5], {65}	@ 0x41
                if( listCURRENT_LIST_LENGTH( &( pxReadyTasksLists[ pxCurrentTCB->uxPriority ] ) ) > 1U )
     b98:	04ba0c03 	ldrteq	r0, [sl], #3075	@ 0xc03
     b9c:	03320501 	teqeq	r2, #4194304	@ 0x400000
     ba0:	05203ec1 	streq	r3, [r0, #-3777]!	@ 0xfffff13f
     ba4:	35052223 	strcc	r2, [r5, #-547]	@ 0xfffffddd
     ba8:	6a250575 	bvs	942184 <_edata+0x93f010>
     bac:	05663a05 	strbeq	r3, [r6, #-2565]!	@ 0xfffff5fb
                    xSwitchRequired = pdTRUE;
     bb0:	2a057a0f 	bcs	15f3f4 <_edata+0x15c280>
                if( xYieldPendings[ 0 ] != pdFALSE )
     bb4:	2e13055d 	mrccs	5, 0, r0, cr3, cr13, {2}
     bb8:	00301505 	eorseq	r1, r0, r5, lsl #10
                    xSwitchRequired = pdTRUE;
     bbc:	06010402 	streq	r0, [r1], -r2, lsl #8
        xPendedTicks += 1U;
     bc0:	02002e08 	andeq	r2, r0, #8, 28	@ 0x80
     bc4:	064a0304 	strbeq	r0, [sl], -r4, lsl #6
     bc8:	02160383 	andseq	r0, r6, #201326594	@ 0xc000002
}
     bcc:	1e050142 	cdpne	1, 0, cr0, cr5, cr2, {2}
     bd0:	3905b108 	stmdbcc	r5, {r3, r8, ip, sp, pc}
     bd4:	3c17052e 	ldccc	5, cr0, [r7], {46}	@ 0x2e
     bd8:	05321b05 	ldreq	r1, [r2, #-2821]!	@ 0xfffff4fb
     bdc:	2d053e38 	stccs	14, cr3, [r5, #-224]	@ 0xffffff20
     be0:	05020442 	streq	r0, [r2, #-1090]	@ 0xfffffbbe
     be4:	41890305 	orrmi	r0, r9, r5, lsl #6
     be8:	40010558 	andmi	r0, r1, r8, asr r5
     bec:	05050104 	streq	r0, [r5, #-260]	@ 0xfffffefc
     bf0:	203f9003 	eorscs	r9, pc, r3
     bf4:	20080903 	andcs	r0, r8, r3, lsl #18
     bf8:	0a031105 	beq	c5014 <_edata+0xc1ea0>
     bfc:	04020058 	streq	r0, [r2], #-88	@ 0xffffffa8
    {
     c00:	003c0601 	eorseq	r0, ip, r1, lsl #12
     c04:	3c020402 	stccc	4, cr0, [r2], {2}
        if( uxSchedulerSuspended != ( UBaseType_t ) 0U )
     c08:	02000f05 	andeq	r0, r0, #5, 30
     c0c:	20060404 	andcs	r0, r6, r4, lsl #8
            xYieldPendings[ 0 ] = pdTRUE;
     c10:	05230905 	streq	r0, [r3, #-2309]!	@ 0xfffff6fb
    }
     c14:	0f053025 	svceq	0x00053025
            xYieldPendings[ 0 ] = pdFALSE;
     c18:	30380566 	eorscc	r0, r8, r6, ror #10
            taskSELECT_HIGHEST_PRIORITY_TASK();
     c1c:	40671905 	rsbmi	r1, r7, r5, lsl #18
     c20:	05310905 	ldreq	r0, [r1, #-2309]!	@ 0xfffff6fb
        __asm volatile ( "clz %0, %1" : "=r" ( ucReturn ) : "r" ( ulBitmap ) : "memory" );
     c24:	05053210 	streq	r3, [r5, #-528]	@ 0xfffffdf0
     c28:	740a0321 	strvc	r0, [sl], #-801	@ 0xfffffcdf
     c2c:	0a031105 	beq	c5048 <_edata+0xc1ed4>
     c30:	04020066 	streq	r0, [r2], #-102	@ 0xffffff9a
     c34:	003c0601 	eorseq	r0, ip, r1, lsl #12
     c38:	3c020402 	stccc	4, cr0, [r2], {2}
     c3c:	02000f05 	andeq	r0, r0, #5, 30
     c40:	20060404 	andcs	r0, r6, r4, lsl #8
     c44:	05230905 	streq	r0, [r3, #-2309]!	@ 0xfffff6fb
     c48:	23053216 	movwcs	r3, #21014	@ 0x5216
     c4c:	66390575 			@ <UNDEFINED> instruction: 0x66390575
     c50:	052e3605 	streq	r3, [lr, #-1541]!	@ 0xfffff9fb
     c54:	10057609 	andne	r7, r5, r9, lsl #12
     c58:	21050532 	tstcs	r5, r2, lsr r5
     c5c:	ad030105 	stcge	1, cr0, [r3, #-20]	@ 0xffffffec
     c60:	16057401 	strne	r7, [r5], -r1, lsl #8
     c64:	3d14055a 	ldccc	5, cr0, [r4, #-360]	@ 0xfffffe98
     c68:	0326053d 			@ <UNDEFINED> instruction: 0x0326053d
            portTASK_SWITCH_HOOK( pxCurrentTCB );
     c6c:	09053c0d 	stmdbeq	r5, {r0, r2, r3, sl, fp, ip, sp}
    }
     c70:	0007052e 	andeq	r0, r7, lr, lsr #10
     c74:	58010402 	stmdapl	r1, {r1, sl}
     c78:	05320905 	ldreq	r0, [r2, #-2309]!	@ 0xfffff6fb
     c7c:	ba3b0315 	blt	ec18d8 <_edata+0xebe764>
     c80:	054d0905 	strbeq	r0, [sp, #-2309]	@ 0xfffff6fb
     c84:	40054c0b 	andmi	r4, r5, fp, lsl #24
     c88:	2e0d054e 	cdpcs	5, 0, cr0, cr13, cr14, {2}
{
     c8c:	19030105 	stmdbne	r3, {r0, r2, r8}
     c90:	03380558 	teqeq	r8, #88, 10	@ 0x16000000
     c94:	0d05206d 	stceq	0, cr2, [r5, #-436]	@ 0xfffffe4c
    vListInsert( pxEventList, &( pxCurrentTCB->xEventListItem ) );
     c98:	5d1d052e 	ldcpl	5, cr0, [sp, #-184]	@ 0xffffff48
     c9c:	052e0f05 	streq	r0, [lr, #-3845]!	@ 0xfffff0fb
     ca0:	01053e26 	tsteq	r5, r6, lsr #28
    prvAddCurrentTaskToDelayedList( xTicksToWait, pdTRUE );
     ca4:	033c0c03 	teqeq	ip, #768	@ 0x300
     ca8:	05f200f4 	ldrbeq	r0, [r2, #244]!	@ 0xf4
}
     cac:	1c054216 	stcne	2, cr4, [r5], {22}
     cb0:	053c1103 	ldreq	r1, [ip, #-259]!	@ 0xfffffefd
     cb4:	18053d10 	stmdane	r5, {r4, r8, sl, fp, ip, sp}
{
     cb8:	3d17053d 	ldccc	5, cr0, [r7, #-244]	@ 0xffffff0c
     cbc:	3e3d1205 	cdpcc	2, 3, cr1, cr13, cr5, {0}
     cc0:	052e0505 	streq	r0, [lr, #-1285]!	@ 0xfffffafb
    listSET_LIST_ITEM_VALUE( &( pxCurrentTCB->xEventListItem ), xItemValue | taskEVENT_LIST_ITEM_VALUE_IN_USE );
     cc4:	3f052223 	svccc	0x00052223
     cc8:	03040200 	movweq	r0, #16896	@ 0x4200
     ccc:	001f0556 	andseq	r0, pc, r6, asr r5	@ <UNPREDICTABLE>
    listINSERT_END( pxEventList, &( pxCurrentTCB->xEventListItem ) );
     cd0:	3c010402 	stccc	4, cr0, [r1], {2}
     cd4:	05411505 	strbeq	r1, [r1, #-1285]	@ 0xfffffafb
     cd8:	1a053d12 	bne	150128 <_edata+0x14cfb4>
     cdc:	01053e3d 	tsteq	r5, sp, lsr lr
     ce0:	023c0b03 	eorseq	r0, ip, #3072	@ 0xc00
     ce4:	0101001b 	tsteq	r1, fp, lsl r0
     ce8:	000001f7 	strdeq	r0, [r0], -r7
     cec:	010d0003 	tsteq	sp, r3
     cf0:	01020000 	mrseq	r0, (UNDEF: 2)
     cf4:	000d0efb 	strdeq	r0, [sp], -fp
     cf8:	01010101 	tsteq	r1, r1, lsl #2
     cfc:	01000000 	mrseq	r0, (UNDEF: 0)
     d00:	2e010000 	cdpcs	0, 0, cr0, cr1, cr0, {0}
     d04:	72462f2e 	subvc	r2, r6, #46, 30	@ 0xb8
     d08:	54526565 	ldrbpl	r6, [r2], #-1381	@ 0xfffffa9b
     d0c:	4b2d534f 	blmi	b55a50 <_edata+0xb528dc>
     d10:	656e7265 	strbvs	r7, [lr, #-613]!	@ 0xfffffd9b
    prvAddCurrentTaskToDelayedList( xTicksToWait, pdTRUE );
     d14:	3a43006c 	bcc	10c0ecc <_edata+0x10bdd58>
     d18:	79736d2f 	ldmdbvc	r3!, {r0, r1, r2, r3, r5, r8, sl, fp, sp, lr}^
}
     d1c:	656e5f73 	strbvs	r5, [lr, #-3955]!	@ 0xfffff08d
     d20:	696d2f77 	stmdbvs	sp!, {r0, r1, r2, r4, r5, r6, r8, r9, sl, fp, sp}^
     d24:	3677676e 	ldrbtcc	r6, [r7], -lr, ror #14
{
     d28:	72612f34 	rsbvc	r2, r1, #52, 30	@ 0xd0
     d2c:	6f6e2d6d 	svcvs	0x006e2d6d
    pxUnblockedTCB = listGET_OWNER_OF_HEAD_ENTRY( pxEventList );
     d30:	652d656e 	strvs	r6, [sp, #-1390]!	@ 0xfffffa92
     d34:	2f696261 	svccs	0x00696261
    listREMOVE_ITEM( &( pxUnblockedTCB->xEventListItem ) );
     d38:	6c636e69 	stclvs	14, cr6, [r3], #-420	@ 0xfffffe5c
     d3c:	2f656475 	svccs	0x00656475
     d40:	6863616d 	stmdavs	r3!, {r0, r2, r3, r5, r6, r8, sp, lr}^
     d44:	00656e69 	rsbeq	r6, r5, r9, ror #28
     d48:	6d2f3a43 	vstmdbvs	pc!, {s6-s72}
     d4c:	5f737973 	svcpl	0x00737973
     d50:	2f77656e 	svccs	0x0077656e
     d54:	676e696d 	strbvs	r6, [lr, -sp, ror #18]!
     d58:	2f343677 	svccs	0x00343677
     d5c:	2d6d7261 	stclcs	2, cr7, [sp, #-388]!	@ 0xfffffe7c
     d60:	656e6f6e 	strbvs	r6, [lr, #-3950]!	@ 0xfffff092
     d64:	6261652d 	rsbvs	r6, r1, #188743680	@ 0xb400000
     d68:	6e692f69 	cdpvs	15, 6, cr2, cr9, cr9, {3}
     d6c:	64756c63 	ldrbtvs	r6, [r5], #-3171	@ 0xfffff39d
     d70:	79732f65 	ldmdbvc	r3!, {r0, r2, r5, r6, r8, r9, sl, fp, sp}^
     d74:	2e2e0073 	mcrcs	0, 1, r0, cr14, cr3, {3}
    if( uxSchedulerSuspended == ( UBaseType_t ) 0U )
     d78:	6572462f 	ldrbvs	r4, [r2, #-1583]!	@ 0xfffff9d1
     d7c:	4f545265 	svcmi	0x00545265
        listREMOVE_ITEM( &( pxUnblockedTCB->xStateListItem ) );
     d80:	654b2d53 	strbvs	r2, [fp, #-3411]	@ 0xfffff2ad
     d84:	6c656e72 	stclvs	14, cr6, [r5], #-456	@ 0xfffffe38
     d88:	726f702f 	rsbvc	r7, pc, #47	@ 0x2f
     d8c:	6c626174 	stclvs	1, cr6, [r2], #-464	@ 0xfffffe30
     d90:	43472f65 	movtmi	r2, #32613	@ 0x7f65
     d94:	52412f43 	subpl	r2, r1, #268	@ 0x10c
     d98:	4d435f4d 	stclmi	15, cr5, [r3, #-308]	@ 0xfffffecc
     d9c:	2e2e0033 	mcrcs	0, 1, r0, cr14, cr3, {1}
     da0:	6572462f 	ldrbvs	r4, [r2, #-1583]!	@ 0xfffff9d1
     da4:	4f545265 	svcmi	0x00545265
     da8:	654b2d53 	strbvs	r2, [fp, #-3411]	@ 0xfffff2ad
     dac:	6c656e72 	stclvs	14, cr6, [r5], #-456	@ 0xfffffe38
     db0:	636e692f 	cmnvs	lr, #770048	@ 0xbc000
     db4:	6564756c 	strbvs	r7, [r4, #-1388]!	@ 0xfffffa94
     db8:	696c0000 	stmdbvs	ip!, {}^	@ <UNPREDICTABLE>
        prvAddTaskToReadyList( pxUnblockedTCB );
     dbc:	632e7473 			@ <UNDEFINED> instruction: 0x632e7473
     dc0:	00000100 	andeq	r0, r0, r0, lsl #2
     dc4:	6665645f 			@ <UNDEFINED> instruction: 0x6665645f
     dc8:	746c7561 	strbtvc	r7, [ip], #-1377	@ 0xfffffa9f
     dcc:	7079745f 	rsbsvc	r7, r9, pc, asr r4
     dd0:	682e7365 	stmdavs	lr!, {r0, r2, r5, r6, r8, r9, ip, sp, lr}
     dd4:	00000200 	andeq	r0, r0, r0, lsl #4
     dd8:	6474735f 	ldrbtvs	r7, [r4], #-863	@ 0xfffffca1
     ddc:	2e746e69 	cdpcs	14, 7, cr6, cr4, cr9, {3}
     de0:	00030068 	andeq	r0, r3, r8, rrx
     de4:	726f7000 	rsbvc	r7, pc, #0
     de8:	63616d74 	cmnvs	r1, #116, 26	@ 0x1d00
     dec:	682e6f72 	stmdavs	lr!, {r1, r4, r5, r6, r8, r9, sl, fp, sp, lr}
     df0:	00000400 	andeq	r0, r0, r0, lsl #8
     df4:	7473696c 	ldrbtvc	r6, [r3], #-2412	@ 0xfffff694
     df8:	0500682e 	streq	r6, [r0, #-2094]	@ 0xfffff7d2
     dfc:	05000000 	streq	r0, [r0, #-0]
     e00:	02050001 	andeq	r0, r5, #1
     e04:	00001c38 	andeq	r1, r0, r8, lsr ip
     e08:	05013103 	streq	r3, [r1, #-259]	@ 0xfffffefd
     e0c:	15055028 	strne	r5, [r5, #-40]	@ 0xffffffd8
     e10:	3421053c 	strtcc	r0, [r1], #-1340	@ 0xfffffac4
     e14:	054e3005 	strbeq	r3, [lr, #-5]
     e18:	34053c1d 	strcc	r3, [r5], #-3101	@ 0xfffff3e3
     e1c:	3c21052f 	stccc	5, cr0, [r1], #-188	@ 0xffffff44
     e20:	0b031d05 	bleq	c823c <_edata+0xc50c8>
     e24:	4401052e 	strmi	r0, [r1], #-1326	@ 0xfffffad2
     e28:	4e19055c 	mrcmi	5, 0, r0, cr9, cr12, {2}
     e2c:	5d440105 	stclpl	1, cr0, [r4, #-20]	@ 0xffffffec
     e30:	05591805 	ldrbeq	r1, [r9, #-2053]	@ 0xfffff7fb
     e34:	3c0d031b 	stccc	3, cr0, [sp], {27}
     e38:	053d2805 	ldreq	r2, [sp, #-2053]!	@ 0xfffff7fb
     e3c:	0c052e1f 	stceq	14, cr2, [r5], {31}
        listINSERT_END( &( xPendingReadyList ), &( pxUnblockedTCB->xEventListItem ) );
     e40:	2e210533 	mcrcs	5, 1, r0, cr1, cr3, {1}
     e44:	052f1905 	streq	r1, [pc, #-2309]!	@ 547 <prvAddNewTaskToReadyList+0x73>
     e48:	3b053f20 	blcc	150ad0 <_edata+0x14d95c>
     e4c:	2e23053e 	mcrcs	5, 1, r0, cr3, cr14, {1}
     e50:	05202105 	streq	r2, [r0, #-261]!	@ 0xfffffefb
     e54:	055d3101 	ldrbeq	r3, [sp, #-257]	@ 0xfffffeff
     e58:	07055a16 	smladeq	r5, r6, sl, r5
     e5c:	053c1203 	ldreq	r1, [ip, #-515]!	@ 0xfffffdfd
     e60:	19054c14 	stmdbne	r5, {r2, r4, sl, fp, lr}
     e64:	054a1d03 	strbeq	r1, [sl, #-3331]	@ 0xfffff2fd
     e68:	83053c09 	movwhi	r3, #23561	@ 0x5c09
     e6c:	04020001 	streq	r0, [r2], #-1
     e70:	4d052003 	stcmi	0, cr2, [r5, #-12]
     e74:	01040200 	mrseq	r0, R12_usr
        if( pxUnblockedTCB->uxPriority > pxCurrentTCB->uxPriority )
     e78:	0055053c 	subseq	r0, r5, ip, lsr r5
     e7c:	2e010402 	cdpcs	4, 0, cr0, cr1, cr2, {0}
     e80:	02006205 	andeq	r6, r0, #1342177280	@ 0x50000000
     e84:	05200104 	streq	r0, [r0, #-260]!	@ 0xfffffefc
            xReturn = pdTRUE;
     e88:	3c090327 	stccc	3, cr0, [r9], {39}	@ 0x27
            xYieldPendings[ 0 ] = pdTRUE;
     e8c:	052e1b05 	streq	r1, [lr, #-2821]!	@ 0xfffff4fb
     e90:	27052f12 	smladcs	r5, r2, pc, r2	@ <UNPREDICTABLE>
            xReturn = pdFALSE;
     e94:	2f1f052e 	svccs	0x001f052e
}
     e98:	053d1805 	ldreq	r1, [sp, #-2053]!	@ 0xfffff7fb
     e9c:	3b054020 	blcc	150f24 <_edata+0x14ddb0>
     ea0:	2e23053e 	mcrcs	5, 1, r0, cr3, cr14, {1}
     ea4:	05202105 	streq	r2, [r0, #-261]!	@ 0xfffffefb
     ea8:	055d3101 	ldrbeq	r3, [sp, #-257]	@ 0xfffffeff
     eac:	13054d14 	movwne	r4, #23828	@ 0x5d14
     eb0:	2e380540 	cdpcs	5, 3, cr0, cr8, cr0, {2}
     eb4:	052e2805 	streq	r2, [lr, #-2053]!	@ 0xfffff7fb
     eb8:	38052113 	stmdacc	r5, {r0, r1, r4, r8, sp}
{
     ebc:	2e28052e 	cdpcs	5, 2, cr0, cr8, cr14, {1}
     ec0:	05260f05 	streq	r0, [r6, #-3845]!	@ 0xfffff0fb
     ec4:	29052e07 	stmdbcs	r5, {r0, r1, r2, r9, sl, fp, sp}
    listSET_LIST_ITEM_VALUE( pxEventListItem, xItemValue | taskEVENT_LIST_ITEM_VALUE_IN_USE );
     ec8:	2e19053e 	mrccs	5, 0, r0, cr9, cr14, {1}
     ecc:	05352105 	ldreq	r2, [r5, #-261]!	@ 0xfffffefb
    pxUnblockedTCB = listGET_LIST_ITEM_OWNER( pxEventListItem );
     ed0:	23053d3b 	movwcs	r3, #23867	@ 0x5d3b
     ed4:	2021052e 	eorcs	r0, r1, lr, lsr #10
    listREMOVE_ITEM( pxEventListItem );
     ed8:	05321205 	ldreq	r1, [r2, #-517]!	@ 0xfffffdfb
     edc:	05022f01 	streq	r2, [r2, #-3841]	@ 0xfffff0ff
     ee0:	46010100 	strmi	r0, [r1], -r0, lsl #2
     ee4:	03000004 	movweq	r0, #4
     ee8:	0001a900 	andeq	sl, r1, r0, lsl #18
     eec:	fb010200 	blx	416f6 <_edata+0x3e582>
     ef0:	01000d0e 	tsteq	r0, lr, lsl #26
     ef4:	00010101 	andeq	r0, r1, r1, lsl #2
     ef8:	00010000 	andeq	r0, r1, r0
     efc:	2e2e0100 	cdpcs	1, 2, cr0, cr14, cr0, {0}
     f00:	6572462f 	ldrbvs	r4, [r2, #-1583]!	@ 0xfffff9d1
     f04:	4f545265 	svcmi	0x00545265
     f08:	654b2d53 	strbvs	r2, [fp, #-3411]	@ 0xfffff2ad
     f0c:	6c656e72 	stclvs	14, cr6, [r5], #-456	@ 0xfffffe38
     f10:	726f702f 	rsbvc	r7, pc, #47	@ 0x2f
    listREMOVE_ITEM( &( pxUnblockedTCB->xStateListItem ) );
     f14:	6c626174 	stclvs	1, cr6, [r2], #-464	@ 0xfffffe30
     f18:	654d2f65 	strbvs	r2, [sp, #-3941]	@ 0xfffff09b
     f1c:	6e614d6d 	cdpvs	13, 6, cr4, cr1, cr13, {3}
     f20:	3a430067 	bcc	10c10c4 <_edata+0x10bdf50>
     f24:	79736d2f 	ldmdbvc	r3!, {r0, r1, r2, r3, r5, r8, sl, fp, sp, lr}^
     f28:	656e5f73 	strbvs	r5, [lr, #-3955]!	@ 0xfffff08d
     f2c:	696d2f77 	stmdbvs	sp!, {r0, r1, r2, r4, r5, r6, r8, r9, sl, fp, sp}^
     f30:	3677676e 	ldrbtcc	r6, [r7], -lr, ror #14
     f34:	696c2f34 	stmdbvs	ip!, {r2, r4, r5, r8, r9, sl, fp, sp}^
     f38:	63672f62 	cmnvs	r7, #392	@ 0x188
     f3c:	72612f63 	rsbvc	r2, r1, #396	@ 0x18c
     f40:	6f6e2d6d 	svcvs	0x006e2d6d
     f44:	652d656e 	strvs	r6, [sp, #-1390]!	@ 0xfffffa92
     f48:	2f696261 	svccs	0x00696261
     f4c:	332e3331 			@ <UNDEFINED> instruction: 0x332e3331
    prvAddTaskToReadyList( pxUnblockedTCB );
     f50:	692f302e 	stmdbvs	pc!, {r1, r2, r3, r5, ip, sp}	@ <UNPREDICTABLE>
     f54:	756c636e 	strbvc	r6, [ip, #-878]!	@ 0xfffffc92
     f58:	43006564 	movwmi	r6, #1380	@ 0x564
     f5c:	736d2f3a 	cmnvc	sp, #58, 30	@ 0xe8
     f60:	6e5f7379 	mrcvs	3, 2, r7, cr15, cr9, {3}
     f64:	6d2f7765 	stcvs	7, cr7, [pc, #-404]!	@ dd8 <xTaskRemoveFromEventList+0xb0>
     f68:	77676e69 	strbvc	r6, [r7, -r9, ror #28]!
     f6c:	612f3436 			@ <UNDEFINED> instruction: 0x612f3436
     f70:	6e2d6d72 	mcrvs	13, 1, r6, cr13, cr2, {3}
     f74:	2d656e6f 	stclcs	14, cr6, [r5, #-444]!	@ 0xfffffe44
     f78:	69626165 	stmdbvs	r2!, {r0, r2, r5, r6, r8, sp, lr}^
     f7c:	636e692f 	cmnvs	lr, #770048	@ 0xbc000
     f80:	6564756c 	strbvs	r7, [r4, #-1388]!	@ 0xfffffa94
     f84:	63616d2f 	cmnvs	r1, #3008	@ 0xbc0
     f88:	656e6968 	strbvs	r6, [lr, #-2408]!	@ 0xfffff698
     f8c:	2f3a4300 	svccs	0x003a4300
     f90:	7379736d 	cmnvc	r9, #-1275068415	@ 0xb4000001
     f94:	77656e5f 			@ <UNDEFINED> instruction: 0x77656e5f
     f98:	6e696d2f 	cdpvs	13, 6, cr6, cr9, cr15, {1}
     f9c:	34367767 	ldrtcc	r7, [r6], #-1895	@ 0xfffff899
     fa0:	6d72612f 	ldclvs	1, cr6, [r2, #-188]!	@ 0xffffff44
     fa4:	6e6f6e2d 	cdpvs	14, 6, cr6, cr15, cr13, {1}
     fa8:	61652d65 	cmnvs	r5, r5, ror #26
     fac:	692f6962 	stmdbvs	pc!, {r1, r5, r6, r8, fp, sp, lr}	@ <UNPREDICTABLE>
     fb0:	756c636e 	strbvc	r6, [ip, #-878]!	@ 0xfffffc92
     fb4:	732f6564 			@ <UNDEFINED> instruction: 0x732f6564
     fb8:	2e007379 	mcrcs	3, 0, r7, cr0, cr9, {3}
     fbc:	72462f2e 	subvc	r2, r6, #46, 30	@ 0xb8
     fc0:	54526565 	ldrbpl	r6, [r2], #-1381	@ 0xfffffa9b
     fc4:	4b2d534f 	blmi	b55d08 <_edata+0xb52b94>
     fc8:	656e7265 	strbvs	r7, [lr, #-613]!	@ 0xfffffd9b
     fcc:	6f702f6c 	svcvs	0x00702f6c
     fd0:	62617472 	rsbvs	r7, r1, #1912602624	@ 0x72000000
        if( pxUnblockedTCB->uxPriority > pxCurrentTCB->uxPriority )
     fd4:	472f656c 	strmi	r6, [pc, -ip, ror #10]!
     fd8:	412f4343 			@ <UNDEFINED> instruction: 0x412f4343
     fdc:	435f4d52 	cmpmi	pc, #5248	@ 0x1480
            xYieldPendings[ 0 ] = pdTRUE;
     fe0:	2e00334d 	cdpcs	3, 0, cr3, cr0, cr13, {2}
     fe4:	72462f2e 	subvc	r2, r6, #46, 30	@ 0xb8
}
     fe8:	54526565 	ldrbpl	r6, [r2], #-1381	@ 0xfffffa9b
     fec:	4b2d534f 	blmi	b55d30 <_edata+0xb52bbc>
     ff0:	656e7265 	strbvs	r7, [lr, #-613]!	@ 0xfffffd9b
     ff4:	6e692f6c 	cdpvs	15, 6, cr2, cr9, cr12, {3}
     ff8:	64756c63 	ldrbtvs	r6, [r5], #-3171	@ 0xfffff39d
     ffc:	3a430065 	bcc	10c1198 <_edata+0x10be024>
{
    1000:	79736d2f 	ldmdbvc	r3!, {r0, r1, r2, r3, r5, r8, sl, fp, sp, lr}^
    1004:	656e5f73 	strbvs	r5, [lr, #-3955]!	@ 0xfffff08d
    taskENTER_CRITICAL();
    1008:	696d2f77 	stmdbvs	sp!, {r0, r1, r2, r4, r5, r6, r8, r9, sl, fp, sp}^
        pxTimeOut->xOverflowCount = xNumOfOverflows;
    100c:	3677676e 	ldrbtcc	r6, [r7], -lr, ror #14
    1010:	72612f34 	rsbvc	r2, r1, #52, 30	@ 0xd0
        pxTimeOut->xTimeOnEntering = xTickCount;
    1014:	6f6e2d6d 	svcvs	0x006e2d6d
    1018:	652d656e 	strvs	r6, [sp, #-1390]!	@ 0xfffffa92
    taskEXIT_CRITICAL();
    101c:	2f696261 	svccs	0x00696261
}
    1020:	6c636e69 	stclvs	14, cr6, [r3], #-420	@ 0xfffffe5c
    1024:	00656475 	rsbeq	r6, r5, r5, ror r4
    1028:	61656800 	cmnvs	r5, r0, lsl #16
    102c:	2e345f70 	mrccs	15, 1, r5, cr4, cr0, {3}
{
    1030:	00010063 	andeq	r0, r1, r3, rrx
    1034:	64747300 	ldrbtvs	r7, [r4], #-768	@ 0xfffffd00
    pxTimeOut->xOverflowCount = xNumOfOverflows;
    1038:	2e666564 	cdpcs	5, 6, cr6, cr6, cr4, {3}
    103c:	00020068 	andeq	r0, r2, r8, rrx
    pxTimeOut->xTimeOnEntering = xTickCount;
    1040:	65645f00 	strbvs	r5, [r4, #-3840]!	@ 0xfffff100
    1044:	6c756166 	ldclvs	1, cr6, [r5], #-408	@ 0xfffffe68
}
    1048:	79745f74 	ldmdbvc	r4!, {r2, r4, r5, r6, r8, r9, sl, fp, ip, lr}^
    104c:	2e736570 	mrccs	5, 3, r6, cr3, cr0, {3}
    1050:	00030068 	andeq	r0, r3, r8, rrx
    1054:	74735f00 	ldrbtvc	r5, [r3], #-3840	@ 0xfffff100
    1058:	746e6964 	strbtvc	r6, [lr], #-2404	@ 0xfffff69c
{
    105c:	0400682e 	streq	r6, [r0], #-2094	@ 0xfffff7d2
    1060:	6f700000 	svcvs	0x00700000
    1064:	616d7472 	smcvs	55106	@ 0xd742
    taskENTER_CRITICAL();
    1068:	2e6f7263 	cdpcs	2, 6, cr7, cr15, cr3, {3}
        const TickType_t xConstTickCount = xTickCount;
    106c:	00050068 	andeq	r0, r5, r8, rrx
        const TickType_t xElapsedTime = xConstTickCount - pxTimeOut->xTimeOnEntering;
    1070:	726f7000 	rsbvc	r7, pc, #0
    1074:	6c626174 	stclvs	1, cr6, [r2], #-464	@ 0xfffffe30
    1078:	00682e65 	rsbeq	r2, r8, r5, ror #28
        if( ( xNumOfOverflows != pxTimeOut->xOverflowCount ) && ( xConstTickCount >= pxTimeOut->xTimeOnEntering ) )
    107c:	74000006 	strvc	r0, [r0], #-6
    1080:	2e6b7361 	cdpcs	3, 6, cr7, cr11, cr1, {3}
    1084:	00060068 	andeq	r0, r6, r8, rrx
    1088:	72747300 	rsbsvc	r7, r4, #0, 6
    108c:	2e676e69 	cdpcs	14, 6, cr6, cr7, cr9, {3}
            xReturn = pdTRUE;
    1090:	00070068 	andeq	r0, r7, r8, rrx
            *pxTicksToWait = ( TickType_t ) 0;
    1094:	01050000 	mrseq	r0, (UNDEF: 5)
    1098:	98020500 	stmdals	r2, {r8, sl}
        else if( xElapsedTime < *pxTicksToWait )
    109c:	0300001d 	movweq	r0, #29
    10a0:	050101ad 	streq	r0, [r1, #-429]	@ 0xfffffe53
    10a4:	05304e0c 	ldreq	r4, [r0, #-3596]!	@ 0xfffff1f4
            *pxTicksToWait -= xElapsedTime;
    10a8:	0d053007 	stceq	0, cr3, [r5, #-28]	@ 0xffffffe4
    10ac:	2e0b0540 	cdpcs	5, 0, cr0, cr11, cr0, {2}
    10b0:	053e1905 	ldreq	r1, [lr, #-2309]!	@ 0xfffff6fb
            vTaskInternalSetTimeOutState( pxTimeOut );
    10b4:	0f054e1f 	svceq	0x00054e1f
            xReturn = pdFALSE;
    10b8:	314e053c 	cmpcc	lr, ip, lsr r5
    10bc:	053c2905 	ldreq	r2, [ip, #-2309]!	@ 0xfffff6fb
            *pxTicksToWait = ( TickType_t ) 0;
    10c0:	13053e15 	movwne	r3, #24085	@ 0x5e15
            xReturn = pdTRUE;
    10c4:	3e21052e 	cdpcc	5, 2, cr0, cr1, cr14, {1}
    taskEXIT_CRITICAL();
    10c8:	0319055c 	tsteq	r9, #92, 10	@ 0x17000000
    return xReturn;
    10cc:	05053c0a 	streq	r3, [r5, #-3082]	@ 0xfffff3f6
}
    10d0:	32130536 	andscc	r0, r3, #226492416	@ 0xd800000
    10d4:	052e0b05 	streq	r0, [lr, #-2821]!	@ 0xfffff4fb
    10d8:	0b03300d 	bleq	cd114 <_edata+0xc9fa0>
    10dc:	200b052e 	andcs	r0, fp, lr, lsr #10
{
    10e0:	05300f05 	ldreq	r0, [r0, #-3845]!	@ 0xfffff0fb
    xYieldPendings[ portGET_CORE_ID() ] = pdTRUE;
    10e4:	04020036 	streq	r0, [r2], #-54	@ 0xffffffca
    10e8:	25053c01 	strcs	r3, [r5, #-3073]	@ 0xfffff3ff
}
    10ec:	01040200 	mrseq	r0, R12_usr
    10f0:	4021052e 	eormi	r0, r1, lr, lsr #10
    10f4:	052f1905 	streq	r1, [pc, #-2309]!	@ 7f7 <xTaskResumeAll+0xa7>
{
    10f8:	25053f16 	strcs	r3, [r5, #-3862]	@ 0xfffff0ea
    10fc:	2f1d0522 	svccs	0x001d0522
        prvCheckTasksWaitingTermination();
    1100:	05392105 	ldreq	r2, [r9, #-261]!	@ 0xfffffefb
            if( listCURRENT_LIST_LENGTH( &( pxReadyTasksLists[ tskIDLE_PRIORITY ] ) ) > ( UBaseType_t ) configNUMBER_OF_CORES )
    1104:	4a052e3e 	bmi	14ca04 <_edata+0x149890>
    1108:	01040200 	mrseq	r0, R12_usr
                taskYIELD();
    110c:	003e053c 	eorseq	r0, lr, ip, lsr r5
    1110:	2e010402 	cdpcs	4, 0, cr0, cr1, cr2, {0}
    1114:	09031d05 	stmdbeq	r3, {r0, r2, r8, sl, fp, ip}
    1118:	2e13052e 	cdpcs	5, 1, cr0, cr3, cr14, {1}
        prvCheckTasksWaitingTermination();
    111c:	05403d05 	strbeq	r3, [r0, #-3333]	@ 0xfffff2fb
    1120:	1e052e20 	cdpne	14, 0, cr2, cr5, cr0, {1}
    1124:	333f0520 	teqcc	pc, #32, 10	@ 0x8000000
{
    1128:	052e3605 	streq	r3, [lr, #-1541]!	@ 0xfffff9fb
    112c:	2f053422 	svccs	0x00053422
    for( uxPriority = ( UBaseType_t ) 0U; uxPriority < ( UBaseType_t ) configMAX_PRIORITIES; uxPriority++ )
    1130:	2e41052e 	cdpcs	5, 4, cr0, cr1, cr14, {1}
        vListInitialise( &( pxReadyTasksLists[ uxPriority ] ) );
    1134:	052e1705 	streq	r1, [lr, #-1797]!	@ 0xfffff8fb
    1138:	3d053428 	stccc	4, cr3, [r5, #-160]	@ 0xffffff60
    113c:	2e4a054f 	cdpcs	5, 4, cr0, cr10, cr15, {2}
    1140:	052e3405 	streq	r3, [lr, #-1029]!	@ 0xfffffbfb
    1144:	4a052f2d 	bmi	14ce00 <_edata+0x149c8c>
    for( uxPriority = ( UBaseType_t ) 0U; uxPriority < ( UBaseType_t ) configMAX_PRIORITIES; uxPriority++ )
    1148:	2e39053f 	mrccs	5, 1, r0, cr9, cr15, {1}
    114c:	052f3a05 	streq	r3, [pc, #-2565]!	@ 74f <vTaskSuspendAll+0x1b>
    1150:	33054329 	movwcc	r4, #21289	@ 0x5329
    vListInitialise( &xDelayedTaskList1 );
    1154:	2e29052e 	cdpcs	5, 2, cr0, cr9, cr14, {1}
    1158:	053e2d05 	ldreq	r2, [lr, #-3333]!	@ 0xfffff2fb
    vListInitialise( &xDelayedTaskList2 );
    115c:	38054a17 	stmdacc	r5, {r0, r1, r2, r4, r9, fp, lr}
    vListInitialise( &xPendingReadyList );
    1160:	51290530 			@ <UNDEFINED> instruction: 0x51290530
    1164:	05401505 	strbeq	r1, [r0, #-1285]	@ 0xfffffafb
    pxDelayedTaskList = &xDelayedTaskList1;
    1168:	3305672e 	movwcc	r6, #22318	@ 0x572e
    pxOverflowDelayedTaskList = &xDelayedTaskList2;
    116c:	030e053d 	movweq	r0, #58685	@ 0xe53d
    1170:	0c055816 	stceq	8, cr5, [r5], {22}
}
    1174:	052e1003 	streq	r1, [lr, #-3]!
    1178:	05da2101 	ldrbeq	r2, [sl, #257]	@ 0x101
    117c:	07054b0f 	streq	r4, [r5, -pc, lsl #22]
    1180:	400d0531 	andmi	r0, sp, r1, lsr r5
    1184:	055b1005 	ldrbeq	r1, [fp, #-5]
    1188:	0b05340d 	bleq	14e1c4 <_edata+0x14b050>
    118c:	3017052e 	andscc	r0, r7, lr, lsr #10
    1190:	052e0f05 	streq	r0, [lr, #-3845]!	@ 0xfffff0fb
{
    1194:	0c033211 	stceq	2, cr3, [r3], {17}
}
    1198:	31320566 	teqcc	r2, r6, ror #10
    119c:	052e2905 	streq	r2, [lr, #-2309]!	@ 0xfffff6fb
{
    11a0:	2d055a15 	vstrcs	s10, [r5, #-84]	@ 0xffffffac
    if( listLIST_IS_EMPTY( pxDelayedTaskList ) != pdFALSE )
    11a4:	5a1a053d 	bpl	6826a0 <_edata+0x67f52c>
    11a8:	0c030105 	stceq	1, cr0, [r3], {5}
    11ac:	0c05942e 	stceq	4, cr9, [r5], {46}	@ 0x2e
        xNextTaskUnblockTime = portMAX_DELAY;
    11b0:	2f01052f 	svccs	0x0001052f
    11b4:	2f0c056a 	svccs	0x000c056a
        xNextTaskUnblockTime = listGET_ITEM_VALUE_OF_HEAD_ENTRY( pxDelayedTaskList );
    11b8:	6a2f0105 	bvs	bc15d4 <_edata+0xbbe460>
    11bc:	052f2405 	streq	r2, [pc, #-1029]!	@ dbf <xTaskRemoveFromEventList+0x97>
    11c0:	30864b01 	addcc	r4, r6, r1, lsl #22
}
    11c4:	590c054f 	stmdbpl	ip, {r0, r1, r2, r3, r6, r8, sl}
    11c8:	00300905 	eorseq	r0, r0, r5, lsl #18
    11cc:	06010402 	streq	r0, [r1], -r2, lsl #8
    11d0:	0402003c 	streq	r0, [r2], #-60	@ 0xffffffc4
        {
    11d4:	00208203 	eoreq	r8, r0, r3, lsl #4
    11d8:	20040402 	andcs	r0, r4, r2, lsl #8
            xReturn = pxCurrentTCB;
    11dc:	02000705 	andeq	r0, r0, #1310720	@ 0x140000
            return xReturn;
    11e0:	20060604 	andcs	r0, r6, r4, lsl #12
        }
    11e4:	05300e05 	ldreq	r0, [r0, #-3589]!	@ 0xfffff1fb
    11e8:	1605840b 	strne	r8, [r5], -fp, lsl #8
    11ec:	940c053e 	strls	r0, [ip], #-1342	@ 0xfffffac2
    {
    11f0:	4e210105 	cdpmi	1, 2, cr0, cr1, cr5, {0}
    11f4:	053f0c05 	ldreq	r0, [pc, #-3077]!	@ 5f7 <prvAddNewTaskToReadyList+0x123>
        TaskHandle_t xReturn = NULL;
    11f8:	1a053f14 	bne	150e50 <_edata+0x14dcdc>
        if( taskVALID_CORE_ID( xCoreID ) != pdFALSE )
    11fc:	3c070530 	stccc	5, cr0, [r7], {48}	@ 0x30
    1200:	3d301805 	ldccc	8, cr1, [r0, #-20]!	@ 0xffffffec
    1204:	031e054b 	tsteq	lr, #314572800	@ 0x12c00000
                xReturn = pxCurrentTCB;
    1208:	1c05660b 	stcne	6, cr6, [r5], {11}
    120c:	2f170520 	svccs	0x00170520
    }
    1210:	05401205 	strbeq	r1, [r0, #-517]	@ 0xfffffdfb
    1214:	12054b15 	andne	r4, r5, #21504	@ 0x5400
    1218:	0d053d20 	stceq	13, cr3, [r5, #-128]	@ 0xffffff80
    121c:	200b054b 	andcs	r0, fp, fp, asr #10
{
    1220:	052f0a05 	streq	r0, [pc, #-2565]!	@ 823 <xTaskResumeAll+0xd3>
    1224:	0a052e17 	beq	14ca88 <_edata+0x149914>
    uxReturn = listGET_LIST_ITEM_VALUE( &( pxCurrentTCB->xEventListItem ) );
    1228:	2e1c052f 	cdpcs	5, 1, cr0, cr12, cr15, {1}
    122c:	05321605 	ldreq	r1, [r2, #-1541]!	@ 0xfffff9fb
    listSET_LIST_ITEM_VALUE( &( pxCurrentTCB->xEventListItem ), ( ( TickType_t ) configMAX_PRIORITIES - ( TickType_t ) pxCurrentTCB->uxPriority ) );
    1230:	3e052f40 	cdpcc	15, 0, cr2, cr5, cr0, {2}
    1234:	2e220520 	cdpcs	5, 2, cr0, cr2, cr0, {1}
    1238:	052f2705 	streq	r2, [pc, #-1797]!	@ b3b <xTaskIncrementTick+0x14b>
    123c:	24054d36 	strcs	r4, [r5], #-3382	@ 0xfffff2ca
}
    1240:	2f2b052e 	svccs	0x002b052e
    1244:	052e1905 	streq	r1, [lr, #-2309]!	@ 0xfffff6fb
    1248:	05f62f01 	ldrbeq	r2, [r6, #3841]!	@ 0xf01
    124c:	05055015 	streq	r5, [r5, #-21]	@ 0xffffffeb
    {
    1250:	0077052e 	rsbseq	r0, r7, lr, lsr #10
    1254:	20030402 	andcs	r0, r3, r2, lsl #8
    1258:	02002005 	andeq	r2, r0, #5
        BaseType_t xAlreadyYielded, xShouldBlock = pdFALSE;
    125c:	053c0104 	ldreq	r0, [ip, #-260]!	@ 0xfffffefc
        if( ( pxCurrentTCB->ulNotifiedValue[ uxIndexToWaitOn ] == 0U ) && ( xTicksToWait > ( TickType_t ) 0 ) )
    1260:	04020059 	streq	r0, [r2], #-89	@ 0xffffffa7
    1264:	09052e01 	stmdbeq	r5, {r0, r9, sl, fp, sp}
    1268:	053c0c03 	ldreq	r0, [ip, #-3075]!	@ 0xfffff3fd
    126c:	0f05301b 	svceq	0x0005301b
    1270:	2e07052e 	cdpcs	5, 0, cr0, cr7, cr14, {1}
    1274:	053e1305 	ldreq	r1, [lr, #-773]!	@ 0xfffffcfb
            vTaskSuspendAll();
    1278:	20052e32 	andcs	r2, r5, r2, lsr lr
                taskENTER_CRITICAL();
    127c:	3d19052e 	ldccc	5, cr0, [r9, #-184]	@ 0xffffff48
                    if( pxCurrentTCB->ulNotifiedValue[ uxIndexToWaitOn ] == 0U )
    1280:	09030905 	stmdbeq	r3, {r0, r2, r8, fp}
    1284:	3020052e 	eorcc	r0, r0, lr, lsr #10
    1288:	052e0f05 	streq	r0, [lr, #-3845]!	@ 0xfffff0fb
    128c:	07052e40 	streq	r2, [r5, -r0, asr #28]
    1290:	300d052e 	andcc	r0, sp, lr, lsr #10
                        pxCurrentTCB->ucNotifyState[ uxIndexToWaitOn ] = taskWAITING_NOTIFICATION;
    1294:	052e4605 	streq	r4, [lr, #-1541]!	@ 0xfffff9fb
    1298:	1c052e0b 	stcne	14, cr2, [r5], {11}
    129c:	2e2c0531 	mcrcs	5, 1, r0, cr12, cr1, {1}
                        xShouldBlock = pdTRUE;
    12a0:	052e6405 	streq	r6, [lr, #-1029]!	@ 0xfffffbfb
                taskEXIT_CRITICAL();
    12a4:	30052029 	andcc	r2, r5, r9, lsr #32
                if( xShouldBlock == pdTRUE )
    12a8:	2e68053d 	mcrcs	5, 3, r0, cr8, cr13, {1}
    12ac:	40202e05 	eormi	r2, r0, r5, lsl #28
                    prvAddCurrentTaskToDelayedList( xTicksToWait, pdTRUE );
    12b0:	055d3605 	ldrbeq	r3, [sp, #-1541]	@ 0xfffff9fb
    12b4:	07052e2a 	streq	r2, [r5, -sl, lsr #28]
            xAlreadyYielded = xTaskResumeAll();
    12b8:	4c250535 	stcmi	5, cr0, [r5], #-212	@ 0xffffff2c
            if( ( xShouldBlock == pdTRUE ) && ( xAlreadyYielded == pdFALSE ) )
    12bc:	94420105 	strbls	r0, [r2], #-261	@ 0xfffffefb
    12c0:	054c0c05 	strbeq	r0, [ip, #-3077]	@ 0xfffff3fb
    12c4:	27052e19 	smladcs	r5, r9, lr, r2
                taskYIELD_WITHIN_API();
    12c8:	3e05052e 	cdpcc	5, 0, cr0, cr5, cr14, {1}
    12cc:	05301105 	ldreq	r1, [r0, #-261]!	@ 0xfffffefb
    12d0:	1205400b 	andne	r4, r5, #11
    12d4:	2418053e 	ldrcs	r0, [r8], #-1342	@ 0xfffffac2
        taskENTER_CRITICAL();
    12d8:	053e1c05 	ldreq	r1, [lr, #-3077]!	@ 0xfffff3fb
            ulReturn = pxCurrentTCB->ulNotifiedValue[ uxIndexToWaitOn ];
    12dc:	1e052e13 	mcrne	14, 0, r2, cr5, cr3, {0}
    12e0:	3f1c053e 	svccc	0x001c053e
    12e4:	052e1305 	streq	r1, [lr, #-773]!	@ 0xfffffcfb
    12e8:	19053e1e 	stmdbne	r5, {r1, r2, r3, r4, r9, sl, fp, ip, sp}
            if( ulReturn != 0U )
    12ec:	031c0541 	tsteq	ip, #272629760	@ 0x10400000
    12f0:	0e053c6e 	cdpeq	12, 0, cr3, cr5, cr14, {3}
                if( xClearCountOnExit != pdFALSE )
    12f4:	05581603 	ldrbeq	r1, [r8, #-1539]	@ 0xfffff9fd
                    pxCurrentTCB->ulNotifiedValue[ uxIndexToWaitOn ] = ( uint32_t ) 0U;
    12f8:	32053031 	andcc	r3, r5, #49	@ 0x31
    12fc:	3d26053d 	stccc	5, cr0, [r6, #-244]!	@ 0xffffff0c
    1300:	053e0505 	ldreq	r0, [lr, #-1285]!	@ 0xfffffafb
    1304:	35053031 	strcc	r3, [r5, #-49]	@ 0xffffffcf
    1308:	4b2f054b 	blmi	bc283c <_edata+0xbbf6c8>
                    pxCurrentTCB->ulNotifiedValue[ uxIndexToWaitOn ] = ulReturn - ( uint32_t ) 1;
    130c:	054b3505 	strbeq	r3, [fp, #-1285]	@ 0xfffffafb
    1310:	01054c05 	tsteq	r5, r5, lsl #24
    1314:	f209032f 	vcgt.s8	d0, d9, d31
    1318:	052f0b05 	streq	r0, [pc, #-2821]!	@ 81b <xTaskResumeAll+0xcb>
            pxCurrentTCB->ucNotifyState[ uxIndexToWaitOn ] = taskNOT_WAITING_NOTIFICATION;
    131c:	24053e19 	strcs	r3, [r5], #-3609	@ 0xfffff1e7
    1320:	1e053d3d 	mcrne	13, 0, r3, cr5, cr13, {1}
    1324:	3d01053d 	stccc	5, cr0, [r1, #-244]	@ 0xffffff0c
    1328:	01000f02 	tsteq	r0, r2, lsl #30
        taskEXIT_CRITICAL();
    132c:	00024401 	andeq	r4, r2, r1, lsl #8
    }
    1330:	08000300 	stmdaeq	r0, {r8, r9}
    1334:	02000001 	andeq	r0, r0, #1
    1338:	0d0efb01 	vstreq	d15, [lr, #-4]
    133c:	01010100 	mrseq	r0, (UNDEF: 17)
    {
    1340:	00000001 	andeq	r0, r0, r1
    1344:	01000001 	tsteq	r0, r1
    1348:	462f2e2e 	strtmi	r2, [pc], -lr, lsr #28
    134c:	52656572 	rsbpl	r6, r5, #478150656	@ 0x1c800000
        BaseType_t xReturn, xAlreadyYielded, xShouldBlock = pdFALSE;
    1350:	2d534f54 	ldclcs	15, cr4, [r3, #-336]	@ 0xfffffeb0
        if( ( pxCurrentTCB->ucNotifyState[ uxIndexToWaitOn ] != taskNOTIFICATION_RECEIVED ) && ( xTicksToWait > ( TickType_t ) 0 ) )
    1354:	6e72654b 	cdpvs	5, 7, cr6, cr2, cr11, {2}
    1358:	702f6c65 	eorvc	r6, pc, r5, ror #24
    135c:	6174726f 	cmnvs	r4, pc, ror #4
    1360:	2f656c62 	svccs	0x00656c62
    1364:	2f434347 	svccs	0x00434347
    1368:	5f4d5241 	svcpl	0x004d5241
            vTaskSuspendAll();
    136c:	00334d43 	eorseq	r4, r3, r3, asr #26
                taskENTER_CRITICAL();
    1370:	6d2f3a43 	vstmdbvs	pc!, {s6-s72}
                    if( pxCurrentTCB->ucNotifyState[ uxIndexToWaitOn ] != taskNOTIFICATION_RECEIVED )
    1374:	5f737973 	svcpl	0x00737973
    1378:	2f77656e 	svccs	0x0077656e
    137c:	676e696d 	strbvs	r6, [lr, -sp, ror #18]!
    1380:	2f343677 	svccs	0x00343677
                        pxCurrentTCB->ulNotifiedValue[ uxIndexToWaitOn ] &= ~ulBitsToClearOnEntry;
    1384:	2d6d7261 	stclcs	2, cr7, [sp, #-388]!	@ 0xfffffe7c
    1388:	656e6f6e 	strbvs	r6, [lr, #-3950]!	@ 0xfffff092
    138c:	6261652d 	rsbvs	r6, r1, #188743680	@ 0xb400000
    1390:	6e692f69 	cdpvs	15, 6, cr2, cr9, cr9, {3}
    1394:	64756c63 	ldrbtvs	r6, [r5], #-3171	@ 0xfffff39d
    1398:	616d2f65 	cmnvs	sp, r5, ror #30
    139c:	6e696863 	cdpvs	8, 6, cr6, cr9, cr3, {3}
    13a0:	3a430065 	bcc	10c153c <_edata+0x10be3c8>
                        pxCurrentTCB->ucNotifyState[ uxIndexToWaitOn ] = taskWAITING_NOTIFICATION;
    13a4:	79736d2f 	ldmdbvc	r3!, {r0, r1, r2, r3, r5, r8, sl, fp, sp, lr}^
    13a8:	656e5f73 	strbvs	r5, [lr, #-3955]!	@ 0xfffff08d
    13ac:	696d2f77 	stmdbvs	sp!, {r0, r1, r2, r4, r5, r6, r8, r9, sl, fp, sp}^
                        xShouldBlock = pdTRUE;
    13b0:	3677676e 	ldrbtcc	r6, [r7], -lr, ror #14
                taskEXIT_CRITICAL();
    13b4:	72612f34 	rsbvc	r2, r1, #52, 30	@ 0xd0
                if( xShouldBlock == pdTRUE )
    13b8:	6f6e2d6d 	svcvs	0x006e2d6d
    13bc:	652d656e 	strvs	r6, [sp, #-1390]!	@ 0xfffffa92
                    prvAddCurrentTaskToDelayedList( xTicksToWait, pdTRUE );
    13c0:	2f696261 	svccs	0x00696261
    13c4:	6c636e69 	stclvs	14, cr6, [r3], #-420	@ 0xfffffe5c
            xAlreadyYielded = xTaskResumeAll();
    13c8:	2f656475 	svccs	0x00656475
            if( ( xShouldBlock == pdTRUE ) && ( xAlreadyYielded == pdFALSE ) )
    13cc:	00737973 	rsbseq	r7, r3, r3, ror r9
    13d0:	462f2e2e 	strtmi	r2, [pc], -lr, lsr #28
    13d4:	52656572 	rsbpl	r6, r5, #478150656	@ 0x1c800000
                taskYIELD_WITHIN_API();
    13d8:	2d534f54 	ldclcs	15, cr4, [r3, #-336]	@ 0xfffffeb0
    13dc:	6e72654b 	cdpvs	5, 7, cr6, cr2, cr11, {2}
    13e0:	692f6c65 	stmdbvs	pc!, {r0, r2, r5, r6, sl, fp, sp, lr}	@ <UNPREDICTABLE>
    13e4:	756c636e 	strbvc	r6, [ip, #-878]!	@ 0xfffffc92
        taskENTER_CRITICAL();
    13e8:	00006564 	andeq	r6, r0, r4, ror #10
            if( pulNotificationValue != NULL )
    13ec:	74726f70 	ldrbtvc	r6, [r2], #-3952	@ 0xfffff090
    13f0:	0100632e 	tsteq	r0, lr, lsr #6
                *pulNotificationValue = pxCurrentTCB->ulNotifiedValue[ uxIndexToWaitOn ];
    13f4:	6f700000 	svcvs	0x00700000
    13f8:	616d7472 	smcvs	55106	@ 0xd742
    13fc:	2e6f7263 	cdpcs	2, 6, cr7, cr15, cr3, {3}
    1400:	00010068 	andeq	r0, r1, r8, rrx
            if( pxCurrentTCB->ucNotifyState[ uxIndexToWaitOn ] != taskNOTIFICATION_RECEIVED )
    1404:	65645f00 	strbvs	r5, [r4, #-3840]!	@ 0xfffff100
    1408:	6c756166 	ldclvs	1, cr6, [r5], #-408	@ 0xfffffe68
    140c:	79745f74 	ldmdbvc	r4!, {r2, r4, r5, r6, r8, r9, sl, fp, ip, lr}^
    1410:	2e736570 	mrccs	5, 3, r6, cr3, cr0, {3}
    1414:	00020068 	andeq	r0, r2, r8, rrx
                xReturn = pdFALSE;
    1418:	74735f00 	ldrbtvc	r5, [r3], #-3840	@ 0xfffff100
                pxCurrentTCB->ulNotifiedValue[ uxIndexToWaitOn ] &= ~ulBitsToClearOnExit;
    141c:	746e6964 	strbtvc	r6, [lr], #-2404	@ 0xfffff69c
    1420:	0300682e 	movweq	r6, #2094	@ 0x82e
    1424:	72700000 	rsbsvc	r0, r0, #0
    1428:	65646a6f 	strbvs	r6, [r4, #-2671]!	@ 0xfffff591
    142c:	682e7366 	stmdavs	lr!, {r1, r2, r5, r6, r8, r9, ip, sp, lr}
    1430:	00000400 	andeq	r0, r0, r0, lsl #8
    1434:	6b736174 	blvs	1cd9a0c <_edata+0x1cd6898>
    1438:	0400682e 	streq	r6, [r0], #-2094	@ 0xfffff7d2
                xReturn = pdTRUE;
    143c:	05000000 	streq	r0, [r0, #-0]
            pxCurrentTCB->ucNotifyState[ uxIndexToWaitOn ] = taskNOT_WAITING_NOTIFICATION;
    1440:	02050001 	andeq	r0, r5, #1
    1444:	00002280 	andeq	r2, r0, r0, lsl #5
    1448:	0101b803 	tsteq	r1, r3, lsl #16
        taskEXIT_CRITICAL();
    144c:	05691105 	strbeq	r1, [r9, #-261]!	@ 0xfffffefb
        return xReturn;
    1450:	11053d13 	tstne	r5, r3, lsl sp
    }
    1454:	3d17054b 	ldccc	5, cr0, [r7, #-300]	@ 0xfffffed4
    1458:	05203005 	streq	r3, [r0, #-5]!
    145c:	11052e13 	tstne	r5, r3, lsl lr
    1460:	3d15052f 	ldccc	5, cr0, [r5, #-188]	@ 0xffffff44
    {
    1464:	05201305 	streq	r1, [r0, #-773]!	@ 0xfffffcfb
    1468:	15052f12 	strne	r2, [r5, #-3858]	@ 0xfffff0ee
    146c:	2013053d 	andscs	r0, r3, sp, lsr r5
    1470:	052f1205 	streq	r1, [pc, #-517]!	@ 1273 <ulTaskGenericNotifyTake+0x23>
        BaseType_t xReturn = pdPASS;
    1474:	01053e0c 	tsteq	r5, ip, lsl #28
        pxTCB = xTaskToNotify;
    1478:	17057821 	strne	r7, [r5, -r1, lsr #16]
        taskENTER_CRITICAL();
    147c:	0502043d 	streq	r0, [r2, #-1085]	@ 0xfffffbc3
            if( pulPreviousNotificationValue != NULL )
    1480:	2e0c0305 	cdpcs	3, 0, cr0, cr12, cr5, {0}
                *pulPreviousNotificationValue = pxTCB->ulNotifiedValue[ uxIndexToNotify ];
    1484:	04980105 	ldreq	r0, [r8], #261	@ 0x105
    1488:	030a0501 	movweq	r0, #42241	@ 0xa501
    148c:	14052077 	strne	r2, [r5], #-119	@ 0xffffff89
    1490:	01040200 	mrseq	r0, R12_usr
            ucOriginalNotifyState = pxTCB->ucNotifyState[ uxIndexToNotify ];
    1494:	03010520 	movweq	r0, #5408	@ 0x1520
    1498:	056a3c0a 	strbeq	r3, [sl, #-3082]!	@ 0xfffff3f6
    149c:	01051305 	tsteq	r5, r5, lsl #6
            pxTCB->ucNotifyState[ uxIndexToNotify ] = taskNOTIFICATION_RECEIVED;
    14a0:	2e080e03 	cdpcs	14, 0, cr0, cr8, cr3, {0}
    14a4:	13050524 	movwne	r0, #21796	@ 0x5524
    14a8:	0d030105 	stceq	1, cr0, [r3, #-20]	@ 0xffffffec
            switch( eAction )
    14ac:	310527e4 	smlattcc	r5, r4, r7, r2
    14b0:	053c0f03 	ldreq	r0, [ip, #-3843]!	@ 0xfffff0fd
    14b4:	05052021 	streq	r2, [r5, #-33]	@ 0xffffffdf
    14b8:	2e00ea03 	vmlacs.f32	s28, s0, s6
    14bc:	053c1805 	ldreq	r1, [ip, #-2053]!	@ 0xfffff7fb
    14c0:	18053d05 	stmdane	r5, {r0, r2, r8, sl, fp, ip, sp}
    14c4:	3d05053c 	stccc	5, cr0, [r5, #-240]	@ 0xffffff10
    14c8:	05201805 	streq	r1, [r0, #-2053]!	@ 0xfffff7fb
                    pxTCB->ulNotifiedValue[ uxIndexToNotify ] |= ulValue;
    14cc:	17053205 	strne	r3, [r5, -r5, lsl #4]
    14d0:	3f050531 	svccc	0x00050531
    14d4:	0c052f36 	stceq	15, cr2, [r5], {54}	@ 0x36
    14d8:	21010531 	tstcs	r1, r1, lsr r5
    14dc:	044e32be 	strbeq	r3, [lr], #-702	@ 0xfffffd42
    14e0:	03050502 	movweq	r0, #21762	@ 0x5502
    14e4:	053c7ead 	ldreq	r7, [ip, #-3757]!	@ 0xfffff153
                    break;
    14e8:	01049801 	tsteq	r4, r1, lsl #16
                    ( pxTCB->ulNotifiedValue[ uxIndexToNotify ] )++;
    14ec:	cd031605 	stcgt	6, cr1, [r3, #-20]	@ 0xffffffec
    14f0:	01052001 	tsteq	r5, r1
    14f4:	86580b03 	ldrbhi	r0, [r8], -r3, lsl #22
    14f8:	053e1605 	ldreq	r1, [lr, #-1541]!	@ 0xfffff9fb
    14fc:	07055a1b 	smladeq	r5, fp, sl, r5
    1500:	0502042e 	streq	r0, [r2, #-1070]	@ 0xfffffbd2
                    break;
    1504:	7eba0305 	cdpvc	3, 11, cr0, cr10, cr5, {0}
                    pxTCB->ulNotifiedValue[ uxIndexToNotify ] = ulValue;
    1508:	4001054a 	andmi	r0, r1, sl, asr #10
    150c:	c6030104 	strgt	r0, [r3], -r4, lsl #2
    1510:	05862001 	streq	r2, [r6, #1]
                    break;
    1514:	01051505 	tsteq	r5, r5, lsl #10
                    if( ucOriginalNotifyState != taskNOTIFICATION_RECEIVED )
    1518:	22021d03 	andcs	r1, r2, #3, 26	@ 0xc0
                        pxTCB->ulNotifiedValue[ uxIndexToNotify ] = ulValue;
    151c:	02042401 	andeq	r2, r4, #16777216	@ 0x1000000
    1520:	ec030505 	stc	5, cr0, [r3], {5}
    1524:	01053c7d 	tsteq	r5, sp, ror ip
    1528:	05010498 	streq	r0, [r1, #-1176]	@ 0xfffffb68
                        xReturn = pdFAIL;
    152c:	0295030d 	addseq	r0, r5, #872415232	@ 0x34000000
                    break;
    1530:	000b0520 	andeq	r0, fp, r0, lsr #10
            if( ucOriginalNotifyState == taskWAITING_NOTIFICATION )
    1534:	3c010402 	stccc	4, cr0, [r1], {2}
    1538:	05340d05 	ldreq	r0, [r4, #-3333]!	@ 0xfffff2fb
                listREMOVE_ITEM( &( pxTCB->xStateListItem ) );
    153c:	02042023 	andeq	r2, r4, #35	@ 0x23
    1540:	ff030505 			@ <UNDEFINED> instruction: 0xff030505
    1544:	0105587d 	tsteq	r5, sp, ror r8
    1548:	03010440 	movweq	r0, #5184	@ 0x1440
    154c:	03200285 			@ <UNDEFINED> instruction: 0x03200285
    1550:	057401e5 	ldrbeq	r0, [r4, #-485]!	@ 0xfffffe1b
    1554:	2e0b0305 	cdpcs	3, 0, cr0, cr11, cr5, {0}
    1558:	05201f05 	streq	r1, [r0, #-3845]!	@ 0xfffff0fb
    155c:	28052f05 	stmdacs	r5, {r0, r2, r8, r9, sl, fp, sp}
    1560:	31050520 	tstcc	r5, r0, lsr #10
    1564:	05201f05 	streq	r1, [r0, #-3845]!	@ 0xfffff0fb
    1568:	1f052f05 	svcne	0x00052f05
    156c:	2f010520 	svccs	0x00010520
    1570:	01000c02 	tsteq	r0, r2, lsl #24
    1574:	0008c201 	andeq	ip, r8, r1, lsl #4
                prvAddTaskToReadyList( pxTCB );
    1578:	ac000300 	stcge	3, cr0, [r0], {-0}
    157c:	02000001 	andeq	r0, r0, #1
    1580:	0d0efb01 	vstreq	d15, [lr, #-4]
    1584:	01010100 	mrseq	r0, (UNDEF: 17)
    1588:	00000001 	andeq	r0, r0, r1
    158c:	01000001 	tsteq	r0, r1
    1590:	462f2e2e 	strtmi	r2, [pc], -lr, lsr #28
    1594:	52656572 	rsbpl	r6, r5, #478150656	@ 0x1c800000
    1598:	2d534f54 	ldclcs	15, cr4, [r3, #-336]	@ 0xfffffeb0
    159c:	6e72654b 	cdpvs	5, 7, cr6, cr2, cr11, {2}
    15a0:	2e006c65 	cdpcs	12, 0, cr6, cr0, cr5, {3}
    15a4:	72462f2e 	subvc	r2, r6, #46, 30	@ 0xb8
    15a8:	54526565 	ldrbpl	r6, [r2], #-1381	@ 0xfffffa9b
    15ac:	4b2d534f 	blmi	b562f0 <_edata+0xb5317c>
    15b0:	656e7265 	strbvs	r7, [lr, #-613]!	@ 0xfffffd9b
    15b4:	6f702f6c 	svcvs	0x00702f6c
    15b8:	62617472 	rsbvs	r7, r1, #1912602624	@ 0x72000000
    15bc:	472f656c 	strmi	r6, [pc, -ip, ror #10]!
    15c0:	412f4343 			@ <UNDEFINED> instruction: 0x412f4343
    15c4:	435f4d52 	cmpmi	pc, #5248	@ 0x1480
    15c8:	4300334d 	movwmi	r3, #845	@ 0x34d
    15cc:	736d2f3a 	cmnvc	sp, #58, 30	@ 0xe8
    15d0:	6e5f7379 	mrcvs	3, 2, r7, cr15, cr9, {3}
    15d4:	6d2f7765 	stcvs	7, cr7, [pc, #-404]!	@ 1448 <xTaskGenericNotifyWait+0x108>
    15d8:	77676e69 	strbvc	r6, [r7, -r9, ror #28]!
    15dc:	6c2f3436 	stcvs	4, cr3, [pc], #-216	@ 150c <xTaskGenericNotify+0xa8>
    15e0:	672f6269 	strvs	r6, [pc, -r9, ror #4]!
    15e4:	612f6363 			@ <UNDEFINED> instruction: 0x612f6363
    15e8:	6e2d6d72 	mcrvs	13, 1, r6, cr13, cr2, {3}
    15ec:	2d656e6f 	stclcs	14, cr6, [r5, #-444]!	@ 0xfffffe44
    15f0:	69626165 	stmdbvs	r2!, {r0, r2, r5, r6, r8, sp, lr}^
    15f4:	2e33312f 	cdpcs	1, 3, cr3, cr3, cr15, {1}
    15f8:	2f302e33 	svccs	0x00302e33
                taskYIELD_ANY_CORE_IF_USING_PREEMPTION( pxTCB );
    15fc:	6c636e69 	stclvs	14, cr6, [r3], #-420	@ 0xfffffe5c
    1600:	00656475 	rsbeq	r6, r5, r5, ror r4
    1604:	6d2f3a43 	vstmdbvs	pc!, {s6-s72}
    1608:	5f737973 	svcpl	0x00737973
    160c:	2f77656e 	svccs	0x0077656e
    1610:	676e696d 	strbvs	r6, [lr, -sp, ror #18]!
    1614:	2f343677 	svccs	0x00343677
        taskEXIT_CRITICAL();
    1618:	2d6d7261 	stclcs	2, cr7, [sp, #-388]!	@ 0xfffffe7c
        return xReturn;
    161c:	656e6f6e 	strbvs	r6, [lr, #-3950]!	@ 0xfffff092
    }
    1620:	6261652d 	rsbvs	r6, r1, #188743680	@ 0xb400000
    1624:	6e692f69 	cdpvs	15, 6, cr2, cr9, cr9, {3}
    1628:	64756c63 	ldrbtvs	r6, [r5], #-3171	@ 0xfffff39d
    162c:	616d2f65 	cmnvs	sp, r5, ror #30
    1630:	6e696863 	cdpvs	8, 6, cr6, cr9, cr3, {3}
    1634:	3a430065 	bcc	10c17d0 <_edata+0x10be65c>
    {
    1638:	79736d2f 	ldmdbvc	r3!, {r0, r1, r2, r3, r5, r8, sl, fp, sp, lr}^
    163c:	656e5f73 	strbvs	r5, [lr, #-3955]!	@ 0xfffff08d
    1640:	696d2f77 	stmdbvs	sp!, {r0, r1, r2, r4, r5, r6, r8, r9, sl, fp, sp}^
    1644:	3677676e 	ldrbtcc	r6, [r7], -lr, ror #14
        BaseType_t xReturn = pdPASS;
    1648:	72612f34 	rsbvc	r2, r1, #52, 30	@ 0xd0
        pxTCB = xTaskToNotify;
    164c:	6f6e2d6d 	svcvs	0x006e2d6d
    __asm volatile
    1650:	652d656e 	strvs	r6, [sp, #-1390]!	@ 0xfffffa92
    1654:	2f696261 	svccs	0x00696261
    1658:	6c636e69 	stclvs	14, cr6, [r3], #-420	@ 0xfffffe5c
    165c:	2f656475 	svccs	0x00656475
    1660:	00737973 	rsbseq	r7, r3, r3, ror r9
    1664:	462f2e2e 	strtmi	r2, [pc], -lr, lsr #28
        uxSavedInterruptStatus = ( UBaseType_t ) taskENTER_CRITICAL_FROM_ISR();
    1668:	52656572 	rsbpl	r6, r5, #478150656	@ 0x1c800000
            if( pulPreviousNotificationValue != NULL )
    166c:	2d534f54 	ldclcs	15, cr4, [r3, #-336]	@ 0xfffffeb0
                *pulPreviousNotificationValue = pxTCB->ulNotifiedValue[ uxIndexToNotify ];
    1670:	6e72654b 	cdpvs	5, 7, cr6, cr2, cr11, {2}
    1674:	692f6c65 	stmdbvs	pc!, {r0, r2, r5, r6, sl, fp, sp, lr}	@ <UNPREDICTABLE>
    1678:	756c636e 	strbvc	r6, [ip, #-878]!	@ 0xfffffc92
    167c:	43006564 	movwmi	r6, #1380	@ 0x564
            ucOriginalNotifyState = pxTCB->ucNotifyState[ uxIndexToNotify ];
    1680:	736d2f3a 	cmnvc	sp, #58, 30	@ 0xe8
    1684:	6e5f7379 	mrcvs	3, 2, r7, cr15, cr9, {3}
    1688:	6d2f7765 	stcvs	7, cr7, [pc, #-404]!	@ 14fc <xTaskGenericNotify+0x98>
    168c:	77676e69 	strbvc	r6, [r7, -r9, ror #28]!
            pxTCB->ucNotifyState[ uxIndexToNotify ] = taskNOTIFICATION_RECEIVED;
    1690:	612f3436 			@ <UNDEFINED> instruction: 0x612f3436
    1694:	6e2d6d72 	mcrvs	13, 1, r6, cr13, cr2, {3}
    1698:	2d656e6f 	stclcs	14, cr6, [r5, #-444]!	@ 0xfffffe44
            switch( eAction )
    169c:	69626165 	stmdbvs	r2!, {r0, r2, r5, r6, r8, sp, lr}^
    16a0:	636e692f 	cmnvs	lr, #770048	@ 0xbc000
    16a4:	6564756c 	strbvs	r7, [r4, #-1388]!	@ 0xfffffa94
    16a8:	75710000 	ldrbvc	r0, [r1, #-0]!
    16ac:	2e657565 	cdpcs	5, 6, cr7, cr5, cr5, {3}
    16b0:	00010063 	andeq	r0, r1, r3, rrx
    16b4:	726f7000 	rsbvc	r7, pc, #0
    16b8:	63616d74 	cmnvs	r1, #116, 26	@ 0x1d00
                    pxTCB->ulNotifiedValue[ uxIndexToNotify ] |= ulValue;
    16bc:	682e6f72 	stmdavs	lr!, {r1, r4, r5, r6, r8, r9, sl, fp, sp, lr}
    16c0:	00000200 	andeq	r0, r0, r0, lsl #4
    16c4:	64647473 	strbtvs	r7, [r4], #-1139	@ 0xfffffb8d
    16c8:	682e6665 	stmdavs	lr!, {r0, r2, r5, r6, r9, sl, sp, lr}
    16cc:	00000300 	andeq	r0, r0, r0, lsl #6
    16d0:	6665645f 			@ <UNDEFINED> instruction: 0x6665645f
    16d4:	746c7561 	strbtvc	r7, [ip], #-1377	@ 0xfffffa9f
                    break;
    16d8:	7079745f 	rsbsvc	r7, r9, pc, asr r4
                    ( pxTCB->ulNotifiedValue[ uxIndexToNotify ] )++;
    16dc:	682e7365 	stmdavs	lr!, {r0, r2, r5, r6, r8, r9, ip, sp, lr}
    16e0:	00000400 	andeq	r0, r0, r0, lsl #8
    16e4:	6474735f 	ldrbtvs	r7, [r4], #-863	@ 0xfffffca1
    16e8:	2e746e69 	cdpcs	14, 7, cr6, cr4, cr9, {3}
    16ec:	00050068 	andeq	r0, r5, r8, rrx
    16f0:	73696c00 	cmnvc	r9, #0, 24
                    break;
    16f4:	00682e74 	rsbeq	r2, r8, r4, ror lr
                    pxTCB->ulNotifiedValue[ uxIndexToNotify ] = ulValue;
    16f8:	74000006 	strvc	r0, [r0], #-6
    16fc:	2e6b7361 	cdpcs	3, 6, cr7, cr11, cr1, {3}
    1700:	00060068 	andeq	r0, r6, r8, rrx
                    break;
    1704:	65757100 	ldrbvs	r7, [r5, #-256]!	@ 0xffffff00
                    if( ucOriginalNotifyState != taskNOTIFICATION_RECEIVED )
    1708:	682e6575 	stmdavs	lr!, {r0, r2, r4, r5, r6, r8, sl, sp, lr}
    170c:	00000600 	andeq	r0, r0, r0, lsl #12
                        pxTCB->ulNotifiedValue[ uxIndexToNotify ] = ulValue;
    1710:	74726f70 	ldrbtvc	r6, [r2], #-3952	@ 0xfffff090
    1714:	656c6261 	strbvs	r6, [ip, #-609]!	@ 0xfffffd9f
    1718:	0600682e 	streq	r6, [r0], -lr, lsr #16
                    break;
    171c:	74730000 	ldrbtvc	r0, [r3], #-0
                        xReturn = pdFAIL;
    1720:	676e6972 			@ <UNDEFINED> instruction: 0x676e6972
                    break;
    1724:	0700682e 	streq	r6, [r0, -lr, lsr #16]
            if( ucOriginalNotifyState == taskWAITING_NOTIFICATION )
    1728:	05000000 	streq	r0, [r0, #-0]
    172c:	02050001 	andeq	r0, r5, #1
                if( uxSchedulerSuspended == ( UBaseType_t ) 0U )
    1730:	000024e0 	andeq	r2, r0, r0, ror #9
    1734:	0102b003 	tsteq	r2, r3
                    listREMOVE_ITEM( &( pxTCB->xStateListItem ) );
    1738:	05591005 	ldrbeq	r1, [r9, #-5]
    173c:	07052f15 	smladeq	r5, r5, pc, r2	@ <UNPREDICTABLE>
    1740:	3d120534 	ldccc	5, cr0, [r2, #-208]	@ 0xffffff30
    1744:	02001d05 	andeq	r1, r0, #320	@ 0x140
    1748:	052d0104 	streq	r0, [sp, #-260]!	@ 0xfffffefc
    174c:	1f053136 	svcne	0x00053136
    1750:	2e2c052e 	cdpcs	5, 2, cr0, cr12, cr14, {1}
    1754:	01040200 	mrseq	r0, R12_usr
    1758:	25056606 	strcs	r6, [r5, #-1542]	@ 0xfffff9fa
    175c:	09051e06 	stmdbeq	r5, {r1, r2, r9, sl, fp, ip}
    1760:	302f0532 	eorcc	r0, pc, r2, lsr r5	@ <UNPREDICTABLE>
    1764:	052e4305 	streq	r4, [lr, #-773]!	@ 0xfffffcfb
    1768:	4e052e57 	mcrmi	14, 0, r2, cr5, cr7, {2}
    176c:	2e38052e 	cdpcs	5, 3, cr0, cr8, cr14, {1}
    1770:	05202605 	streq	r2, [r0, #-1541]!	@ 0xfffff9fb
    1774:	29052f28 	stmdbcs	r5, {r3, r5, r8, r9, sl, fp, sp}
                    prvAddTaskToReadyList( pxTCB );
    1778:	2e20053d 	mcrcs	5, 1, r0, cr0, cr13, {1}
    177c:	052f3305 	streq	r3, [pc, #-773]!	@ 147f <xTaskGenericNotify+0x1b>
    1780:	54052e49 	strpl	r2, [r5], #-3657	@ 0xfffff1b7
    1784:	2064052e 	rsbcs	r0, r4, lr, lsr #10
    1788:	052e5b05 	streq	r5, [lr, #-2821]!	@ 0xfffff4fb
    178c:	2a052e3c 	bcs	14d084 <_edata+0x149f10>
    1790:	2f1e0520 	svccs	0x001e0520
    1794:	4c0f054b 	stcmi	5, cr0, [pc], {75}	@ 0x4b
    1798:	05431505 	strbeq	r1, [r3, #-1285]	@ 0xfffffafb
    179c:	33052e13 	movwcc	r2, #24083	@ 0x5e13
    17a0:	2e190530 	mrccs	5, 0, r0, cr9, cr0, {1}
    17a4:	02001705 	andeq	r1, r0, #1310720	@ 0x140000
    17a8:	054a0104 	strbeq	r0, [sl, #-260]	@ 0xfffffefc
    17ac:	11053019 	tstne	r5, r9, lsl r0
    17b0:	59900f03 	ldmibpl	r0, {r0, r1, r8, r9, sl, fp}
    17b4:	055b0905 	ldrbeq	r0, [fp, #-2309]	@ 0xfffff6fb
    17b8:	0c054011 	stceq	0, cr4, [r5], {17}
    17bc:	052e0903 	streq	r0, [lr, #-2307]!	@ 0xfffff6fd
    17c0:	05052101 	streq	r2, [r5, #-257]	@ 0xfffffeff
    17c4:	74018603 	strvc	r8, [r1], #-1539	@ 0xfffff9fd
    17c8:	05751305 	ldrbeq	r1, [r5, #-773]!	@ 0xfffffcfb
    17cc:	2c05340b 	stccs	4, cr3, [r5], {11}
    17d0:	0402003e 	streq	r0, [r2], #-62	@ 0xffffffc2
    17d4:	05820601 	streq	r0, [r2, #1537]	@ 0x601
    17d8:	04020033 	streq	r0, [r2], #-51	@ 0xffffffcd
    17dc:	351e0601 	ldrcc	r0, [lr, #-1537]	@ 0xfffff9ff
    17e0:	05453c05 	strbeq	r3, [r5, #-3077]	@ 0xfffff3fb
    17e4:	3c0a031f 	stccc	3, cr0, [sl], {31}
    17e8:	055d2805 	ldrbeq	r2, [sp, #-2053]	@ 0xfffff7fb
    17ec:	2105680f 	tstcs	r5, pc, lsl #16
    17f0:	11052f40 	tstne	r5, r0, asr #30
    17f4:	053c0b03 	ldreq	r0, [ip, #-2819]!	@ 0xfffff4fd
    17f8:	90100310 	andsls	r0, r0, r0, lsl r3
                    listINSERT_END( &( xPendingReadyList ), &( pxTCB->xEventListItem ) );
    17fc:	05210505 	streq	r0, [r1, #-1285]!	@ 0xfffffafb
    1800:	4a0a0301 	bmi	28240c <_edata+0x27f298>
    1804:	05790705 	ldrbeq	r0, [r9, #-1797]!	@ 0xfffff8fb
    1808:	054f421c 	strbeq	r4, [pc, #-540]	@ 15f4 <xTaskGenericNotify+0x190>
    180c:	1c05411a 	stcne	1, cr4, [r5], {26}
    1810:	3d0e053d 	stccc	5, cr0, [lr, #-244]	@ 0xffffff0c
    1814:	0f030105 	svceq	0x00030105
    1818:	02d5034a 	sbcseq	r0, r5, #671088641	@ 0x28000001
    181c:	7510054a 	ldrvc	r0, [r0, #-1354]	@ 0xfffffab6
    1820:	05301505 	ldreq	r1, [r0, #-1285]!	@ 0xfffffafb
    1824:	2e0f0309 	cdpcs	3, 0, cr0, cr15, cr9, {0}
    1828:	05341a05 	ldreq	r1, [r4, #-2565]!	@ 0xfffff5fb
    182c:	0f052e37 	svceq	0x00052e37
    1830:	0044052e 	subeq	r0, r4, lr, lsr #10
                    if( pxTCB->uxPriority > pxCurrentTCB->uxPriority )
    1834:	2e010402 	cdpcs	4, 0, cr0, cr1, cr2, {0}
    1838:	c2032605 	andgt	r2, r3, #5242880	@ 0x500000
    183c:	19053c00 	stmdbne	r5, {sl, fp, ip, sp}
                        if( pxHigherPriorityTaskWoken != NULL )
    1840:	2e17056a 	cdpcs	5, 1, cr0, cr7, cr10, {3}
    1844:	05303705 	ldreq	r3, [r0, #-1797]!	@ 0xfffff8fb
                            *pxHigherPriorityTaskWoken = pdTRUE;
    1848:	1b052e1d 	blne	14d0c4 <_edata+0x149f50>
                        xYieldPendings[ 0 ] = pdTRUE;
    184c:	01040200 	mrseq	r0, R12_usr
    1850:	341d054a 	ldrcc	r0, [sp], #-1354	@ 0xfffffab6
    1854:	05971c05 	ldreq	r1, [r7, #3077]	@ 0xc05
    __asm volatile
    1858:	11054219 	tstne	r5, r9, lsl r2
}
    185c:	05820903 	streq	r0, [r2, #2307]	@ 0x903
    }
    1860:	22053218 	andcs	r3, r5, #24, 4	@ 0x80000001
    1864:	20130532 	andscs	r0, r3, r2, lsr r5
    1868:	05321505 	ldreq	r1, [r2, #-1285]!	@ 0xfffffafb
    186c:	1805351c 	stmdane	r5, {r2, r3, r4, r8, sl, ip, sp}
    1870:	40150530 	andsmi	r0, r5, r0, lsr r5
    1874:	05592305 	ldrbeq	r2, [r9, #-773]	@ 0xfffffcfb
    1878:	2e090309 	cdpcs	3, 0, cr0, cr9, cr9, {0}
    187c:	02002f33 	andeq	r2, r0, #51, 30	@ 0xcc
    1880:	2e060104 	cdpcs	1, 0, cr0, cr6, cr4, {0}
    {
    1884:	03040200 	movweq	r0, #16896	@ 0x4200
    1888:	040200ac 	streq	r0, [r2], #-172	@ 0xffffff54
    188c:	02007404 	andeq	r7, r0, #4, 8	@ 0x4000000
        pxTCB = xTaskToNotify;
    1890:	054a0604 	strbeq	r0, [sl, #-1540]	@ 0xfffff9fc
    __asm volatile
    1894:	0531060d 	ldreq	r0, [r1, #-1549]!	@ 0xfffff9f3
    1898:	0402000b 	streq	r0, [r2], #-11
    189c:	11058201 	tstne	r5, r1, lsl #4
    18a0:	000f0530 	andeq	r0, pc, r0, lsr r5	@ <UNPREDICTABLE>
    18a4:	4a010402 	bmi	428b4 <_edata+0x3f740>
    18a8:	7b311105 	blvc	c45cc4 <_edata+0xc42b50>
    return ulOriginalBASEPRI;
    18ac:	05431505 	strbeq	r1, [r3, #-1285]	@ 0xfffffafb
            ucOriginalNotifyState = pxTCB->ucNotifyState[ uxIndexToNotify ];
    18b0:	04020013 	streq	r0, [r2], #-19	@ 0xffffffed
    18b4:	15053c01 	strne	r3, [r5, #-3073]	@ 0xfffff3ff
    18b8:	9611053e 			@ <UNDEFINED> instruction: 0x9611053e
    18bc:	053d1a05 	ldreq	r1, [sp, #-2565]!	@ 0xfffff5fb
            pxTCB->ucNotifyState[ uxIndexToNotify ] = taskNOTIFICATION_RECEIVED;
    18c0:	1605420d 	strne	r4, [r5], -sp, lsl #4
    18c4:	3314053d 	tstcc	r4, #255852544	@ 0xf400000
    18c8:	6d230105 	stcvs	1, cr0, [r3, #-20]!	@ 0xffffffec
            ( pxTCB->ulNotifiedValue[ uxIndexToNotify ] )++;
    18cc:	04771505 	ldrbteq	r1, [r7], #-1285	@ 0xfffffafb
    18d0:	03050502 	movweq	r0, #21762	@ 0x5502
    18d4:	052e78d2 	streq	r7, [lr, #-2258]!	@ 0xfffff72e
    18d8:	ba0c030c 	blt	302510 <_edata+0x2ff39c>
    18dc:	2e050104 	cdpcs	1, 0, cr0, cr5, cr4, {0}
    18e0:	2007c103 	andcs	ip, r7, r3, lsl #2
            if( ucOriginalNotifyState == taskWAITING_NOTIFICATION )
    18e4:	05221605 	streq	r1, [r2, #-1541]!	@ 0xfffff9fb
    18e8:	0b052e33 	bleq	14d1bc <_edata+0x14a048>
    18ec:	0040052e 	subeq	r0, r0, lr, lsr #10
                if( uxSchedulerSuspended == ( UBaseType_t ) 0U )
    18f0:	2e010402 	cdpcs	4, 0, cr0, cr1, cr2, {0}
    18f4:	053e1a05 	ldreq	r1, [lr, #-2565]!	@ 0xfffff5fb
                    listREMOVE_ITEM( &( pxTCB->xStateListItem ) );
    18f8:	1605591f 			@ <UNDEFINED> instruction: 0x1605591f
    18fc:	053c0903 	ldreq	r0, [ip, #-2307]!	@ 0xfffff6fd
    1900:	19055c0f 	stmdbne	r5, {r0, r1, r2, r3, sl, fp, ip, lr}
    1904:	05583e03 	ldrbeq	r3, [r8, #-3587]	@ 0xfffff1fd
    1908:	37052e17 	smladcc	r5, r7, lr, r2
    190c:	2e1d0530 	mrccs	5, 0, r0, cr13, cr0, {1}
    1910:	02001b05 	andeq	r1, r0, #5120	@ 0x1400
    1914:	054a0104 	strbeq	r0, [sl, #-260]	@ 0xfffffefc
    1918:	3c05321f 	stccc	2, cr3, [r5], {31}
    191c:	0311053e 	tsteq	r1, #260046848	@ 0xf800000
    1920:	02004a1a 	andeq	r4, r0, #106496	@ 0x1a000
    1924:	3c060104 	stccc	1, cr0, [r6], {4}
    1928:	cb061505 	blgt	186d44 <_edata+0x183bd0>
    192c:	8e030905 			@ <UNDEFINED> instruction: 0x8e030905
    1930:	15052e7f 	strne	r2, [r5, #-3711]	@ 0xfffff181
                    prvAddTaskToReadyList( pxTCB );
    1934:	2000f703 	andcs	pc, r0, r3, lsl #14
    1938:	05050204 	streq	r0, [r5, #-516]	@ 0xfffffdfc
    193c:	4a77cb03 	bmi	1df4550 <_edata+0x1df13dc>
    1940:	04400105 	strbeq	r0, [r0], #-261	@ 0xfffffefb
    1944:	030c0501 	movweq	r0, #50433	@ 0xc501
    1948:	052008b8 	streq	r0, [r0, #-2232]!	@ 0xfffff748
    194c:	054f2101 	strbeq	r2, [pc, #-257]	@ 1853 <xTaskGenericNotifyFromISR+0x21b>
    1950:	02045b15 	andeq	r5, r4, #21504	@ 0x5400
    1954:	a9030505 	stmdbge	r3, {r0, r2, r8, sl}
    1958:	0c052e77 	stceq	14, cr2, [r5], {119}	@ 0x77
    195c:	04ba0c03 	ldrteq	r0, [sl], #3075	@ 0xc03
    1960:	032e0501 			@ <UNDEFINED> instruction: 0x032e0501
    1964:	052008f1 	streq	r0, [r0, #-2289]!	@ 0xfffff70f
    1968:	2805221b 	stmdacs	r5, {r0, r1, r3, r4, r9, sp}
    196c:	2e0b0541 	cdpcs	5, 0, cr0, cr11, cr1, {2}
    1970:	053e1a05 	ldreq	r1, [lr, #-2565]!	@ 0xfffff5fb
    1974:	4a0a032a 	bmi	282624 <_edata+0x27f4b0>
    1978:	052e2805 	streq	r2, [lr, #-2053]!	@ 0xfffff7fb
    197c:	1905320f 	stmdbne	r5, {r0, r1, r2, r3, r9, ip, sp}
    1980:	05583703 	ldrbeq	r3, [r8, #-1795]	@ 0xfffff8fd
    1984:	37052e17 	smladcc	r5, r7, lr, r2
    1988:	2e1d0530 	mrccs	5, 0, r0, cr13, cr0, {1}
    198c:	02001b05 	andeq	r1, r0, #5120	@ 0x1400
    1990:	054a0104 	strbeq	r0, [sl, #-260]	@ 0xfffffefc
    1994:	3c05321f 	stccc	2, cr3, [r5], {31}
    1998:	0311053e 	tsteq	r1, #260046848	@ 0xf800000
    199c:	02004a17 	andeq	r4, r0, #94208	@ 0x17000
    19a0:	3c060104 	stccc	1, cr0, [r6], {4}
    19a4:	bd061505 	stclt	5, cr1, [r6, #-20]	@ 0xffffffec
    19a8:	05020441 	streq	r0, [r2, #-1089]	@ 0xfffffbbf
    19ac:	76a00305 	strtvc	r0, [r0], r5, lsl #6
    19b0:	4001054a 	andmi	r0, r1, sl, asr #10
    19b4:	0c050104 	stceq	1, cr0, [r5], {4}
                    listINSERT_END( &( xPendingReadyList ), &( pxTCB->xEventListItem ) );
    19b8:	2009e303 	andcs	lr, r9, r3, lsl #6
    19bc:	50210105 	eorpl	r0, r1, r5, lsl #2
    19c0:	05671005 	strbeq	r1, [r7, #-5]!
    19c4:	09053015 	stmdbeq	r5, {r0, r2, r4, ip, sp}
    19c8:	052e1403 	streq	r1, [lr, #-1027]!	@ 0xfffffbfd
    19cc:	0f05301f 	svceq	0x0005301f
    19d0:	3f110540 	svccc	0x00110540
    19d4:	054c2e05 	strbeq	r2, [ip, #-3589]	@ 0xfffff1fb
    19d8:	15052e2c 	strne	r2, [r5, #-3628]	@ 0xfffff1d4
    19dc:	2e130533 	mrccs	5, 0, r0, cr3, cr3, {1}
    19e0:	05303305 	ldreq	r3, [r0, #-773]!	@ 0xfffffcfb
    19e4:	17052e19 	smladne	r5, r9, lr, r2
    19e8:	01040200 	mrseq	r0, R12_usr
    19ec:	3019054a 	andscc	r0, r9, sl, asr #10
                    if( pxTCB->uxPriority > pxCurrentTCB->uxPriority )
    19f0:	0c031105 	stceq	1, cr1, [r3], {5}
    19f4:	32180582 	andscc	r0, r8, #545259520	@ 0x20800000
    19f8:	05322205 	ldreq	r2, [r2, #-517]!	@ 0xfffffdfb
    19fc:	15052013 	strne	r2, [r5, #-19]	@ 0xffffffed
                        if( pxHigherPriorityTaskWoken != NULL )
    1a00:	331c0532 	tstcc	ip, #209715200	@ 0xc800000
                            *pxHigherPriorityTaskWoken = pdTRUE;
    1a04:	05301805 	ldreq	r1, [r0, #-2053]!	@ 0xfffff7fb
    1a08:	23054015 	movwcs	r4, #20501	@ 0x5015
                        xYieldPendings[ 0 ] = pdTRUE;
    1a0c:	03090559 	movweq	r0, #38233	@ 0x9559
    1a10:	2f332e09 	svccs	0x00332e09
    __asm volatile
    1a14:	01040200 	mrseq	r0, R12_usr
    1a18:	02002e06 	andeq	r2, r0, #6, 28	@ 0x60
    }
    1a1c:	00ac0304 	adceq	r0, ip, r4, lsl #6
    1a20:	74040402 	strvc	r0, [r4], #-1026	@ 0xfffffbfe
    1a24:	06040200 	streq	r0, [r4], -r0, lsl #4
    1a28:	060d054a 	streq	r0, [sp], -sl, asr #10
    1a2c:	000b0531 	andeq	r0, fp, r1, lsr r5
    1a30:	82010402 	andhi	r0, r1, #33554432	@ 0x2000000
    1a34:	05321105 	ldreq	r1, [r2, #-261]!	@ 0xfffffefb
    1a38:	0402000f 	streq	r0, [r2], #-15
    1a3c:	11054a01 	tstne	r5, r1, lsl #20
    {
    1a40:	15057531 	strne	r7, [r5, #-1329]	@ 0xfffffacf
    1a44:	0013053e 	andseq	r0, r3, lr, lsr r5
    1a48:	3c010402 	stccc	4, cr0, [r1], {2}
        pxTCB = prvGetTCBFromHandle( xTask );
    1a4c:	05301505 	ldreq	r1, [r0, #-1285]!	@ 0xfffffafb
    1a50:	900b0311 	andls	r0, fp, r1, lsl r3
    1a54:	053d1a05 	ldreq	r1, [sp, #-2565]!	@ 0xfffff5fb
    1a58:	1605430d 	strne	r4, [r5], -sp, lsl #6
        taskENTER_CRITICAL();
    1a5c:	3011053d 	andscc	r0, r1, sp, lsr r5
            if( pxTCB->ucNotifyState[ uxIndexToClear ] == taskNOTIFICATION_RECEIVED )
    1a60:	02000f05 	andeq	r0, r0, #5, 30
    1a64:	054a0104 	strbeq	r0, [sl, #-260]	@ 0xfffffefc
    1a68:	01054118 	tsteq	r5, r8, lsl r1
    1a6c:	10057928 	andne	r7, r5, r8, lsr #18
                pxTCB->ucNotifyState[ uxIndexToClear ] = taskNOT_WAITING_NOTIFICATION;
    1a70:	30150559 	andscc	r0, r5, r9, asr r5
    1a74:	18030905 	stmdane	r3, {r0, r2, r8, fp}
    1a78:	321f052e 	andscc	r0, pc, #192937984	@ 0xb800000
                xReturn = pdPASS;
    1a7c:	05400f05 	strbeq	r0, [r0, #-3845]	@ 0xfffff0fb
                xReturn = pdFAIL;
    1a80:	2c05422e 	stccs	2, cr4, [r5], {46}	@ 0x2e
        taskEXIT_CRITICAL();
    1a84:	0315052e 	tsteq	r5, #192937984	@ 0xb800000
        return xReturn;
    1a88:	13052e13 	movwne	r2, #24083	@ 0x5e13
    }
    1a8c:	3033052e 	eorscc	r0, r3, lr, lsr #10
    1a90:	052e1905 	streq	r1, [lr, #-2309]!	@ 0xfffff6fb
    1a94:	04020017 	streq	r0, [r2], #-23	@ 0xffffffe9
    {
    1a98:	19054a01 	stmdbne	r5, {r0, r9, fp, lr}
    1a9c:	03110530 	tsteq	r1, #48, 10	@ 0xc000000
    1aa0:	1805820c 	stmdane	r5, {r2, r3, r9, pc}
        pxTCB = prvGetTCBFromHandle( xTask );
    1aa4:	32220532 	eorcc	r0, r2, #209715200	@ 0xc800000
    1aa8:	05201305 	streq	r1, [r0, #-773]!	@ 0xfffffcfb
    1aac:	1c053215 	stcne	2, cr3, [r5], {21}
    1ab0:	30180533 	andscc	r0, r8, r3, lsr r5
        taskENTER_CRITICAL();
    1ab4:	05401505 	strbeq	r1, [r0, #-1285]	@ 0xfffffafb
            ulReturn = pxTCB->ulNotifiedValue[ uxIndexToClear ];
    1ab8:	09055923 	stmdbeq	r5, {r0, r1, r5, r8, fp, ip, lr}
    1abc:	332e0903 			@ <UNDEFINED> instruction: 0x332e0903
    1ac0:	0402002f 	streq	r0, [r2], #-47	@ 0xffffffd1
    1ac4:	002e0601 	eoreq	r0, lr, r1, lsl #12
            pxTCB->ulNotifiedValue[ uxIndexToClear ] &= ~ulBitsToClear;
    1ac8:	ac030402 	stcge	4, cr0, [r3], {2}
    1acc:	04040200 	streq	r0, [r4], #-512	@ 0xfffffe00
    1ad0:	04020074 	streq	r0, [r2], #-116	@ 0xffffff8c
    1ad4:	0d054a06 	vstreq	s8, [r5, #-24]	@ 0xffffffe8
    1ad8:	0b053106 	bleq	14def8 <_edata+0x14ad84>
    1adc:	01040200 	mrseq	r0, R12_usr
    1ae0:	34110582 	ldrcc	r0, [r1], #-1410	@ 0xfffffa7e
        taskEXIT_CRITICAL();
    1ae4:	02000f05 	andeq	r0, r0, #5, 30
        return ulReturn;
    1ae8:	054a0104 	strbeq	r0, [sl, #-260]	@ 0xfffffefc
    }
    1aec:	2e150311 	mrccs	3, 0, r0, cr5, cr1, {0}
    1af0:	3e150575 	mrccc	5, 0, r0, cr5, cr5, {3}
    1af4:	02001305 	andeq	r1, r0, #335544320	@ 0x14000000
{
    1af8:	053c0104 	ldreq	r0, [ip, #-260]!	@ 0xfffffefc
    1afc:	11053015 	tstne	r5, r5, lsl r0
    1b00:	05900b03 	ldreq	r0, [r0, #2819]	@ 0xb03
    const TickType_t xConstTickCount = xTickCount;
    1b04:	0d053d1a 	stceq	13, cr3, [r5, #-104]	@ 0xffffff98
    List_t * const pxDelayedList = pxDelayedTaskList;
    1b08:	3d160542 	ldccc	5, cr0, [r6, #-264]	@ 0xfffffef8
    1b0c:	05341105 	ldreq	r1, [r4, #-261]!	@ 0xfffffefb
    List_t * const pxOverflowDelayedList = pxOverflowDelayedTaskList;
    1b10:	0402000f 	streq	r0, [r2], #-15
    if( uxListRemove( &( pxCurrentTCB->xStateListItem ) ) == ( UBaseType_t ) 0 )
    1b14:	18054a01 	stmdane	r5, {r0, r9, fp, lr}
    1b18:	053c2503 	ldreq	r2, [ip, #-1283]!	@ 0xfffffafd
    1b1c:	057a2801 	ldrbeq	r2, [sl, #-2049]!	@ 0xfffff7ff
    1b20:	15056710 	strne	r6, [r5, #-1808]	@ 0xfffff8f0
    1b24:	03090531 	movweq	r0, #38193	@ 0x9531
        portRESET_READY_PRIORITY( pxCurrentTCB->uxPriority, uxTopReadyPriority );
    1b28:	1f052e11 	svcne	0x00052e11
    1b2c:	400f0530 	andmi	r0, pc, r0, lsr r5	@ <UNPREDICTABLE>
    1b30:	05412805 	strbeq	r2, [r1, #-2053]	@ 0xfffff7fb
    1b34:	2e053e11 	mcrcs	14, 0, r3, cr5, cr1, {0}
    1b38:	4015054e 	andsmi	r0, r5, lr, asr #10
    1b3c:	052e1305 	streq	r1, [lr, #-773]!	@ 0xfffffcfb
        xTimeToWake = xConstTickCount + xTicksToWait;
    1b40:	19053033 	stmdbne	r5, {r0, r1, r4, r5, ip, sp}
    1b44:	0017052e 	andseq	r0, r7, lr, lsr #10
        listSET_LIST_ITEM_VALUE( &( pxCurrentTCB->xStateListItem ), xTimeToWake );
    1b48:	4a010402 	bmi	42b58 <_edata+0x3f9e4>
    1b4c:	05311905 	ldreq	r1, [r1, #-2309]!	@ 0xfffff6fb
        if( xTimeToWake < xConstTickCount )
    1b50:	820c0311 	andhi	r0, ip, #1140850688	@ 0x44000000
    1b54:	05321805 	ldreq	r1, [r2, #-2053]!	@ 0xfffff7fb
            vListInsert( pxOverflowDelayedList, &( pxCurrentTCB->xStateListItem ) );
    1b58:	13053222 	movwne	r3, #21026	@ 0x5222
    1b5c:	32150520 	andscc	r0, r5, #32, 10	@ 0x8000000
    1b60:	05331c05 	ldreq	r1, [r3, #-3077]!	@ 0xfffff3fb
}
    1b64:	15053018 	strne	r3, [r5, #-24]	@ 0xffffffe8
            vListInsert( pxDelayedList, &( pxCurrentTCB->xStateListItem ) );
    1b68:	59230541 	stmdbpl	r3!, {r0, r6, r8, sl}
    1b6c:	09030905 	stmdbeq	r3, {r0, r2, r8, fp}
    1b70:	002f332e 	eoreq	r3, pc, lr, lsr #6
            if( xTimeToWake < xNextTaskUnblockTime )
    1b74:	06010402 	streq	r0, [r1], -r2, lsl #8
    1b78:	0402002e 	streq	r0, [r2], #-46	@ 0xffffffd2
    1b7c:	0200ac03 	andeq	sl, r0, #768	@ 0x300
                xNextTaskUnblockTime = xTimeToWake;
    1b80:	00740404 	rsbseq	r0, r4, r4, lsl #8
}
    1b84:	4a060402 	bmi	182b94 <_edata+0x17fa20>
    1b88:	31060d05 	tstcc	r6, r5, lsl #26
    1b8c:	02000b05 	andeq	r0, r0, #5120	@ 0x1400
    1b90:	05820104 	streq	r0, [r2, #260]	@ 0x104
    1b94:	0f053211 	svceq	0x00053211
    1b98:	01040200 	mrseq	r0, R12_usr
    1b9c:	3111054a 	tstcc	r1, sl, asr #10
    1ba0:	3e150575 	mrccc	5, 0, r0, cr5, cr5, {3}
{
    1ba4:	02001305 	andeq	r1, r0, #335544320	@ 0x14000000
    1ba8:	053c0104 	ldreq	r0, [ip, #-260]!	@ 0xfffffefc
        pxCurrentTCB = NULL;
    1bac:	11053015 	tstne	r5, r5, lsl r0
    uxCurrentNumberOfTasks = ( UBaseType_t ) 0U;
    1bb0:	05900b03 	ldreq	r0, [r0, #2819]	@ 0xb03
    1bb4:	0d053d1a 	stceq	13, cr3, [r5, #-104]	@ 0xffffff98
    xTickCount = ( TickType_t ) configINITIAL_TICK_COUNT;
    1bb8:	3d160543 	ldccc	5, cr0, [r6, #-268]	@ 0xfffffef4
    uxTopReadyPriority = tskIDLE_PRIORITY;
    1bbc:	05301105 	ldreq	r1, [r0, #-261]!	@ 0xfffffefb
    1bc0:	0402000f 	streq	r0, [r2], #-15
    xSchedulerRunning = pdFALSE;
    1bc4:	18054a01 	stmdane	r5, {r0, r9, fp, lr}
    xPendedTicks = ( TickType_t ) 0U;
    1bc8:	28010541 	stmdacs	r1, {r0, r6, r8, sl}
    1bcc:	6915056c 	ldmdbvs	r5, {r2, r3, r5, r6, r8, sl}
    for( xCoreID = 0; xCoreID < configNUMBER_OF_CORES; xCoreID++ )
    1bd0:	05050204 	streq	r0, [r5, #-516]	@ 0xfffffdfc
        xYieldPendings[ xCoreID ] = pdFALSE;
    1bd4:	2e71eb03 	vaddcs.f64	d30, d1, d3
    1bd8:	0c030c05 	stceq	12, cr0, [r3], {5}
    1bdc:	050104ba 	streq	r0, [r1, #-1210]	@ 0xfffffb46
    for( xCoreID = 0; xCoreID < configNUMBER_OF_CORES; xCoreID++ )
    1be0:	0ea3032e 	cdpeq	3, 10, cr0, cr3, cr14, {1}
    1be4:	221b0520 	andscs	r0, fp, #32, 10	@ 0x8000000
    1be8:	053f0b05 	ldreq	r0, [pc, #-2821]!	@ 10eb <vTaskMissedYield+0xb>
    xNumOfOverflows = ( BaseType_t ) 0;
    1bec:	0d053e1a 	stceq	14, cr3, [r5, #-104]	@ 0xffffff98
    uxTaskNumber = ( UBaseType_t ) 0U;
    1bf0:	4b2a055c 	blmi	a83168 <_edata+0xa7fff4>
    1bf4:	052e2805 	streq	r2, [lr, #-2053]!	@ 0xfffff7fb
    xNextTaskUnblockTime = ( TickType_t ) 0U;
    1bf8:	1505340f 	strne	r3, [r5, #-1039]	@ 0xfffffbf1
    uxSchedulerSuspended = ( UBaseType_t ) 0U;
    1bfc:	2e13055a 	mrccs	5, 0, r0, cr3, cr10, {2}
    1c00:	05303305 	ldreq	r3, [r0, #-773]!	@ 0xfffffcfb
}
    1c04:	17052e19 	smladne	r5, r9, lr, r2
    1c08:	01040200 	mrseq	r0, R12_usr
    1c0c:	321b054a 	andscc	r0, fp, #310378496	@ 0x12800000
    1c10:	053e3805 	ldreq	r3, [lr, #-2053]!	@ 0xfffff7fb
    1c14:	4a150311 	bmi	542860 <_edata+0x53f6ec>
    1c18:	01040200 	mrseq	r0, R12_usr
    1c1c:	15053c06 	strne	r3, [r5, #-3078]	@ 0xfffff3fa
    1c20:	0440cb06 	strbeq	ip, [r0], #-2822	@ 0xfffff4fa
    1c24:	03050502 	movweq	r0, #21762	@ 0x5502
    1c28:	054a71ab 	strbeq	r7, [sl, #-427]	@ 0xfffffe55
    1c2c:	01044001 	tsteq	r4, r1
    1c30:	d9030c05 	stmdble	r3, {r0, r2, sl, fp}
    1c34:	0105200e 	tsteq	r5, lr
{
    1c38:	15054f21 	strne	r4, [r5, #-3873]	@ 0xfffff0df
    1c3c:	0502045c 	streq	r0, [r2, #-1116]	@ 0xfffffba4
    pxList->pxIndex = ( ListItem_t * ) &( pxList->xListEnd );
    1c40:	71870305 	orrvc	r0, r7, r5, lsl #6
    1c44:	030c052e 	movweq	r0, #50478	@ 0xc52e
    1c48:	0104ba0c 	tsteq	r4, ip, lsl #20
    pxList->xListEnd.xItemValue = portMAX_DELAY;
    1c4c:	87032e05 	strhi	r2, [r3, -r5, lsl #28]
    1c50:	1405200f 	strne	r2, [r5], #-15
    pxList->xListEnd.pxNext = ( ListItem_t * ) &( pxList->xListEnd );
    1c54:	2e0b0523 	cdpcs	5, 0, cr0, cr11, cr3, {1}
    1c58:	05342405 	ldreq	r2, [r4, #-1029]!	@ 0xfffffbfb
    pxList->xListEnd.pxPrevious = ( ListItem_t * ) &( pxList->xListEnd );
    1c5c:	2a053d0d 	bcs	151098 <_edata+0x14df24>
    1c60:	3e15054b 	cdpcc	5, 1, cr0, cr5, cr11, {2}
    1c64:	05020440 	streq	r0, [r2, #-1088]	@ 0xfffffbc0
    pxList->uxNumberOfItems = ( UBaseType_t ) 0U;
    1c68:	70ee0305 	rscvc	r0, lr, r5, lsl #6
}
    1c6c:	4001054a 	andmi	r0, r1, sl, asr #10
    1c70:	0c050104 	stceq	1, cr0, [r5], {4}
    1c74:	200f9603 	andcs	r9, pc, r3, lsl #12
{
    1c78:	4e210105 	cdpmi	1, 2, cr0, cr1, cr5, {0}
    1c7c:	05510505 	ldrbeq	r0, [r1, #-1285]	@ 0xfffffafb
    pxItem->pxContainer = NULL;
    1c80:	05053012 	streq	r3, [r5, #-18]	@ 0xffffffee
}
    1c84:	320c053e 	andcc	r0, ip, #260046848	@ 0xf800000
    1c88:	4e210105 	cdpmi	1, 2, cr0, cr1, cr5, {0}
    1c8c:	054c1505 	strbeq	r1, [ip, #-1285]	@ 0xfffffafb
{
    1c90:	2d053405 	stccs	4, cr3, [r5, #-20]	@ 0xffffffec
    1c94:	2e410530 	mcrcs	5, 2, r0, cr1, cr0, {1}
    ListItem_t * const pxIndex = pxList->pxIndex;
    1c98:	052e1205 	streq	r1, [lr, #-517]!	@ 0xfffffdfb
    1c9c:	0c053005 	stceq	0, cr3, [r5], {5}
    pxNewListItem->pxNext = pxIndex;
    1ca0:	21010532 	tstcs	r1, r2, lsr r5
    pxNewListItem->pxPrevious = pxIndex->pxPrevious;
    1ca4:	4c15054e 	ldcmi	5, cr0, [r5], {78}	@ 0x4e
    1ca8:	05330e05 	ldreq	r0, [r3, #-3589]!	@ 0xfffff1fb
    pxIndex->pxPrevious->pxNext = pxNewListItem;
    1cac:	0105400c 	tsteq	r5, ip
    1cb0:	15055c21 	strne	r5, [r5, #-3105]	@ 0xfffff3df
    pxIndex->pxPrevious = pxNewListItem;
    1cb4:	0309054b 	movweq	r0, #38219	@ 0x954b
    1cb8:	01052e11 	tsteq	r5, r1, lsl lr
    pxNewListItem->pxContainer = pxList;
    1cbc:	033c1803 	teqeq	ip, #196608	@ 0x30000
    ( pxList->uxNumberOfItems ) = ( UBaseType_t ) ( pxList->uxNumberOfItems + 1U );
    1cc0:	24054a2f 	strcs	r4, [r5], #-2607	@ 0xfffff5d1
    1cc4:	2f01054f 	svccs	0x0001054f
    1cc8:	4f24055c 	svcmi	0x0024055c
}
    1ccc:	032f0105 			@ <UNDEFINED> instruction: 0x032f0105
    1cd0:	10055821 	andne	r5, r5, r1, lsr #16
{
    1cd4:	33170567 	tstcc	r7, #432013312	@ 0x19c00000
    1cd8:	053e1005 	ldreq	r1, [lr, #-5]!
    1cdc:	0c052e07 	stceq	14, cr2, [r5], {7}
    const TickType_t xValueOfInsertion = pxNewListItem->xItemValue;
    1ce0:	052e1103 	streq	r1, [lr, #-259]!	@ 0xfffffefd
    if( xValueOfInsertion == portMAX_DELAY )
    1ce4:	5a053e2c 	bpl	15159c <_edata+0x14e428>
    1ce8:	2e12052e 	cdpcs	5, 1, cr0, cr2, cr14, {1}
        pxIterator = pxList->xListEnd.pxPrevious;
    1cec:	054b1005 	strbeq	r1, [fp, #-5]
    1cf0:	1c052e26 	stcne	14, cr2, [r5], {38}	@ 0x26
        for( pxIterator = ( ListItem_t * ) &( pxList->xListEnd ); pxIterator->pxNext->xItemValue <= xValueOfInsertion; pxIterator = pxIterator->pxNext )
    1cf4:	3e14052e 	cdpcc	5, 1, cr0, cr4, cr14, {1}
    1cf8:	052e3405 	streq	r3, [lr, #-1029]!	@ 0xfffffbfb
    1cfc:	29052e0b 	stmdbcs	r5, {r0, r1, r3, r9, sl, fp, sp}
    1d00:	2e200530 	mcrcs	5, 1, r0, cr0, cr0, {1}
    1d04:	09033605 	stmdbeq	r3, {r0, r2, r9, sl, ip, sp}
    1d08:	2e64053c 	mcrcs	5, 3, r0, cr4, cr12, {1}
    1d0c:	052e1205 	streq	r1, [lr, #-517]!	@ 0xfffffdfb
    pxNewListItem->pxNext = pxIterator->pxNext;
    1d10:	30054b1a 	andcc	r4, r5, sl, lsl fp
    1d14:	2e26052e 	cdpcs	5, 2, cr0, cr6, cr14, {1}
    pxNewListItem->pxNext->pxPrevious = pxNewListItem;
    1d18:	054c1e05 	strbeq	r1, [ip, #-3589]	@ 0xfffff1fb
    1d1c:	0b052e33 	bleq	14d5f0 <_edata+0x14a47c>
    pxNewListItem->pxPrevious = pxIterator;
    1d20:	303f052e 	eorscc	r0, pc, lr, lsr #10
    pxIterator->pxNext = pxNewListItem;
    1d24:	052e5005 	streq	r5, [lr, #-5]!
    1d28:	2a052e47 	bcs	14d64c <_edata+0x14a4d8>
    pxNewListItem->pxContainer = pxList;
    1d2c:	350b052e 	strcc	r0, [fp, #-1326]	@ 0xfffffad2
    ( pxList->uxNumberOfItems ) = ( UBaseType_t ) ( pxList->uxNumberOfItems + 1U );
    1d30:	053e0f05 	ldreq	r0, [lr, #-3845]!	@ 0xfffff0fb
    1d34:	22054211 	andcs	r4, r5, #268435457	@ 0x10000001
    1d38:	053c0d03 	ldreq	r0, [ip, #-3331]!	@ 0xfffff2fd
}
    1d3c:	0c052e20 	stceq	14, cr2, [r5], {32}
    1d40:	21010530 	tstcs	r1, r0, lsr r5
{
    1d44:	5910054f 	ldmdbpl	r0, {r0, r1, r2, r3, r6, r8, sl}
    1d48:	052e0705 	streq	r0, [lr, #-1797]!	@ 0xfffff8fb
    List_t * const pxList = pxItemToRemove->pxContainer;
    1d4c:	3005301a 	andcc	r3, r5, sl, lsl r0
    1d50:	2e26052e 	cdpcs	5, 2, cr0, cr6, cr14, {1}
    pxItemToRemove->pxNext->pxPrevious = pxItemToRemove->pxPrevious;
    1d54:	053e1e05 	ldreq	r1, [lr, #-3589]!	@ 0xfffff1fb
    1d58:	0b052e3e 	bleq	14d658 <_edata+0x14a4e4>
    pxItemToRemove->pxPrevious->pxNext = pxItemToRemove->pxNext;
    1d5c:	3033052e 	eorscc	r0, r3, lr, lsr #10
    1d60:	052e2a05 	streq	r2, [lr, #-2565]!	@ 0xfffff5fb
    1d64:	6a05354b 	bvs	14f298 <_edata+0x14c124>
    if( pxList->pxIndex == pxItemToRemove )
    1d68:	2e12052e 	cdpcs	5, 1, cr0, cr2, cr14, {1}
    1d6c:	4e4c0105 	cdpmi	1, 4, cr0, cr12, cr5, {0}
        pxList->pxIndex = pxItemToRemove->pxPrevious;
    1d70:	05510505 	ldrbeq	r0, [r1, #-1285]	@ 0xfffffafb
    1d74:	0e053010 	mcreq	0, 0, r3, cr5, cr0, {0}
    pxItemToRemove->pxContainer = NULL;
    1d78:	0315054d 	tsteq	r5, #322961408	@ 0x13400000
    1d7c:	13052030 	movwne	r2, #20528	@ 0x5030
    ( pxList->uxNumberOfItems ) = ( UBaseType_t ) ( pxList->uxNumberOfItems - 1U );
    1d80:	3033052e 	eorscc	r0, r3, lr, lsr #10
    1d84:	052e1905 	streq	r1, [lr, #-2309]!	@ 0xfffff6fb
    return pxList->uxNumberOfItems;
    1d88:	04020017 	streq	r0, [r2], #-23	@ 0xffffffe9
}
    1d8c:	19054a01 	stmdbne	r5, {r0, r9, fp, lr}
    1d90:	030d0532 	movweq	r0, #54578	@ 0xd532
    1d94:	18052e0e 	stmdane	r5, {r1, r2, r3, r9, sl, fp, sp}
{
    1d98:	4a7fbc03 	bmi	1ff0dac <_edata+0x1fedc38>
    1d9c:	3f031505 	svccc	0x00031505
    void * pvReturn = NULL;
    1da0:	281a0558 	ldmdacs	sl, {r3, r4, r6, r8, sl}
    size_t xAllocatedBlockSize = 0;
    1da4:	314c0505 	cmpcc	ip, r5, lsl #10
    if( xWantedSize > 0 )
    1da8:	05301005 	ldreq	r1, [r0, #-5]!
    1dac:	11054c0e 	tstne	r5, lr, lsl #24
        if( heapADD_WILL_OVERFLOW( xWantedSize, xHeapStructSize ) == 0 )
    1db0:	2e0f0522 	cdpcs	5, 0, cr0, cr15, cr2, {1}
    1db4:	05302f05 	ldreq	r2, [r0, #-3845]!	@ 0xfffff0fb
            xWantedSize += xHeapStructSize;
    1db8:	13052e15 	movwne	r2, #24085	@ 0x5e15
    1dbc:	01040200 	mrseq	r0, R12_usr
            if( ( xWantedSize & portBYTE_ALIGNMENT_MASK ) != 0x00 )
    1dc0:	3015054a 	andscc	r0, r5, sl, asr #10
    1dc4:	05351105 	ldreq	r1, [r5, #-261]!	@ 0xfffffefb
    1dc8:	4a730318 	bmi	1cc2a30 <_edata+0x1cbf8bc>
                xAdditionalRequiredSize = portBYTE_ALIGNMENT - ( xWantedSize & portBYTE_ALIGNMENT_MASK );
    1dcc:	11031105 	tstne	r3, r5, lsl #2
    1dd0:	241a0558 	ldrcs	r0, [sl], #-1368	@ 0xfffffaa8
    1dd4:	054c0505 	strbeq	r0, [ip, #-1285]	@ 0xfffffafb
                if( heapADD_WILL_OVERFLOW( xWantedSize, xAdditionalRequiredSize ) == 0 )
    1dd8:	054e2f01 	strbeq	r2, [lr, #-3841]	@ 0xfffff0ff
    1ddc:	14054d05 	strne	r4, [r5], #-3333	@ 0xfffff2fb
                    xWantedSize += xAdditionalRequiredSize;
    1de0:	2e0b0530 	mcrcs	5, 0, r0, cr11, cr0, {1}
    1de4:	40301505 	eorsmi	r1, r0, r5, lsl #10
    1de8:	05310505 	ldreq	r0, [r1, #-1285]!	@ 0xfffffafb
                    xWantedSize = 0;
    1dec:	0105300c 	tsteq	r5, ip
            xWantedSize = 0;
    1df0:	15054e21 	strne	r4, [r5, #-3617]	@ 0xfffff1df
    vTaskSuspendAll();
    1df4:	3410054c 	ldrcc	r0, [r0], #-1356	@ 0xfffffab4
        if( pxEnd == NULL )
    1df8:	052e0705 	streq	r0, [lr, #-1797]!	@ 0xfffff8fb
    1dfc:	05403011 	strbeq	r3, [r0, #-17]	@ 0xffffffef
            prvHeapInit();
    1e00:	0105330c 	tsteq	r5, ip, lsl #6
        if( heapBLOCK_SIZE_IS_VALID( xWantedSize ) != 0 )
    1e04:	05055c21 	streq	r5, [r5, #-3105]	@ 0xfffff3df
    1e08:	3014054d 	andscc	r0, r4, sp, asr #10
            if( ( xWantedSize > 0 ) && ( xWantedSize <= xFreeBytesRemaining ) )
    1e0c:	052e3205 	streq	r3, [lr, #-517]!	@ 0xfffffdfb
    1e10:	15052e0b 	strne	r2, [r5, #-3595]	@ 0xfffff1f5
    1e14:	05054030 	streq	r4, [r5, #-48]	@ 0xffffffd0
    1e18:	300c0531 	andcc	r0, ip, r1, lsr r5
                pxPreviousBlock = &xStart;
    1e1c:	4e210105 	cdpmi	1, 2, cr0, cr1, cr5, {0}
                pxBlock = heapPROTECT_BLOCK_POINTER( xStart.pxNextFreeBlock );
    1e20:	054c1505 	strbeq	r1, [ip, #-1285]	@ 0xfffffafb
                while( ( pxBlock->xBlockSize < xWantedSize ) && ( pxBlock->pxNextFreeBlock != heapPROTECT_BLOCK_POINTER( NULL ) ) )
    1e24:	2e053410 	mcrcs	4, 0, r3, cr5, cr0, {0}
                    pxPreviousBlock = pxBlock;
    1e28:	2e07052e 	cdpcs	5, 0, cr0, cr7, cr14, {1}
                    pxBlock = heapPROTECT_BLOCK_POINTER( pxBlock->pxNextFreeBlock );
    1e2c:	40301105 	eorsmi	r1, r0, r5, lsl #2
                while( ( pxBlock->xBlockSize < xWantedSize ) && ( pxBlock->pxNextFreeBlock != heapPROTECT_BLOCK_POINTER( NULL ) ) )
    1e30:	05330c05 	ldreq	r0, [r3, #-3077]!	@ 0xfffff3fb
    1e34:	05022101 	streq	r2, [r2, #-257]	@ 0xfffffeff
    1e38:	Address 0x1e38 is out of bounds.


Disassembly of section .debug_info:

00000000 <.debug_info>:
       0:	00000022 	andeq	r0, r0, r2, lsr #32
       4:	00000002 	andeq	r0, r0, r2
       8:	01040000 	mrseq	r0, (UNDEF: 4)
       c:	00000000 	andeq	r0, r0, r0
      10:	000001d4 	ldrdeq	r0, [r0], -r4
      14:	000001da 	ldrdeq	r0, [r0], -sl
      18:	00000000 	andeq	r0, r0, r0
      1c:	00000007 	andeq	r0, r0, r7
      20:	00000014 	andeq	r0, r0, r4, lsl r0
      24:	033a8001 	teqeq	sl, #1
      28:	00050000 	andeq	r0, r5, r0
      2c:	00140401 	andseq	r0, r4, r1, lsl #8
      30:	b20c0000 	andlt	r0, ip, #0
      34:	1d000001 	stcne	0, cr0, [r0, #-4]
      38:	0000006a 	andeq	r0, r0, sl, rrx
      3c:	00000007 	andeq	r0, r0, r7
      40:	000001dc 	ldrdeq	r0, [r0], -ip
      44:	0000011c 	andeq	r0, r0, ip, lsl r1
      48:	00000035 	andeq	r0, r0, r5, lsr r0
      4c:	6905040d 	stmdbvs	r5, {r0, r2, r3, sl}
      50:	0e00746e 	cdpeq	4, 0, cr7, cr0, cr14, {3}
      54:	00000026 	andeq	r0, r0, r6, lsr #32
      58:	70070403 	andvc	r0, r7, r3, lsl #8
      5c:	03000001 	movweq	r0, #1
      60:	01850508 	orreq	r0, r5, r8, lsl #10
      64:	08030000 	stmdaeq	r3, {}	@ <UNPREDICTABLE>
      68:	0001fc04 	andeq	pc, r1, r4, lsl #24
      6c:	06010300 	streq	r0, [r1], -r0, lsl #6
      70:	000000e5 	andeq	r0, r0, r5, ror #1
      74:	00003302 	andeq	r3, r0, r2, lsl #6
      78:	182b0200 	stmdane	fp!, {r9}
      7c:	0000005a 	andeq	r0, r0, sl, asr r0
      80:	e3080103 	movw	r0, #33027	@ 0x8103
      84:	03000000 	movweq	r0, #0
      88:	00940502 	addseq	r0, r4, r2, lsl #10
      8c:	02030000 	andeq	r0, r3, #0
      90:	00010007 	andeq	r0, r1, r7
      94:	00ba0200 	adcseq	r0, sl, r0, lsl #4
      98:	4d020000 	stcmi	0, cr0, [r2, #-0]
      9c:	00007b18 	andeq	r7, r0, r8, lsl fp
      a0:	05040300 	streq	r0, [r4, #-768]	@ 0xfffffd00
      a4:	0000018a 	andeq	r0, r0, sl, lsl #3
      a8:	00012702 	andeq	r2, r1, r2, lsl #14
      ac:	194f0200 	stmdbne	pc, {r9}^	@ <UNPREDICTABLE>
      b0:	0000008e 	andeq	r0, r0, lr, lsl #1
      b4:	6b070403 	blvs	1c10c8 <_edata+0x1bdf54>
      b8:	03000001 	movweq	r0, #1
      bc:	01660708 	cmneq	r6, r8, lsl #14
      c0:	35020000 	strcc	r0, [r2, #-0]
      c4:	03000000 	movweq	r0, #0
      c8:	004e1318 	subeq	r1, lr, r8, lsl r3
      cc:	9c040000 	stcls	0, cr0, [r4], {-0}
      d0:	02000000 	andeq	r0, r0, #0
      d4:	000000bc 	strheq	r0, [r0], -ip
      d8:	6f132c03 	svcvs	0x00132c03
      dc:	02000000 	andeq	r0, r0, #0
      e0:	00000129 	andeq	r0, r0, r9, lsr #2
      e4:	82143003 	andshi	r3, r4, #3
      e8:	02000000 	andeq	r0, r0, #0
      ec:	000000c4 	andeq	r0, r0, r4, asr #1
      f0:	d1112404 	tstle	r1, r4, lsl #8
      f4:	05000000 	streq	r0, [r0, #-0]
      f8:	000000d6 	ldrdeq	r0, [r0], -r6
      fc:	0000e10f 	andeq	lr, r0, pc, lsl #2
     100:	00e10100 	rsceq	r0, r1, r0, lsl #2
     104:	10000000 	andne	r0, r0, r0
     108:	00e10404 	rsceq	r0, r1, r4, lsl #8
     10c:	46020000 	strmi	r0, [r2], -r0
     110:	05000001 	streq	r0, [r0, #-1]
     114:	00b91a3a 	adcseq	r1, r9, sl, lsr sl
     118:	e8040000 	stmda	r4, {}	@ <UNPREDICTABLE>
     11c:	02000000 	andeq	r0, r0, #0
     120:	00000209 	andeq	r0, r0, r9, lsl #4
     124:	7b1a3b05 	blvc	68ed40 <_edata+0x68bbcc>
     128:	04000000 	streq	r0, [r0], #-0
     12c:	000000f9 	strdeq	r0, [r0], -r9
     130:	00020802 	andeq	r0, r2, r2, lsl #16
     134:	1a3c0500 	bne	f0153c <_edata+0xefe3c8>
     138:	0000008e 	andeq	r0, r0, lr, lsl #1
     13c:	00010a04 	andeq	r0, r1, r4, lsl #20
     140:	00430200 	subeq	r0, r3, r0, lsl #4
     144:	42050000 	andmi	r0, r5, #0
     148:	0000b91a 	andeq	fp, r0, sl, lsl r9
     14c:	004e0200 	subeq	r0, lr, r0, lsl #4
     150:	5f060000 	svcpl	0x00060000
     154:	0001332e 	andeq	r3, r1, lr, lsr #6
     158:	01380500 	teqeq	r8, r0, lsl #10
     15c:	320a0000 	andcc	r0, sl, #0
     160:	05000001 	streq	r0, [r0, #-1]
     164:	0000014e 	andeq	r0, r0, lr, asr #2
     168:	00013d04 	andeq	r3, r1, r4, lsl #26
     16c:	08010300 	stmdaeq	r1, {r8, r9}
     170:	000000ec 	andeq	r0, r0, ip, ror #1
     174:	00014704 	andeq	r4, r1, r4, lsl #14
     178:	00720200 	rsbseq	r0, r2, r0, lsl #4
     17c:	33070000 	movwcc	r0, #28672	@ 0x7000
     180:	00015f24 	andeq	r5, r1, r4, lsr #30
     184:	01640500 	cmneq	r4, r0, lsl #10
     188:	d30a0000 	movwle	r0, #40960	@ 0xa000
     18c:	11000000 	mrsne	r0, (UNDEF: 0)
     190:	0000147e 	andeq	r1, r0, lr, ror r4
     194:	530f0601 	movwpl	r0, #62977	@ 0xf601
     198:	05000001 	streq	r0, [r0, #-1]
     19c:	00000403 	andeq	r0, r0, r3, lsl #8
     1a0:	00200620 	eoreq	r0, r0, r0, lsr #12
     1a4:	b92a0000 	stmdblt	sl!, {}	@ <UNPREDICTABLE>
     1a8:	06000000 	streq	r0, [r0], -r0
     1ac:	000000f1 	strdeq	r0, [r0], -r1
     1b0:	0000b92b 	andeq	fp, r0, fp, lsr #18
     1b4:	00f80600 	rscseq	r0, r8, r0, lsl #12
     1b8:	b92c0000 	stmdblt	ip!, {}	@ <UNPREDICTABLE>
     1bc:	06000000 	streq	r0, [r0], -r0
     1c0:	00000160 	andeq	r0, r0, r0, ror #2
     1c4:	0000b92d 	andeq	fp, r0, sp, lsr #18
     1c8:	003d0600 	eorseq	r0, sp, r0, lsl #12
     1cc:	b92e0000 	stmdblt	lr!, {}	@ <UNPREDICTABLE>
     1d0:	12000000 	andne	r0, r0, #0
	b start
     1d4:	00000080 	andeq	r0, r0, r0, lsl #1
	b .
     1d8:	0605ef06 	streq	lr, [r5], -r6, lsl #30
static void vTask1(void *pvParameters){
     1dc:	00021408 	andeq	r1, r2, r8, lsl #8
     1e0:	01810600 	orreq	r0, r1, r0, lsl #12
	ValueToSend = (int32_t) pvParameters;
     1e4:	0000f910 	andeq	pc, r0, r0, lsl r9	@ <UNPREDICTABLE>
	xstatus = xQueueSendToBack(xQueue, &ValueToSend, 0);
     1e8:	0001e600 	andeq	lr, r1, r0, lsl #12
     1ec:	00c50100 	sbceq	r0, r5, r0, lsl #2
     1f0:	42010000 	andmi	r0, r1, #0
     1f4:	01000001 	tsteq	r0, r1
     1f8:	000000f4 	strdeq	r0, [r0], -r4
	volatile int a = 0;
     1fc:	0000e301 	andeq	lr, r0, r1, lsl #6
		a++;
     200:	010a0100 	mrseq	r0, (UNDEF: 26)
     204:	eb010000 	bl	4020c <_edata+0x3d098>
     208:	00000001 	andeq	r0, r0, r1
static void vTask2(void *pvParameters){
     20c:	00012705 	andeq	r2, r1, r5, lsl #14
     210:	01e60400 	mvneq	r0, r0, lsl #8
	xStatus = xQueueReceive( xQueue, &lReceivedValue, 0 );
     214:	13080000 	movwne	r0, #32768	@ 0x8000
     218:	07000001 	streq	r0, [r0, -r1]
     21c:	53130644 	tstpl	r3, #68, 12	@ 0x4400000
     220:	11000001 	tstne	r0, r1
     224:	01000002 	tsteq	r0, r2
	volatile int b = 0;
     228:	00000116 	andeq	r0, r0, r6, lsl r1
		b++;
     22c:	00011601 	andeq	r1, r1, r1, lsl #12
     230:	00a80100 	adceq	r0, r8, r0, lsl #2
     234:	08000000 	stmdaeq	r0, {}	@ <UNPREDICTABLE>
{
     238:	0000009e 	muleq	r0, lr, r0
     23c:	0c039107 	stceq	1, cr9, [r3], {7}
	uint32_t *src = &_sidata;
     240:	000000f9 	strdeq	r0, [r0], -r9
	uint32_t *dst = &_sdata;
     244:	00000232 	andeq	r0, r0, r2, lsr r2
		*dst++ = *src++;
     248:	00015301 	andeq	r5, r1, r1, lsl #6
     24c:	00e30100 	rsceq	r0, r3, r0, lsl #2
     250:	1b010000 	blne	40258 <_edata+0x3d0e4>
     254:	00000001 	andeq	r0, r0, r1
	while(dst < &_edata){
     258:	0001a008 	andeq	sl, r1, r8
     25c:	02ae0700 	adceq	r0, lr, #0, 14
	dst = &_sbss;
     260:	0000f90c 	andeq	pc, r0, ip, lsl #18
	while(dst < &_ebss){
     264:	00025800 	andeq	r5, r2, r0, lsl #16
		*dst++ = 0;
     268:	01530100 	cmpeq	r3, r0, lsl #2
     26c:	5d010000 	stcpl	0, cr0, [r1, #-0]
	while(dst < &_ebss){
     270:	01000002 	tsteq	r0, r2
     274:	0000011b 	andeq	r0, r0, fp, lsl r1
	xQueue = xQueueCreate( 5, sizeof( int32_t ) );
     278:	00010501 	andeq	r0, r1, r1, lsl #10
     27c:	62050000 	andvs	r0, r5, #0
     280:	04000002 	streq	r0, [r0], #-2
     284:	00000258 	andeq	r0, r0, r8, asr r2
	if( xQueue != NULL )
     288:	01521413 	cmpeq	r2, r3, lsl r4
     28c:	30010000 	andcc	r0, r1, r0
		xReturn = xTaskCreate(vTask1, "T1", configMINIMAL_STACK_SIZE, NULL, 1, NULL);
     290:	00023806 	andeq	r3, r2, r6, lsl #16
     294:	0000c000 	andeq	ip, r0, r0
     298:	a49c0100 	ldrge	r0, [ip], #256	@ 0x100
     29c:	07000002 	streq	r0, [r0, -r2]
     2a0:	000007e3 	andeq	r0, r0, r3, ror #15
     2a4:	00f90d32 	rscseq	r0, r9, r2, lsr sp
		xReturn = xTaskCreate(vTask2, "T2", configMINIMAL_STACK_SIZE, NULL, 1, NULL);
     2a8:	91020000 	mrsls	r0, (UNDEF: 2)
     2ac:	7273096c 	rsbsvc	r0, r3, #108, 18	@ 0x1b0000
     2b0:	0c340063 	ldceq	0, cr0, [r4], #-396	@ 0xfffffe74
     2b4:	000002a4 	andeq	r0, r0, r4, lsr #5
     2b8:	09749102 	ldmdbeq	r4!, {r1, r8, ip, pc}^
     2bc:	00747364 	rsbseq	r7, r4, r4, ror #6
		vTaskStartScheduler();
     2c0:	02a40c35 	adceq	r0, r4, #13568	@ 0x3500
	return ;
     2c4:	91020000 	mrsls	r0, (UNDEF: 2)
     2c8:	b9050070 	stmdblt	r5, {r4, r5, r6}
     2cc:	15000000 	strne	r0, [r0, #-0]
     2d0:	000000b3 	strheq	r0, [r0], -r3
     2d4:	0c0d1a01 			@ <UNDEFINED> instruction: 0x0c0d1a01
     2d8:	2c000002 	stccs	0, cr0, [r0], {2}
     2dc:	01000000 	mrseq	r0, (UNDEF: 0)
     2e0:	0002f59c 	muleq	r2, ip, r5
     2e4:	01930b00 	orrseq	r0, r3, r0, lsl #22
     2e8:	e11a0000 	tst	sl, r0
     2ec:	02000000 	andeq	r0, r0, #0
     2f0:	5b076491 	blpl	1d953c <_edata+0x1d63c8>
     2f4:	1c000000 	stcne	0, cr0, [r0], {-0}
{
     2f8:	0000ad0a 	andeq	sl, r0, sl, lsl #26
     2fc:	70910200 	addsvc	r0, r1, r0, lsl #4
     300:	00017d07 	andeq	r7, r1, r7, lsl #26
    unsigned char *ptr = (unsigned char*)dst;
     304:	f90d1d00 			@ <UNDEFINED> instruction: 0xf90d1d00
    unsigned char byte_value = (unsigned char)value;
     308:	02000000 	andeq	r0, r0, #0
    while( size > 0)
     30c:	62097491 	andvs	r7, r9, #-1862270976	@ 0x91000000
        *ptr = byte_value;
     310:	2d0f2400 	stccs	4, cr2, [pc, #-0]	@ 318 <memset+0x20>
        ptr++;
     314:	02000000 	andeq	r0, r0, #0
     318:	16006c91 			@ <UNDEFINED> instruction: 0x16006c91
        size--;
     31c:	000000ac 	andeq	r0, r0, ip, lsr #1
    while( size > 0)
     320:	dc0d0801 	stcle	8, cr0, [sp], {1}
     324:	30000001 	andcc	r0, r0, r1
}
     328:	01000000 	mrseq	r0, (UNDEF: 0)
     32c:	01930b9c 			@ <UNDEFINED> instruction: 0x01930b9c
     330:	e1080000 	mrs	r0, (UNDEF: 8)
{
     334:	02000000 	andeq	r0, r0, #0
     338:	58076491 	stmdapl	r7, {r0, r4, r7, sl, sp, lr}
     33c:	09000001 	stmdbeq	r0, {r0}
     340:	0000f90d 	andeq	pc, r0, sp, lsl #18
     344:	74910200 	ldrvc	r0, [r1], #512	@ 0x200
     348:	00002707 	andeq	r2, r0, r7, lsl #14
    {
     34c:	ad0a0a00 	vstrge	s0, [sl, #-0]
     350:	02000000 	andeq	r0, r0, #0
     354:	61097091 	swpvs	r7, r1, [r9]
     358:	2d0f1400 	stccs	4, cr1, [pc, #-0]	@ 360 <prvCreateTask+0x14>
            pxStack = pvPortMallocStack( ( ( ( size_t ) uxStackDepth ) * sizeof( StackType_t ) ) );
     35c:	02000000 	andeq	r0, r0, #0
     360:	00006c91 	muleq	r0, r1, ip
     364:	000000e9 	andeq	r0, r0, r9, ror #1
            if( pxStack != NULL )
     368:	04010005 	streq	r0, [r1], #-5
                pxNewTCB = ( TCB_t * ) pvPortMalloc( sizeof( TCB_t ) );
     36c:	0000015c 	andeq	r0, r0, ip, asr r1
     370:	0001b206 	andeq	fp, r1, r6, lsl #4
                if( pxNewTCB != NULL )
     374:	02201d00 	eoreq	r1, r0, #0, 26
     378:	00070000 	andeq	r0, r7, r0
                    ( void ) memset( ( void * ) pxNewTCB, 0x00, sizeof( TCB_t ) );
     37c:	02f80000 	rscseq	r0, r8, #0
     380:	00520000 	subseq	r0, r2, r0
                    pxNewTCB->pxStack = pxStack;
     384:	01d00000 	bicseq	r0, r0, r0
     388:	3c030000 	stccc	0, cr0, [r3], {-0}
                    vPortFreeStack( pxStack );
     38c:	0f000002 	svceq	0x00000002
     390:	00000069 	andeq	r0, r0, r9, rrx
                pxNewTCB = NULL;
     394:	00000332 	andeq	r0, r0, r2, lsr r3
        if( pxNewTCB != NULL )
     398:	00000018 	andeq	r0, r0, r8, lsl r0
     39c:	00699c01 	rsbeq	r9, r9, r1, lsl #24
            prvInitialiseNewTask( pxTaskCode, pcName, uxStackDepth, pvParameters, uxPriority, pxCreatedTask, pxNewTCB, NULL );
     3a0:	64010000 	strvs	r0, [r1], #-0
     3a4:	0f007473 	svceq	0x00007473
     3a8:	00006914 	andeq	r6, r0, r4, lsl r9
     3ac:	74910200 	ldrvc	r0, [r1], #512	@ 0x200
     3b0:	63727301 	cmnvs	r2, #67108864	@ 0x4000000
     3b4:	6b250f00 	blvs	943fbc <_edata+0x940e48>
     3b8:	02000000 	andeq	r0, r0, #0
    }
     3bc:	30027091 	mulcc	r2, r1, r0
     3c0:	0f000002 	svceq	0x00000002
    {
     3c4:	00007137 	andeq	r7, r0, r7, lsr r1
     3c8:	6c910200 	ldcvs	2, cr0, [r1], {0}
     3cc:	04040700 	streq	r0, [r4], #-1792	@ 0xfffff900
     3d0:	00000070 	andeq	r0, r0, r0, ror r0
        pxNewTCB = prvCreateTask( pxTaskCode, pcName, uxStackDepth, pvParameters, uxPriority, pxCreatedTask );
     3d4:	07040508 	streq	r0, [r4, -r8, lsl #10]
     3d8:	00000170 	andeq	r0, r0, r0, ror r1
     3dc:	00023503 	andeq	r3, r2, r3, lsl #10
     3e0:	00690100 	rsbeq	r0, r9, r0, lsl #2
     3e4:	02f80000 	rscseq	r0, r8, #0
        if( pxNewTCB != NULL )
     3e8:	003a0000 	eorseq	r0, sl, r0
     3ec:	9c010000 	stcls	0, cr0, [r1], {-0}
            prvAddNewTaskToReadyList( pxNewTCB );
     3f0:	000000d9 	ldrdeq	r0, [r0], -r9
            xReturn = pdPASS;
     3f4:	74736401 	ldrbtvc	r6, [r3], #-1025	@ 0xfffffbff
     3f8:	69140100 	ldmdbvs	r4, {r8}
            xReturn = errCOULD_NOT_ALLOCATE_REQUIRED_MEMORY;
     3fc:	02000000 	andeq	r0, r0, #0
        return xReturn;
     400:	48026c91 	stmdami	r2, {r0, r4, r7, sl, fp, sp, lr}
    }
     404:	01000002 	tsteq	r0, r2
     408:	0000d91d 	andeq	sp, r0, sp, lsl r9
{
     40c:	68910200 	ldmvs	r1, {r9}
     410:	00023002 	andeq	r3, r2, r2
     414:	71310100 	teqvc	r1, r0, lsl #2
        pxTopOfStack = &( pxNewTCB->pxStack[ uxStackDepth - ( configSTACK_DEPTH_TYPE ) 1 ] );
     418:	02000000 	andeq	r0, r0, #0
     41c:	70096491 	mulvc	r9, r1, r4
     420:	01007274 	tsteq	r0, r4, ror r2
     424:	00e01403 	rsceq	r1, r0, r3, lsl #8
     428:	91020000 	mrsls	r0, (UNDEF: 2)
        pxTopOfStack = ( StackType_t * ) ( ( ( portPOINTER_SIZE_TYPE ) pxTopOfStack ) & ( ~( ( portPOINTER_SIZE_TYPE ) portBYTE_ALIGNMENT_MASK ) ) );
     42c:	02430a74 	subeq	r0, r3, #116, 20	@ 0x74000
     430:	04010000 	streq	r0, [r1], #-0
    if( pcName != NULL )
     434:	0000e513 	andeq	lr, r0, r3, lsl r5
        for( x = ( UBaseType_t ) 0; x < ( UBaseType_t ) configMAX_TASK_NAME_LEN; x++ )
     438:	73910200 	orrsvc	r0, r1, #0, 4
     43c:	05040b00 	streq	r0, [r4, #-2816]	@ 0xfffff500
            pxNewTCB->pcTaskName[ x ] = pcName[ x ];
     440:	00746e69 	rsbseq	r6, r4, r9, ror #28
     444:	0000e504 	andeq	lr, r0, r4, lsl #10
     448:	08010500 	stmdaeq	r1, {r8, sl}
     44c:	000000e3 	andeq	r0, r0, r3, ror #1
     450:	00160e00 	andseq	r0, r6, r0, lsl #28
            if( pcName[ x ] == ( char ) 0x00 )
     454:	01000500 	tsteq	r0, r0, lsl #10
     458:	00020104 	andeq	r0, r2, r4, lsl #2
     45c:	01b22400 			@ <UNDEFINED> instruction: 0x01b22400
        for( x = ( UBaseType_t ) 0; x < ( UBaseType_t ) configMAX_TASK_NAME_LEN; x++ )
     460:	941d0000 	ldrls	r0, [sp], #-0
     464:	07000008 	streq	r0, [r0, -r8]
     468:	4c000000 	stcmi	0, cr0, [r0], {-0}
                break;
     46c:	ec000003 	stc	0, cr0, [r0], {3}
        pxNewTCB->pcTaskName[ configMAX_TASK_NAME_LEN - 1U ] = '\0';
     470:	2c000018 	stccs	0, cr0, [r0], {24}
     474:	05000002 	streq	r0, [r0, #-2]
    if( uxPriority >= ( UBaseType_t ) configMAX_PRIORITIES )
     478:	000005f5 	strdeq	r0, [r0], -r5
        uxPriority = ( UBaseType_t ) configMAX_PRIORITIES - ( UBaseType_t ) 1U;
     47c:	3217d603 	andscc	sp, r7, #3145728	@ 0x300000
    pxNewTCB->uxPriority = uxPriority;
     480:	0a000000 	beq	488 <prvInitialiseNewTask+0x7e>
     484:	01700704 	cmneq	r0, r4, lsl #14
    vListInitialiseItem( &( pxNewTCB->xStateListItem ) );
     488:	04250000 	strteq	r0, [r5], #-0
     48c:	746e6905 	strbtvc	r6, [lr], #-2309	@ 0xfffff6fb
    vListInitialiseItem( &( pxNewTCB->xEventListItem ) );
     490:	05080a00 	streq	r0, [r8, #-2560]	@ 0xfffff600
     494:	00000185 	andeq	r0, r0, r5, lsl #3
     498:	fc04080a 	stc2	8, cr0, [r4], {10}
    listSET_LIST_ITEM_OWNER( &( pxNewTCB->xStateListItem ), pxNewTCB );
     49c:	0a000001 	beq	4a8 <prvInitialiseNewTask+0x9e>
    listSET_LIST_ITEM_VALUE( &( pxNewTCB->xEventListItem ), ( TickType_t ) configMAX_PRIORITIES - ( TickType_t ) uxPriority );
     4a0:	00e50601 	rsceq	r0, r5, r1, lsl #12
     4a4:	33050000 	movwcc	r0, #20480	@ 0x5000
     4a8:	04000000 	streq	r0, [r0], #-0
    listSET_LIST_ITEM_OWNER( &( pxNewTCB->xEventListItem ), pxNewTCB );
     4ac:	0061182b 	rsbeq	r1, r1, fp, lsr #16
            pxNewTCB->pxTopOfStack = pxPortInitialiseStack( pxTopOfStack, pxTaskCode, pvParameters );
     4b0:	010a0000 	mrseq	r0, (UNDEF: 10)
     4b4:	0000e308 	andeq	lr, r0, r8, lsl #6
     4b8:	05020a00 	streq	r0, [r2, #-2560]	@ 0xfffff600
     4bc:	00000094 	muleq	r0, r4, r0
    if( pxCreatedTask != NULL )
     4c0:	0007020a 	andeq	r0, r7, sl, lsl #4
     4c4:	0a000001 	beq	4d0 <prvInitialiseNewTask+0xc6>
        *pxCreatedTask = ( TaskHandle_t ) pxNewTCB;
     4c8:	018a0504 	orreq	r0, sl, r4, lsl #10
}
     4cc:	27050000 	strcs	r0, [r5, -r0]
     4d0:	04000001 	streq	r0, [r0], #-1
    {
     4d4:	0089194f 	addeq	r1, r9, pc, asr #18
     4d8:	040a0000 	streq	r0, [sl], #-0
        taskENTER_CRITICAL();
     4dc:	00016b07 	andeq	r6, r1, r7, lsl #22
            uxCurrentNumberOfTasks = ( UBaseType_t ) ( uxCurrentNumberOfTasks + 1U );
     4e0:	07080a00 	streq	r0, [r8, -r0, lsl #20]
     4e4:	00000166 	andeq	r0, r0, r6, ror #2
     4e8:	97060426 	strls	r0, [r6, -r6, lsr #8]
            if( pxCurrentTCB == NULL )
     4ec:	04000000 	streq	r0, [r0], #-0
     4f0:	000000a3 	andeq	r0, r0, r3, lsr #1
                pxCurrentTCB = pxNewTCB;
     4f4:	ec08010a 	stc	1, cr0, [r8], {10}
                if( uxCurrentNumberOfTasks == ( UBaseType_t ) 1 )
     4f8:	06000000 	streq	r0, [r0], -r0
     4fc:	000000a3 	andeq	r0, r0, r3, lsr #1
                    prvInitialiseTaskLists();
     500:	0000aa04 	andeq	sl, r0, r4, lsl #20
     504:	00af0600 	adceq	r0, pc, r0, lsl #12
                if( xSchedulerRunning == pdFALSE )
     508:	35050000 	strcc	r0, [r5, #-0]
     50c:	05000000 	streq	r0, [r0, #-0]
                    if( pxCurrentTCB->uxPriority <= pxNewTCB->uxPriority )
     510:	00551318 	subseq	r1, r5, r8, lsl r3
     514:	b90b0000 	stmdblt	fp, {}	@ <UNPREDICTABLE>
     518:	05000000 	streq	r0, [r0, #-0]
                        pxCurrentTCB = pxNewTCB;
     51c:	00000129 	andeq	r0, r0, r9, lsr #2
     520:	7d143005 	ldcvc	0, cr3, [r4, #-20]	@ 0xffffffec
            uxTaskNumber++;
     524:	0b000000 	bleq	52c <prvAddNewTaskToReadyList+0x58>
     528:	000000ca 	andeq	r0, r0, sl, asr #1
            prvAddTaskToReadyList( pxNewTCB );
     52c:	0000c405 	andeq	ip, r0, r5, lsl #8
     530:	11240600 			@ <UNDEFINED> instruction: 0x11240600
     534:	000000e7 	andeq	r0, r0, r7, ror #1
     538:	0000ec04 	andeq	lr, r0, r4, lsl #24
     53c:	00f72700 	rscseq	r2, r7, r0, lsl #14
     540:	97080000 	strls	r0, [r8, -r0]
     544:	00000000 	andeq	r0, r0, r0
     548:	00014605 	andeq	r4, r1, r5, lsl #12
     54c:	1a3a0200 	bne	e80d54 <_edata+0xe7dbe0>
     550:	000000ca 	andeq	r0, r0, sl, asr #1
     554:	0000f70b 	andeq	pc, r0, fp, lsl #14
     558:	00f70600 	rscseq	r0, r7, r0, lsl #12
     55c:	09050000 	stmdbeq	r5, {}	@ <UNPREDICTABLE>
     560:	02000002 	andeq	r0, r0, #2
     564:	00761a3b 	rsbseq	r1, r6, fp, lsr sl
     568:	0d0b0000 	stceq	0, cr0, [fp, #-0]
     56c:	06000001 	streq	r0, [r0], -r1
     570:	0000010d 	andeq	r0, r0, sp, lsl #2
     574:	00020805 	andeq	r0, r2, r5, lsl #16
     578:	1a3c0200 	bne	f00d80 <_edata+0xefdc0c>
     57c:	00000089 	andeq	r0, r0, r9, lsl #1
     580:	0001230b 	andeq	r2, r1, fp, lsl #6
     584:	012f0600 			@ <UNDEFINED> instruction: 0x012f0600
     588:	43050000 	movwmi	r0, #20480	@ 0x5000
     58c:	02000000 	andeq	r0, r0, #0
     590:	00ca1a42 	sbceq	r1, sl, r2, asr #20
     594:	390b0000 	stmdbcc	fp, {}	@ <UNPREDICTABLE>
     598:	06000001 	streq	r0, [r0], -r1
     59c:	00000139 	andeq	r0, r0, r9, lsr r1
     5a0:	00036a12 	andeq	r6, r3, r2, lsl sl
     5a4:	90071400 	andls	r1, r7, r0, lsl #8
     5a8:	00019e08 	andeq	r9, r1, r8, lsl #28
     5ac:	09e20700 	stmibeq	r2!, {r8, r9, sl}^
        taskEXIT_CRITICAL();
     5b0:	93070000 	movwls	r0, #28672	@ 0x7000
        if( xSchedulerRunning != pdFALSE )
     5b4:	00013924 	andeq	r3, r1, r4, lsr #18
     5b8:	66070000 	strvs	r0, [r7], -r0
            taskYIELD_ANY_CORE_IF_USING_PREEMPTION( pxNewTCB );
     5bc:	07000008 	streq	r0, [r0, -r8]
     5c0:	019e2d94 			@ <UNDEFINED> instruction: 0x019e2d94
     5c4:	07040000 	streq	r0, [r4, -r0]
     5c8:	00000596 	muleq	r0, r6, r5
     5cc:	9e2d9507 	cdpls	5, 2, cr9, cr13, cr7, {0}
     5d0:	08000001 	stmdaeq	r0, {r0}
     5d4:	000b5507 	andeq	r5, fp, r7, lsl #10
    }
     5d8:	0c960700 	ldceq	7, cr0, [r6], {0}
     5dc:	00000097 	muleq	r0, r7, r0
     5e0:	0989070c 	stmibeq	r9, {r2, r3, r8, r9, sl}
     5e4:	97070000 	strls	r0, [r7, -r0]
     5e8:	0001d828 	andeq	sp, r1, r8, lsr #16
     5ec:	04001000 	streq	r1, [r0], #-0
     5f0:	0000014f 	andeq	r0, r0, pc, asr #2
     5f4:	00062212 	andeq	r2, r6, r2, lsl r2
     5f8:	ac071400 	stcge	4, cr1, [r7], {-0}
{
     5fc:	0001d810 	andeq	sp, r1, r0, lsl r8
     600:	02610700 	rsbeq	r0, r1, #0, 14
    BaseType_t xReturn = pdPASS;
     604:	af070000 	svcge	0x00070000
    char cIdleName[ configMAX_TASK_NAME_LEN ] = { 0 };
     608:	00012325 	andeq	r2, r1, r5, lsr #6
     60c:	3c070000 	stccc	0, cr0, [r7], {-0}
     610:	07000003 	streq	r0, [r0, -r3]
    TaskFunction_t pxIdleTaskFunction = NULL;
     614:	022a26b0 	eoreq	r2, sl, #176, 12	@ 0xb000000
    for( xIdleTaskNameIndex = 0U; xIdleTaskNameIndex < ( configMAX_TASK_NAME_LEN - taskRESERVED_TASK_NAME_LENGTH ); xIdleTaskNameIndex++ )
     618:	07040000 	streq	r0, [r4, -r0]
        cIdleName[ xIdleTaskNameIndex ] = configIDLE_TASK_NAME[ xIdleTaskNameIndex ];
     61c:	00000716 	andeq	r0, r0, r6, lsl r7
     620:	1e14b107 	cdpne	1, 1, cr11, cr4, cr7, {0}
     624:	08000002 	stmdaeq	r0, {r1}
     628:	01a30400 			@ <UNDEFINED> instruction: 0x01a30400
     62c:	3b050000 	blcc	140634 <_edata+0x13d4c0>
        if( cIdleName[ xIdleTaskNameIndex ] == ( char ) 0x00 )
     630:	07000007 	streq	r0, [r0, -r7]
     634:	014f1b9a 			@ <UNDEFINED> instruction: 0x014f1b9a
     638:	07120000 	ldreq	r0, [r2, -r0]
    for( xIdleTaskNameIndex = 0U; xIdleTaskNameIndex < ( configMAX_TASK_NAME_LEN - taskRESERVED_TASK_NAME_LENGTH ); xIdleTaskNameIndex++ )
     63c:	0c000006 	stceq	0, cr0, [r0], {6}
     640:	1e0c9d07 	cdpne	13, 0, cr9, cr12, cr7, {0}
     644:	07000002 	streq	r0, [r0, -r2]
            break;
     648:	000009e2 	andeq	r0, r0, r2, ror #19
    cIdleName[ xIdleTaskNameIndex ] = '\0';
     64c:	3928a007 	stmdbcc	r8!, {r0, r1, r2, sp, pc}
     650:	00000001 	andeq	r0, r0, r1
    for( xCoreID = ( BaseType_t ) 0; xCoreID < ( BaseType_t ) configNUMBER_OF_CORES; xCoreID++ )
     654:	00086607 	andeq	r6, r8, r7, lsl #12
     658:	31a10700 			@ <UNDEFINED> instruction: 0x31a10700
            pxIdleTaskFunction = &prvIdleTask;
     65c:	0000019e 	muleq	r0, lr, r1
            xReturn = xTaskCreate( pxIdleTaskFunction,
     660:	05960704 	ldreq	r0, [r6, #1796]	@ 0x704
     664:	a2070000 	andge	r0, r7, #0
     668:	00019e31 	andeq	r9, r1, r1, lsr lr
     66c:	05000800 	streq	r0, [r0, #-2048]	@ 0xfffff800
     670:	00000737 	andeq	r0, r0, r7, lsr r7
     674:	e924a407 	stmdb	r4!, {r0, r1, r2, sl, sp, pc}
     678:	04000001 	streq	r0, [r0], #-1
        if( xReturn != pdPASS )
     67c:	000001dd 	ldrdeq	r0, [r0], -sp
     680:	00022a06 	andeq	r2, r2, r6, lsl #20
    for( xCoreID = ( BaseType_t ) 0; xCoreID < ( BaseType_t ) configNUMBER_OF_CORES; xCoreID++ )
     684:	09260500 	stmdbeq	r6!, {r8, sl}
     688:	b3070000 	movwlt	r0, #28672	@ 0x7000
     68c:	0001a303 	andeq	sl, r1, r3, lsl #6
            break;
     690:	02340600 	eorseq	r0, r4, #0, 12
}
     694:	4e050000 	cdpmi	0, 0, cr0, cr5, cr0, {0}
     698:	08000000 	stmdaeq	r0, {}	@ <UNPREDICTABLE>
     69c:	02512e5f 	subseq	r2, r1, #1520	@ 0x5f0
     6a0:	56040000 	strpl	r0, [r4], -r0
     6a4:	28000002 	stmdacs	r0, {r1}
{
     6a8:	00000132 	andeq	r0, r0, r2, lsr r1
     6ac:	0176014c 	cmneq	r6, ip, asr #2
    xReturn = prvCreateIdleTasks();
     6b0:	0002cd10 	andeq	ip, r2, r0, lsl sp
    if( xReturn == pdPASS )
     6b4:	0c780d00 	ldcleq	13, cr0, [r8], #-0
     6b8:	01780000 	cmneq	r8, r0
    __asm volatile
     6bc:	0003851c 	andeq	r8, r3, ip, lsl r5
     6c0:	200d0000 	andcs	r0, sp, r0
     6c4:	8200000c 	andhi	r0, r0, #12
     6c8:	01dd1001 	bicseq	r1, sp, r1
}
     6cc:	0d040000 	stceq	0, cr0, [r4, #-0]
        xNextTaskUnblockTime = portMAX_DELAY;
     6d0:	00000b88 	andeq	r0, r0, r8, lsl #23
     6d4:	dd100183 	ldcle	1, cr0, [r0, #-524]	@ 0xfffffdf4
        xSchedulerRunning = pdTRUE;
     6d8:	18000001 	stmdane	r0, {r0}
        xTickCount = ( TickType_t ) configINITIAL_TICK_COUNT;
     6dc:	0002970d 	andeq	r9, r2, sp, lsl #14
     6e0:	11018400 	tstne	r1, r0, lsl #8
        ( void ) xPortStartScheduler();
     6e4:	00000123 	andeq	r0, r0, r3, lsr #2
    ( void ) uxTopUsedPriority;
     6e8:	0a1e0d2c 	beq	783ba0 <_edata+0x780a2c>
}
     6ec:	01850000 	orreq	r0, r5, r0
     6f0:	00038013 	andeq	r8, r3, r3, lsl r0
     6f4:	560d3000 	strpl	r3, [sp], -r0
     6f8:	8a000002 	bhi	708 <vTaskEndScheduler+0x4>
     6fc:	038a0a01 	orreq	r0, sl, #4096	@ 0x1000
     700:	0d340000 	ldceq	0, cr0, [r4, #-0]
{
     704:	00000681 	andeq	r0, r0, r1, lsl #13
     708:	aa1b01b3 	bge	6c0ddc <_edata+0x6bdc68>
    __asm volatile
     70c:	44000003 	strmi	r0, [r0], #-3
     710:	0004990d 	andeq	r9, r4, sp, lsl #18
     714:	1a01b400 	bne	6d71c <_edata+0x6a5a8>
     718:	000003bf 			@ <UNDEFINED> instruction: 0x000003bf
}
     71c:	07290048 	streq	r0, [r9, -r8, asr #32]!
    xSchedulerRunning = pdFALSE;
     720:	00006101 	andeq	r6, r0, r1, lsl #2
    vPortEndScheduler();
     724:	01750800 	cmneq	r5, r0, lsl #16
}
     728:	000002fa 	strdeq	r0, [r0], -sl
     72c:	0002f313 	andeq	pc, r2, r3, lsl r3	@ <UNPREDICTABLE>
     730:	4e130000 	cdpmi	0, 1, cr0, cr3, cr0, {0}
{
     734:	01000009 	tsteq	r0, r9
        uxSchedulerSuspended = ( UBaseType_t ) ( uxSchedulerSuspended + 1U );
     738:	0005fc13 	andeq	pc, r5, r3, lsl ip	@ <UNPREDICTABLE>
     73c:	15130200 	ldrne	r0, [r3, #-512]	@ 0xfffffe00
     740:	03000005 	movweq	r0, #5
}
     744:	0006cc13 	andeq	ip, r6, r3, lsl ip
     748:	05000400 	streq	r0, [r0, #-1024]	@ 0xfffffc00
     74c:	000005e7 	andeq	r0, r0, r7, ror #11
{
     750:	cd037b08 	vstrgt	d7, [r3, #-32]	@ 0xffffffe0
     754:	12000002 	andne	r0, r0, #2
    TCB_t * pxTCB = NULL;
     758:	00000344 	andeq	r0, r0, r4, asr #6
    BaseType_t xAlreadyYielded = pdFALSE;
     75c:	10800808 	addne	r0, r0, r8, lsl #16
        taskENTER_CRITICAL();
     760:	0000032e 	andeq	r0, r0, lr, lsr #6
            const BaseType_t xCoreID = ( BaseType_t ) portGET_CORE_ID();
     764:	00041b07 	andeq	r1, r4, r7, lsl #22
            uxSchedulerSuspended = ( UBaseType_t ) ( uxSchedulerSuspended - 1U );
     768:	10820800 	addne	r0, r2, r0, lsl #16
     76c:	0000010d 	andeq	r0, r0, sp, lsl #2
            if( uxSchedulerSuspended == ( UBaseType_t ) 0U )
     770:	08560700 	ldmdaeq	r6, {r8, r9, sl}^
     774:	83080000 	movwhi	r0, #32768	@ 0x8000
     778:	00013910 	andeq	r3, r1, r0, lsl r9
                if( uxCurrentNumberOfTasks > ( UBaseType_t ) 0U )
     77c:	05000400 	streq	r0, [r0, #-1024]	@ 0xfffffc00
     780:	000008c1 	andeq	r0, r0, r1, asr #17
                    while( listLIST_IS_EMPTY( &xPendingReadyList ) == pdFALSE )
     784:	06038408 	streq	r8, [r3], -r8, lsl #8
                        pxTCB = listGET_OWNER_OF_HEAD_ENTRY( ( &xPendingReadyList ) );
     788:	12000003 	andne	r0, r0, #3
     78c:	00000957 	andeq	r0, r0, r7, asr r9
                        listREMOVE_ITEM( &( pxTCB->xEventListItem ) );
     790:	1089080c 	addne	r0, r9, ip, lsl #16
     794:	0000036f 	andeq	r0, r0, pc, ror #6
     798:	000acc07 	andeq	ip, sl, r7, lsl #24
     79c:	0c8b0800 	stceq	8, cr0, [fp], {0}
     7a0:	00000097 	muleq	r0, r7, r0
     7a4:	082a0700 	stmdaeq	sl!, {r8, r9, sl}
     7a8:	8c080000 	stchi	0, cr0, [r8], {-0}
     7ac:	0000ca0e 	andeq	ip, r0, lr, lsl #20
     7b0:	5f070400 	svcpl	0x00070400
     7b4:	08000004 	stmdaeq	r0, {r2}
     7b8:	00ca0e8d 	sbceq	r0, sl, sp, lsl #29
     7bc:	00080000 	andeq	r0, r8, r0
     7c0:	00079505 	andeq	r9, r7, r5, lsl #10
     7c4:	038e0800 	orreq	r0, lr, #0, 16
     7c8:	0000033a 	andeq	r0, r0, sl, lsr r3
                        listREMOVE_ITEM( &( pxTCB->xStateListItem ) );
     7cc:	00036f06 	andeq	r6, r3, r6, lsl #30
     7d0:	00f70400 	rscseq	r0, r7, r0, lsl #8
     7d4:	03040000 	movweq	r0, #16384	@ 0x4000
     7d8:	10000001 	andne	r0, r0, r1
     7dc:	000000a3 	andeq	r0, r0, r3, lsr #1
     7e0:	0000039a 	muleq	r0, sl, r3
     7e4:	00003211 	andeq	r3, r0, r1, lsl r2
     7e8:	10000f00 	andne	r0, r0, r0, lsl #30
     7ec:	000000d6 	ldrdeq	r0, [r0], -r6
     7f0:	000003aa 	andeq	r0, r0, sl, lsr #7
     7f4:	00003211 	andeq	r3, r0, r1, lsl r2
     7f8:	0b000000 	bleq	800 <xTaskResumeAll+0xb0>
     7fc:	0000039a 	muleq	r0, sl, r3
     800:	0000c510 	andeq	ip, r0, r0, lsl r5
     804:	0003bf00 	andeq	fp, r3, r0, lsl #30
     808:	00321100 	eorseq	r1, r2, r0, lsl #2
                        prvAddTaskToReadyList( pxTCB );
     80c:	00000000 	andeq	r0, r0, r0
     810:	0003af0b 	andeq	sl, r3, fp, lsl #30
     814:	047b1d00 	ldrbteq	r1, [fp], #-3328	@ 0xfffff300
     818:	01c40000 	biceq	r0, r4, r0
     81c:	00025603 	andeq	r5, r2, r3, lsl #12
     820:	0b4f1d00 	bleq	13c7c28 <_edata+0x13c4ab4>
     824:	01c80000 	biceq	r0, r8, r0
     828:	0003c410 	andeq	ip, r3, r0, lsl r4
     82c:	09952a00 	ldmibeq	r5, {r9, fp, sp}
     830:	ce010000 	cdpgt	0, 0, cr0, cr1, cr0, {0}
     834:	03f43701 	mvnseq	r3, #262144	@ 0x40000
     838:	03050000 	movweq	r0, #20480	@ 0x5000
     83c:	20000008 	andcs	r0, r0, r8
     840:	0003d004 	andeq	sp, r3, r4
     844:	03ef0b00 	mvneq	r0, #0, 22
     848:	34100000 	ldrcc	r0, [r0], #-0
     84c:	09000002 	stmdbeq	r0, {r1}
     850:	11000004 	tstne	r0, r4
     854:	00000032 	andeq	r0, r0, r2, lsr r0
     858:	75010004 	strvc	r0, [r1, #-4]
     85c:	db000003 	blle	870 <xTaskResumeAll+0x120>
     860:	03f91f01 	mvnseq	r1, #1, 30
     864:	03050000 	movweq	r0, #20480	@ 0x5000
     868:	2000000c 	andcs	r0, r0, ip
     86c:	0003f701 	andeq	pc, r3, r1, lsl #14
     870:	1f01dc00 	svcne	0x0001dc00
     874:	00000234 	andeq	r0, r0, r4, lsr r2
     878:	00700305 	rsbseq	r0, r0, r5, lsl #6
     87c:	09012000 	stmdbeq	r1, {sp}
     880:	dd000004 	stcle	0, cr0, [r0, #-16]
     884:	02341f01 	eorseq	r1, r4, #1, 30
     888:	03050000 	movweq	r0, #20480	@ 0x5000
                            if( pxTCB->uxPriority > pxCurrentTCB->uxPriority )
     88c:	20000084 	andcs	r0, r0, r4, lsl #1
     890:	0009fc01 	andeq	pc, r9, r1, lsl #24
     894:	2a01de00 	bcs	7809c <_edata+0x74f28>
     898:	00000456 	andeq	r0, r0, r6, asr r4
                                xYieldPendings[ xCoreID ] = pdTRUE;
     89c:	00980305 	addseq	r0, r8, r5, lsl #6
     8a0:	34042000 	strcc	r2, [r4], #-0
                    while( listLIST_IS_EMPTY( &xPendingReadyList ) == pdFALSE )
     8a4:	0b000002 	bleq	8b4 <xTaskResumeAll+0x164>
     8a8:	00000451 	andeq	r0, r0, r1, asr r4
     8ac:	00045106 	andeq	r5, r4, r6, lsl #2
                    if( pxTCB != NULL )
     8b0:	06510100 	ldrbeq	r0, [r1], -r0, lsl #2
                        prvResetNextTaskUnblockTime();
     8b4:	01df0000 	bicseq	r0, pc, r0
                        TickType_t xPendedCounts = xPendedTicks; /* Non-volatile copy. */
     8b8:	0004562a 	andeq	r5, r4, sl, lsr #12
     8bc:	9c030500 	stcls	5, cr0, [r3], {-0}
                        if( xPendedCounts > ( TickType_t ) 0U )
     8c0:	01200000 			@ <UNDEFINED> instruction: 0x01200000
                                if( xTaskIncrementTick() != pdFALSE )
     8c4:	0000056d 	andeq	r0, r0, sp, ror #10
     8c8:	341f01e0 	ldrcc	r0, [pc], #-480	@ 8d0 <xTaskResumeAll+0x180>
     8cc:	05000002 	streq	r0, [r0, #-2]
                                    xYieldPendings[ xCoreID ] = pdTRUE;
     8d0:	0000a003 	andeq	sl, r0, r3
     8d4:	0bfd0120 	bleq	fff40d5c <__StackTop+0xdff3ed5c>
                                --xPendedCounts;
     8d8:	01f60000 	mvnseq	r0, r0
     8dc:	00012f2d 	andeq	r2, r1, sp, lsr #30
                            } while( xPendedCounts > ( TickType_t ) 0U );
     8e0:	b4030500 	strlt	r0, [r3], #-1280	@ 0xfffffb00
                            xPendedTicks = 0;
     8e4:	01200000 			@ <UNDEFINED> instruction: 0x01200000
     8e8:	00000617 	andeq	r0, r0, r7, lsl r6
                    if( xYieldPendings[ xCoreID ] != pdFALSE )
     8ec:	452c01f7 	strmi	r0, [ip, #-503]!	@ 0xfffffe09
     8f0:	05000001 	streq	r0, [r0, #-1]
     8f4:	0000b803 	andeq	fp, r0, r3, lsl #16
                            xAlreadyYielded = pdTRUE;
     8f8:	02fd0120 	rscseq	r0, sp, #32, 2
                            taskYIELD_TASK_CORE_IF_USING_PREEMPTION( pxCurrentTCB );
     8fc:	01f80000 	mvnseq	r0, r0
     900:	00012f2d 	andeq	r2, r1, sp, lsr #30
     904:	bc030500 	stclt	5, cr0, [r3], {-0}
     908:	01200000 			@ <UNDEFINED> instruction: 0x01200000
     90c:	0000032a 	andeq	r0, r0, sl, lsr #6
        taskEXIT_CRITICAL();
     910:	192c01f9 	stmdbne	ip!, {r0, r3, r4, r5, r6, r7, r8}
}
     914:	05000001 	streq	r0, [r0, #-1]
     918:	0000c003 	andeq	ip, r0, r3
     91c:	0b970120 	bleq	fe5c0da4 <__StackTop+0xde5beda4>
     920:	01fa0000 	mvnseq	r0, r0
     924:	0001452c 	andeq	r4, r1, ip, lsr #10
     928:	c4030500 	strgt	r0, [r3], #-1280	@ 0xfffffb00
     92c:	10200000 	eorne	r0, r0, r0
     930:	00000119 	andeq	r0, r0, r9, lsl r1
     934:	000004ee 	andeq	r0, r0, lr, ror #9
     938:	00003211 	andeq	r3, r0, r1, lsl r2
     93c:	0b000000 	bleq	944 <xTaskGetTickCount+0x4>
{
     940:	000004de 	ldrdeq	r0, [r0], -lr
     944:	0003cc01 	andeq	ip, r3, r1, lsl #24
        xTicks = xTickCount;
     948:	2c01fb00 			@ <UNDEFINED> instruction: 0x2c01fb00
    return xTicks;
     94c:	000004ee 	andeq	r0, r0, lr, ror #9
}
     950:	00c80305 	sbceq	r0, r8, r5, lsl #6
     954:	79012000 	stmdbvc	r1, {sp}
     958:	fc000009 	stc2	0, cr0, [r0], {9}
{
     95c:	01192c01 	tsteq	r9, r1, lsl #24
     960:	03050000 	movweq	r0, #20480	@ 0x5000
    uxSavedInterruptStatus = portTICK_TYPE_SET_INTERRUPT_MASK_FROM_ISR();
     964:	200000cc 	andcs	r0, r0, ip, asr #1
        xReturn = xTickCount;
     968:	0008e801 	andeq	lr, r8, r1, lsl #16
    return xReturn;
     96c:	2401fd00 	strcs	pc, [r1], #-3328	@ 0xfffff300
}
     970:	00000123 	andeq	r0, r0, r3, lsr #2
     974:	00d00305 	sbcseq	r0, r0, r5, lsl #6
     978:	a4012000 	strge	r2, [r1], #-0
{
     97c:	fe000007 	cdp2	0, 0, cr0, cr0, cr7, {0}
    return uxCurrentNumberOfTasks;
     980:	01452c01 	cmpeq	r5, r1, lsl #24
}
     984:	03050000 	movweq	r0, #20480	@ 0x5000
     988:	200000d4 	ldrdcs	r0, [r0], -r4
     98c:	00024510 	andeq	r4, r2, r0, lsl r5
{
     990:	00054b00 	andeq	r4, r5, r0, lsl #22
     994:	00321100 	eorseq	r1, r2, r0, lsl #2
    pxTCB = prvGetTCBFromHandle( xTaskToQuery );
     998:	00000000 	andeq	r0, r0, r0
     99c:	000c6701 	andeq	r6, ip, r1, lsl #14
     9a0:	2501ff00 	strcs	pc, [r1, #-3840]	@ 0xfffff100
     9a4:	0000053b 	andeq	r0, r0, fp, lsr r5
    return &( pxTCB->pcTaskName[ 0 ] );
     9a8:	00d80305 	sbcseq	r0, r8, r5, lsl #6
}
     9ac:	b8012000 	stmdalt	r1, {sp}
     9b0:	04000005 	streq	r0, [r0], #-5
     9b4:	01342302 	teqeq	r4, r2, lsl #6
     9b8:	03050000 	movweq	r0, #20480	@ 0x5000
{
     9bc:	00003160 	andeq	r3, r0, r0, ror #2
     9c0:	000c5201 	andeq	r5, ip, r1, lsl #4
    vTaskSuspendAll();
     9c4:	2d021200 	stccs	2, cr1, [r2, #-0]
    taskENTER_CRITICAL();
     9c8:	0000012f 	andeq	r0, r0, pc, lsr #2
        xPendedTicks += xTicksToCatchUp;
     9cc:	00dc0305 	sbcseq	r0, ip, r5, lsl #6
     9d0:	a72b2000 	strge	r2, [fp, -r0]!
     9d4:	07000004 	streq	r0, [r0, -r4]
    taskEXIT_CRITICAL();
     9d8:	230d01f7 	movwcs	r0, #53751	@ 0xd1f7
    xYieldOccurred = xTaskResumeAll();
     9dc:	98000001 	stmdals	r0, {r0}
     9e0:	08000005 	stmdaeq	r0, {r0, r2}
}
     9e4:	0000022f 	andeq	r0, r0, pc, lsr #4
     9e8:	0b171900 	bleq	5c6df0 <_edata+0x5c3c7c>
     9ec:	01b90000 			@ <UNDEFINED> instruction: 0x01b90000
{
     9f0:	000005a9 	andeq	r0, r0, r9, lsr #11
     9f4:	00045b08 	andeq	r5, r4, r8, lsl #22
    BaseType_t xSwitchRequired = pdFALSE;
     9f8:	35190000 	ldrcc	r0, [r9, #-0]
    if( uxSchedulerSuspended == ( UBaseType_t ) 0U )
     9fc:	d100000b 	tstle	r0, fp
     a00:	0005bf01 	andeq	fp, r5, r1, lsl #30
        const TickType_t xConstTickCount = xTickCount + ( TickType_t ) 1;
     a04:	045b0800 	ldrbeq	r0, [fp], #-2048	@ 0xfffff800
     a08:	2f080000 	svccs	0x00080000
        xTickCount = xConstTickCount;
     a0c:	00000002 	andeq	r0, r0, r2
     a10:	000c921a 	andeq	r9, ip, sl, lsl r2
        if( xConstTickCount == ( TickType_t ) 0U )
     a14:	06ec0900 	strbteq	r0, [ip], r0, lsl #18
            taskSWITCH_DELAYED_LISTS();
     a18:	0002832c 	andeq	r8, r2, ip, lsr #6
     a1c:	0ce50900 			@ <UNDEFINED> instruction: 0x0ce50900
     a20:	0000010d 	andeq	r0, r0, sp, lsl #2
     a24:	0002711a 	andeq	r7, r2, sl, lsl r1
     a28:	0d740200 	ldcleq	2, cr0, [r4, #-0]
     a2c:	00043a1a 	andeq	r3, r4, sl, lsl sl
     a30:	0d730200 	ldcleq	2, cr0, [r3, #-0]
     a34:	0007cc1b 	andeq	ip, r7, fp, lsl ip
     a38:	178d0900 	strne	r0, [sp, r0, lsl #18]
        if( xConstTickCount >= xNextTaskUnblockTime )
     a3c:	00000380 	andeq	r0, r0, r0, lsl #7
     a40:	00000603 	andeq	r0, r0, r3, lsl #12
     a44:	00038008 	andeq	r8, r3, r8
                if( listLIST_IS_EMPTY( pxDelayedTaskList ) != pdFALSE )
     a48:	00db0800 	sbcseq	r0, fp, r0, lsl #16
     a4c:	97080000 	strls	r0, [r8, -r0]
                    xNextTaskUnblockTime = portMAX_DELAY;
     a50:	00000000 	andeq	r0, r0, r0
     a54:	0009b919 	andeq	fp, r9, r9, lsl r9
                    break;
     a58:	1401c400 	strne	ip, [r1], #-1024	@ 0xfffffc00
                    pxTCB = listGET_OWNER_OF_HEAD_ENTRY( pxDelayedTaskList );
     a5c:	08000006 	stmdaeq	r0, {r1, r2}
     a60:	0000022f 	andeq	r0, r0, pc, lsr #4
                    xItemValue = listGET_LIST_ITEM_VALUE( &( pxTCB->xStateListItem ) );
     a64:	0a432d00 	beq	10cbe6c <_edata+0x10c8cf8>
     a68:	c0090000 	andgt	r0, r9, r0
                    if( xConstTickCount < xItemValue )
     a6c:	00062606 	andeq	r2, r6, r6, lsl #12
     a70:	00970800 	addseq	r0, r7, r0, lsl #16
                        xNextTaskUnblockTime = xItemValue;
     a74:	1b000000 	blne	a7c <xTaskIncrementTick+0x8c>
                        break;
     a78:	00000235 	andeq	r0, r0, r5, lsr r2
                    listREMOVE_ITEM( &( pxTCB->xStateListItem ) );
     a7c:	9709210a 	strls	r2, [r9, -sl, lsl #2]
     a80:	46000000 	strmi	r0, [r0], -r0
     a84:	08000006 	stmdaeq	r0, {r1, r2}
     a88:	00000097 	muleq	r0, r7, r0
     a8c:	00003908 	andeq	r3, r0, r8, lsl #18
     a90:	00260800 	eoreq	r0, r6, r0, lsl #16
     a94:	1b000000 	blne	a9c <xTaskIncrementTick+0xac>
     a98:	00000c85 	andeq	r0, r0, r5, lsl #25
     a9c:	9708bd09 	strls	fp, [r8, -r9, lsl #26]
     aa0:	5c000000 	stcpl	0, cr0, [r0], {-0}
     aa4:	08000006 	stmdaeq	r0, {r1, r2}
     aa8:	00000026 	andeq	r0, r0, r6, lsr #32
     aac:	05a11400 	streq	r1, [r1, #1024]!	@ 0x400
     ab0:	226a0000 	rsbcs	r0, sl, #0
     ab4:	001ba406 	andseq	sl, fp, r6, lsl #8
                    if( listLIST_ITEM_CONTAINER( &( pxTCB->xEventListItem ) ) != NULL )
     ab8:	00009400 	andeq	r9, r0, r0, lsl #8
     abc:	829c0100 	addshi	r0, ip, #0, 2
                        listREMOVE_ITEM( &( pxTCB->xEventListItem ) );
     ac0:	01000006 	tsteq	r0, r6
     ac4:	0000024e 	andeq	r0, r0, lr, asr #4
     ac8:	0d10226c 	ldceq	2, cr2, [r0, #-432]	@ 0xfffffe50
     acc:	02000001 	andeq	r0, r0, #1
     ad0:	15007491 	strne	r7, [r0, #-1169]	@ 0xfffffb6f
     ad4:	00000bbd 			@ <UNDEFINED> instruction: 0x00000bbd
     ad8:	f80d2183 			@ <UNDEFINED> instruction: 0xf80d2183
     adc:	ac00001a 	stcge	0, cr0, [r0], {26}
     ae0:	01000000 	mrseq	r0, (UNDEF: 0)
     ae4:	0006f39c 	muleq	r6, ip, r3
     ae8:	0b280200 	bleq	a012f0 <_edata+0x9fe17c>
     aec:	21830000 	orrcs	r0, r3, r0
     af0:	00013938 	andeq	r3, r1, r8, lsr r9
     af4:	64910200 	ldrvs	r0, [r1], #512	@ 0x200
     af8:	000ab602 	andeq	fp, sl, r2, lsl #12
     afc:	3e218400 	cdpcc	4, 2, cr8, cr1, cr0, {0}
                    prvAddTaskToReadyList( pxTCB );
     b00:	0000011e 	andeq	r0, r0, lr, lsl r1
     b04:	01609102 	cmneq	r0, r2, lsl #2
     b08:	00000c14 	andeq	r0, r0, r4, lsl ip
     b0c:	39102186 	ldmdbcc	r0, {r1, r2, r7, r8, sp}
     b10:	02000001 	andeq	r0, r0, #1
     b14:	3a016891 	bcc	5ad60 <_edata+0x57bec>
     b18:	87000006 	strhi	r0, [r0, -r6]
     b1c:	014a1621 	cmpeq	sl, r1, lsr #12
     b20:	91020000 	mrsls	r0, (UNDEF: 2)
     b24:	03100174 	tsteq	r0, #116, 2
     b28:	21880000 	orrcs	r0, r8, r0
     b2c:	00045b14 	andeq	r5, r4, r4, lsl fp
     b30:	70910200 	addsvc	r0, r1, r0, lsl #4
     b34:	000ce901 	andeq	lr, ip, r1, lsl #18
     b38:	14218900 	strtne	r8, [r1], #-2304	@ 0xfffff700
     b3c:	0000045b 	andeq	r0, r0, fp, asr r4
     b40:	006c9102 	rsbeq	r9, ip, r2, lsl #2
     b44:	0007f40c 	andeq	pc, r7, ip, lsl #8
     b48:	0e20bc00 	cdpeq	12, 2, cr11, cr0, cr0, {0}
     b4c:	000000ca 	andeq	r0, r0, sl, asr #1
     b50:	00001a98 	muleq	r0, r8, sl
     b54:	00000060 	andeq	r0, r0, r0, rrx
     b58:	07599c01 	ldrbeq	r9, [r9, -r1, lsl #24]
     b5c:	48020000 	stmdami	r2, {}	@ <UNPREDICTABLE>
     b60:	bc000009 	stclt	0, cr0, [r0], {9}
     b64:	02453a20 	subeq	r3, r5, #32, 20	@ 0x20000
     b68:	91020000 	mrsls	r0, (UNDEF: 2)
     b6c:	046c026c 	strbteq	r0, [ip], #-620	@ 0xfffffd94
     b70:	20bd0000 	adcscs	r0, sp, r0
     b74:	00012339 	andeq	r2, r1, r9, lsr r3
     b78:	68910200 	ldmvs	r1, {r9}
     b7c:	00034e02 	andeq	r4, r3, r2, lsl #28
                            if( pxTCB->uxPriority > pxCurrentTCB->uxPriority )
     b80:	3620be00 	strtcc	fp, [r0], -r0, lsl #28
     b84:	000000ca 	andeq	r0, r0, sl, asr #1
     b88:	01649102 	cmneq	r4, r2, lsl #2
     b8c:	00000c2f 	andeq	r0, r0, pc, lsr #24
                                xSwitchRequired = pdTRUE;
     b90:	ef1120c0 	svc	0x001120c0
                if( listLIST_IS_EMPTY( pxDelayedTaskList ) != pdFALSE )
     b94:	02000003 	andeq	r0, r0, #3
                if( listCURRENT_LIST_LENGTH( &( pxReadyTasksLists[ pxCurrentTCB->uxPriority ] ) ) > 1U )
     b98:	eb017491 	bl	5dde4 <_edata+0x5ac70>
     b9c:	c1000007 	tstgt	r0, r7
     ba0:	00ca1220 	sbceq	r1, sl, r0, lsr #4
     ba4:	91020000 	mrsls	r0, (UNDEF: 2)
     ba8:	350c0070 	strcc	r0, [ip, #-112]	@ 0xffffff90
     bac:	9500000c 	strls	r0, [r0, #-12]
                    xSwitchRequired = pdTRUE;
     bb0:	010d1020 	tsteq	sp, r0, lsr #32
                if( xYieldPendings[ 0 ] != pdFALSE )
     bb4:	1a400000 	bne	1000bbc <_edata+0xffda48>
     bb8:	00580000 	subseq	r0, r8, r0
                    xSwitchRequired = pdTRUE;
     bbc:	9c010000 	stcls	0, cr0, [r1], {-0}
        xPendedTicks += 1U;
     bc0:	000007b0 			@ <UNDEFINED> instruction: 0x000007b0
     bc4:	00094802 	andeq	r4, r9, r2, lsl #16
     bc8:	3b209500 	blcc	825fd0 <_edata+0x822e5c>
}
     bcc:	00000245 	andeq	r0, r0, r5, asr #4
     bd0:	026c9102 	rsbeq	r9, ip, #-2147483648	@ 0x80000000
     bd4:	0000046c 	andeq	r0, r0, ip, ror #8
     bd8:	233a2096 	teqcs	sl, #150	@ 0x96
     bdc:	02000001 	andeq	r0, r0, #1
     be0:	2f016891 	svccs	0x00016891
     be4:	9800000c 	stmdals	r0, {r2, r3}
     be8:	03ef1120 	mvneq	r1, #32, 2
     bec:	91020000 	mrsls	r0, (UNDEF: 2)
     bf0:	07e30170 			@ <UNDEFINED> instruction: 0x07e30170
     bf4:	20990000 	addscs	r0, r9, r0
     bf8:	00010d14 	andeq	r0, r1, r4, lsl sp
     bfc:	74910200 	ldrvc	r0, [r1], #512	@ 0x200
    {
     c00:	0ada1400 	beq	ff685c08 <__StackTop+0xdf683c08>
     c04:	20110000 	andscs	r0, r1, r0
        if( uxSchedulerSuspended != ( UBaseType_t ) 0U )
     c08:	0018840a 	andseq	r8, r8, sl, lsl #8
     c0c:	0001bc00 	andeq	fp, r1, r0, lsl #24
            xYieldPendings[ 0 ] = pdTRUE;
     c10:	b59c0100 	ldrlt	r0, [ip, #256]	@ 0x100
    }
     c14:	02000008 	andeq	r0, r0, #8
            xYieldPendings[ 0 ] = pdFALSE;
     c18:	0000093a 	andeq	r0, r0, sl, lsr r9
            taskSELECT_HIGHEST_PRIORITY_TASK();
     c1c:	45362011 	ldrmi	r2, [r6, #-17]!	@ 0xffffffef
     c20:	02000002 	andeq	r0, r0, #2
        __asm volatile ( "clz %0, %1" : "=r" ( ucReturn ) : "r" ( ulBitmap ) : "memory" );
     c24:	ab024c91 	blge	93e70 <_edata+0x90cfc>
     c28:	1200000c 	andne	r0, r0, #12
     c2c:	01233520 			@ <UNDEFINED> instruction: 0x01233520
     c30:	91020000 	mrsls	r0, (UNDEF: 2)
     c34:	02d90248 	sbcseq	r0, r9, #72, 4	@ 0x80000004
     c38:	20130000 	andscs	r0, r3, r0
     c3c:	0008b536 	andeq	fp, r8, r6, lsr r5
     c40:	44910200 	ldrmi	r0, [r1], #512	@ 0x200
     c44:	000c2f01 	andeq	r2, ip, r1, lsl #30
     c48:	11201500 			@ <UNDEFINED> instruction: 0x11201500
     c4c:	000003ef 	andeq	r0, r0, pc, ror #7
     c50:	01749102 	cmneq	r4, r2, lsl #2
     c54:	00000387 	andeq	r0, r0, r7, lsl #7
     c58:	b9112016 	ldmdblt	r1, {r1, r2, r4, sp}
     c5c:	02000000 	andeq	r0, r0, #0
     c60:	82016f91 	andhi	r6, r1, #580	@ 0x244
     c64:	17000004 	strne	r0, [r0, -r4]
     c68:	01231520 			@ <UNDEFINED> instruction: 0x01231520
            portTASK_SWITCH_HOOK( pxCurrentTCB );
     c6c:	91020000 	mrsls	r0, (UNDEF: 2)
    }
     c70:	18f60370 	ldmne	r6!, {r4, r5, r6, r8, r9}^
     c74:	003e0000 	eorseq	r0, lr, r0
     c78:	083d0000 	ldmdaeq	sp!, {}	@ <UNPREDICTABLE>
     c7c:	a4010000 	strge	r0, [r1], #-0
     c80:	4900000c 	stmdbmi	r0, {r2, r3}
     c84:	045b1520 	ldrbeq	r1, [fp], #-1312	@ 0xfffffae0
     c88:	91020000 	mrsls	r0, (UNDEF: 2)
{
     c8c:	46030064 	strmi	r0, [r3], -r4, rrx
     c90:	70000019 	andvc	r0, r0, r9, lsl r0
     c94:	5a000000 	bpl	c9c <vTaskPlaceOnEventList+0x10>
    vListInsert( pxEventList, &( pxCurrentTCB->xEventListItem ) );
     c98:	01000008 	tsteq	r0, r8
     c9c:	0000033c 	andeq	r0, r0, ip, lsr r3
     ca0:	2f15204a 	svccs	0x0015204a
    prvAddCurrentTaskToDelayedList( xTicksToWait, pdTRUE );
     ca4:	02000002 	andeq	r0, r0, #2
     ca8:	03006091 	movweq	r6, #145	@ 0x91
}
     cac:	000019b8 			@ <UNDEFINED> instruction: 0x000019b8
     cb0:	00000038 	andeq	r0, r0, r8, lsr r0
     cb4:	00000877 	andeq	r0, r0, r7, ror r8
{
     cb8:	00033c01 	andeq	r3, r3, r1, lsl #24
     cbc:	15206000 	strne	r6, [r0, #-0]!
     cc0:	0000022f 	andeq	r0, r0, pc, lsr #4
    listSET_LIST_ITEM_VALUE( &( pxCurrentTCB->xEventListItem ), xItemValue | taskEVENT_LIST_ITEM_VALUE_IN_USE );
     cc4:	00689102 	rsbeq	r9, r8, r2, lsl #2
     cc8:	0015af1e 	andseq	sl, r5, lr, lsl pc
     ccc:	00189400 	andseq	r9, r8, r0, lsl #8
    listINSERT_END( pxEventList, &( pxCurrentTCB->xEventListItem ) );
     cd0:	00001a00 	andeq	r1, r0, r0, lsl #20
     cd4:	9b203500 	blls	80e0dc <_edata+0x80af68>
     cd8:	0f000008 	svceq	0x00000008
     cdc:	000015c0 	andeq	r1, r0, r0, asr #11
     ce0:	0f5c9102 	svceq	0x005c9102
     ce4:	000015cb 	andeq	r1, r0, fp, asr #11
     ce8:	00589102 	subseq	r9, r8, r2, lsl #2
     cec:	00159916 	andseq	r9, r5, r6, lsl r9
     cf0:	001a1400 	andseq	r1, sl, r0, lsl #8
     cf4:	00000800 	andeq	r0, r0, r0, lsl #16
     cf8:	09208b00 	stmdbeq	r0!, {r8, r9, fp, pc}
     cfc:	0015a31c 	andseq	sl, r5, ip, lsl r3
     d00:	54910200 	ldrpl	r0, [r1], #512	@ 0x200
     d04:	0d040000 	stceq	0, cr0, [r4, #-0]
     d08:	0e000001 	cdpeq	0, 0, cr0, cr0, cr1, {0}
     d0c:	000003b2 			@ <UNDEFINED> instruction: 0x000003b2
     d10:	0d101f5b 	ldceq	15, cr1, [r0, #-364]	@ 0xfffffe94
    prvAddCurrentTaskToDelayedList( xTicksToWait, pdTRUE );
     d14:	38000001 	stmdacc	r0, {r0}
     d18:	4c000016 	stcmi	0, cr0, [r0], {22}
}
     d1c:	01000002 	tsteq	r0, r2
     d20:	0009ff9c 	muleq	r9, ip, pc	@ <UNPREDICTABLE>
     d24:	093a0200 	ldmdbeq	sl!, {r9}
{
     d28:	1f5b0000 	svcne	0x005b0000
     d2c:	00024538 	andeq	r4, r2, r8, lsr r5
    pxUnblockedTCB = listGET_OWNER_OF_HEAD_ENTRY( pxEventList );
     d30:	4c910200 	ldcmi	2, cr0, [r1], {0}
     d34:	000cab02 	andeq	sl, ip, r2, lsl #22
    listREMOVE_ITEM( &( pxUnblockedTCB->xEventListItem ) );
     d38:	371f5c00 	ldrcc	r5, [pc, -r0, lsl #24]
     d3c:	00000123 	andeq	r0, r0, r3, lsr #2
     d40:	02489102 	subeq	r9, r8, #-2147483648	@ 0x80000000
     d44:	00000a26 	andeq	r0, r0, r6, lsr #20
     d48:	ca341f5d 	bgt	d08ac4 <_edata+0xd05950>
     d4c:	02000000 	andeq	r0, r0, #0
     d50:	f5024491 			@ <UNDEFINED> instruction: 0xf5024491
     d54:	5e000008 	cdppl	0, 0, cr0, cr0, cr8, {0}
     d58:	02fa391f 	rscseq	r3, sl, #507904	@ 0x7c000
     d5c:	91020000 	mrsls	r0, (UNDEF: 2)
     d60:	086d0243 	stmdaeq	sp!, {r0, r1, r6, r9}^
     d64:	1f5f0000 	svcne	0x005f0000
     d68:	0009ff36 	andeq	pc, r9, r6, lsr pc	@ <UNPREDICTABLE>
     d6c:	00910200 	addseq	r0, r1, r0, lsl #4
     d70:	0002d902 	andeq	sp, r2, r2, lsl #18
     d74:	381f6000 	ldmdacc	pc, {sp, lr}	@ <UNPREDICTABLE>
    if( uxSchedulerSuspended == ( UBaseType_t ) 0U )
     d78:	000008b5 			@ <UNDEFINED> instruction: 0x000008b5
     d7c:	01049102 	tsteq	r4, r2, lsl #2
        listREMOVE_ITEM( &( pxUnblockedTCB->xStateListItem ) );
     d80:	00000c2f 	andeq	r0, r0, pc, lsr #24
     d84:	ef111f62 	svc	0x00111f62
     d88:	02000003 	andeq	r0, r0, #3
     d8c:	87017091 			@ <UNDEFINED> instruction: 0x87017091
     d90:	63000003 	movwvs	r0, #3
     d94:	00b9111f 	adcseq	r1, r9, pc, lsl r1
     d98:	91020000 	mrsls	r0, (UNDEF: 2)
     d9c:	07e3016b 	strbeq	r0, [r3, fp, ror #2]!
     da0:	1f640000 	svcne	0x00640000
     da4:	00010d14 	andeq	r0, r1, r4, lsl sp
     da8:	74910200 	ldrvc	r0, [r1], #512	@ 0x200
     dac:	00048201 	andeq	r8, r4, r1, lsl #4
     db0:	151f6500 	ldrne	r6, [pc, #-1280]	@ 8b8 <xTaskResumeAll+0x168>
     db4:	00000123 	andeq	r0, r0, r3, lsr #2
     db8:	036c9102 	cmneq	ip, #-2147483648	@ 0x80000000
        prvAddTaskToReadyList( pxUnblockedTCB );
     dbc:	00001738 	andeq	r1, r0, r8, lsr r7
     dc0:	0000003e 	andeq	r0, r0, lr, lsr r0
     dc4:	00000987 	andeq	r0, r0, r7, lsl #19
     dc8:	000ca401 	andeq	sl, ip, r1, lsl #8
     dcc:	151fc300 	ldrne	ip, [pc, #-768]	@ ad4 <xTaskIncrementTick+0xe4>
     dd0:	0000045b 	andeq	r0, r0, fp, asr r4
     dd4:	00609102 	rsbeq	r9, r0, r2, lsl #2
     dd8:	00178803 	andseq	r8, r7, r3, lsl #16
     ddc:	00007000 	andeq	r7, r0, r0
     de0:	0009a400 	andeq	sl, r9, r0, lsl #8
     de4:	033c0100 	teqeq	ip, #0, 2
     de8:	1fc40000 	svcne	0x00c40000
     dec:	00022f15 	andeq	r2, r2, r5, lsl pc
     df0:	5c910200 	ldcpl	2, cr0, [r1], {0}
     df4:	17fa0300 	ldrbne	r0, [sl, r0, lsl #6]!
     df8:	00380000 	eorseq	r0, r8, r0
     dfc:	09c10000 	stmibeq	r1, {}^	@ <UNPREDICTABLE>
     e00:	3c010000 	stccc	0, cr0, [r1], {-0}
     e04:	da000003 	ble	e18 <xTaskRemoveFromEventList+0xf0>
     e08:	022f151f 	eoreq	r1, pc, #130023424	@ 0x7c00000
     e0c:	91020000 	mrsls	r0, (UNDEF: 2)
     e10:	af1e0064 	svcge	0x001e0064
     e14:	4e000015 	mcrmi	0, 0, r0, cr0, cr5, {0}
     e18:	1a000016 	bne	e78 <xTaskRemoveFromEventList+0x150>
     e1c:	83000000 	movwhi	r0, #0
     e20:	0009e51f 	andeq	lr, r9, pc, lsl r5
     e24:	15c00f00 	strbne	r0, [r0, #3840]	@ 0xf00
     e28:	91020000 	mrsls	r0, (UNDEF: 2)
     e2c:	15cb0f58 	strbne	r0, [fp, #3928]	@ 0xf58
     e30:	91020000 	mrsls	r0, (UNDEF: 2)
     e34:	99160054 	ldmdbls	r6, {r2, r4, r6}
     e38:	56000015 			@ <UNDEFINED> instruction: 0x56000015
     e3c:	08000018 	stmdaeq	r0, {r3, r4}
        listINSERT_END( &( xPendingReadyList ), &( pxUnblockedTCB->xEventListItem ) );
     e40:	05000000 	streq	r0, [r0, #-0]
     e44:	a31c0920 	tstge	ip, #32, 18	@ 0x80000
     e48:	02000015 	andeq	r0, r0, #21
     e4c:	00005091 	muleq	r0, r1, r0
     e50:	0000ca04 	andeq	ip, r0, r4, lsl #20
     e54:	04c60c00 	strbeq	r0, [r6], #3072	@ 0xc00
     e58:	1ee30000 	cdpne	0, 14, cr0, cr3, cr0, {0}
     e5c:	00010d10 	andeq	r0, r1, r0, lsl sp
     e60:	00146400 	andseq	r6, r4, r0, lsl #8
     e64:	0001d400 	andeq	sp, r1, r0, lsl #8
     e68:	cd9c0100 	ldcgt	1, cr0, [ip]
     e6c:	0200000a 	andeq	r0, r0, #10
     e70:	0000093a 	andeq	r0, r0, sl, lsr r9
     e74:	45311ee3 	ldrmi	r1, [r1, #-3811]!	@ 0xfffff11d
        if( pxUnblockedTCB->uxPriority > pxCurrentTCB->uxPriority )
     e78:	02000002 	andeq	r0, r0, #2
     e7c:	ab025c91 	blge	980c8 <_edata+0x94f54>
     e80:	e400000c 	str	r0, [r0], #-12
     e84:	0123301e 			@ <UNDEFINED> instruction: 0x0123301e
            xReturn = pdTRUE;
     e88:	91020000 	mrsls	r0, (UNDEF: 2)
            xYieldPendings[ 0 ] = pdTRUE;
     e8c:	0a260258 	beq	9817f4 <_edata+0x97e680>
     e90:	1ee50000 	cdpne	0, 14, cr0, cr5, cr0, {0}
            xReturn = pdFALSE;
     e94:	0000ca2d 	andeq	ip, r0, sp, lsr #20
}
     e98:	54910200 	ldrpl	r0, [r1], #512	@ 0x200
     e9c:	0008f502 	andeq	pc, r8, r2, lsl #10
     ea0:	321ee600 	andscc	lr, lr, #0, 12
     ea4:	000002fa 	strdeq	r0, [r0], -sl
     ea8:	02539102 	subseq	r9, r3, #-2147483648	@ 0x80000000
     eac:	0000086d 	andeq	r0, r0, sp, ror #16
     eb0:	ff2f1ee7 			@ <UNDEFINED> instruction: 0xff2f1ee7
     eb4:	02000009 	andeq	r0, r0, #9
     eb8:	2f010091 	svccs	0x00010091
{
     ebc:	e900000c 	stmdb	r0, {r2, r3}
     ec0:	03ef111e 	mvneq	r1, #-2147483641	@ 0x80000007
     ec4:	91020000 	mrsls	r0, (UNDEF: 2)
    listSET_LIST_ITEM_VALUE( pxEventListItem, xItemValue | taskEVENT_LIST_ITEM_VALUE_IN_USE );
     ec8:	07e30170 			@ <UNDEFINED> instruction: 0x07e30170
     ecc:	1eea0000 	cdpne	0, 14, cr0, cr10, cr0, {0}
    pxUnblockedTCB = listGET_LIST_ITEM_OWNER( pxEventListItem );
     ed0:	00010d14 	andeq	r0, r1, r4, lsl sp
     ed4:	74910200 	ldrvc	r0, [r1], #512	@ 0x200
    listREMOVE_ITEM( pxEventListItem );
     ed8:	00038701 	andeq	r8, r3, r1, lsl #14
     edc:	111eeb00 	tstne	lr, r0, lsl #22
     ee0:	000000b9 	strheq	r0, [r0], -r9
     ee4:	036f9102 	cmneq	pc, #-2147483648	@ 0x80000000
     ee8:	0000153a 	andeq	r1, r0, sl, lsr r5
     eec:	0000003e 	andeq	r0, r0, lr, lsr r0
     ef0:	00000ab3 			@ <UNDEFINED> instruction: 0x00000ab3
     ef4:	000ca401 	andeq	sl, ip, r1, lsl #8
     ef8:	111f3000 	tstne	pc, r0
     efc:	0000045b 	andeq	r0, r0, fp, asr r4
     f00:	00689102 	rsbeq	r9, r8, r2, lsl #2
     f04:	00158a09 	andseq	r8, r5, r9, lsl #20
     f08:	00007000 	andeq	r7, r0, r0
     f0c:	033c0100 	teqeq	ip, #0, 2
     f10:	1f310000 	svcne	0x00310000
    listREMOVE_ITEM( &( pxUnblockedTCB->xStateListItem ) );
     f14:	00022f11 	andeq	r2, r2, r1, lsl pc
     f18:	64910200 	ldrvs	r0, [r1], #512	@ 0x200
     f1c:	f30c0000 	vhadd.u8	d0, d12, d0
     f20:	71000006 	tstvc	r0, r6
     f24:	010d101e 	tsteq	sp, lr, lsl r0
     f28:	13400000 	movtne	r0, #0
     f2c:	01240000 			@ <UNDEFINED> instruction: 0x01240000
     f30:	9c010000 	stcls	0, cr0, [r1], {-0}
     f34:	00000b60 	andeq	r0, r0, r0, ror #22
     f38:	000cff02 	andeq	pc, ip, r2, lsl #30
     f3c:	341e7100 	ldrcc	r7, [lr], #-256	@ 0xffffff00
     f40:	00000123 	andeq	r0, r0, r3, lsr #2
     f44:	02649102 	rsbeq	r9, r4, #-2147483648	@ 0x80000000
     f48:	00000545 	andeq	r0, r0, r5, asr #10
     f4c:	ca311e72 	bgt	c4891c <_edata+0xc457a8>
    prvAddTaskToReadyList( pxUnblockedTCB );
     f50:	02000000 	andeq	r0, r0, #0
     f54:	ae026091 	mcrge	0, 0, r6, cr2, cr1, {4}
     f58:	73000002 	movwvc	r0, #2
     f5c:	00ca311e 	sbceq	r3, sl, lr, lsl r1
     f60:	91020000 	mrsls	r0, (UNDEF: 2)
     f64:	0a69025c 	beq	1a418dc <_edata+0x1a3e768>
     f68:	1e740000 	cdpne	0, 7, cr0, cr4, cr0, {0}
     f6c:	0009ff33 	andeq	pc, r9, r3, lsr pc	@ <UNPREDICTABLE>
     f70:	58910200 	ldmpl	r1, {r9}
     f74:	000b2802 	andeq	r2, fp, r2, lsl #16
     f78:	331e7500 	tstcc	lr, #0, 10
     f7c:	00000139 	andeq	r0, r0, r9, lsr r1
     f80:	01009102 	tsteq	r0, r2, lsl #2
     f84:	000007e3 	andeq	r0, r0, r3, ror #15
     f88:	0d141e77 	ldceq	14, cr1, [r4, #-476]	@ 0xfffffe24
     f8c:	02000001 	andeq	r0, r0, #1
     f90:	5d017491 	stcpl	4, cr7, [r1, #-580]	@ 0xfffffdbc
     f94:	7700000b 	strvc	r0, [r0, -fp]
     f98:	010d1d1e 	tsteq	sp, lr, lsl sp
     f9c:	91020000 	mrsls	r0, (UNDEF: 2)
     fa0:	09a2016c 	stmibeq	r2!, {r2, r3, r5, r6, r8}
     fa4:	1e770000 	cdpne	0, 7, cr0, cr7, cr0, {0}
     fa8:	00010d2e 	andeq	r0, r1, lr, lsr #26
     fac:	70910200 	addsvc	r0, r1, r0, lsl #4
     fb0:	071f0c00 	ldreq	r0, [pc, -r0, lsl #24]
     fb4:	1e0b0000 	cdpne	0, 0, cr0, cr11, cr0, {0}
     fb8:	0000ca0e 	andeq	ip, r0, lr, lsl #20
     fbc:	00125000 	andseq	r5, r2, r0
     fc0:	0000f000 	andeq	pc, r0, r0
     fc4:	d59c0100 	ldrle	r0, [ip, #256]	@ 0x100
     fc8:	0200000b 	andeq	r0, r0, #11
     fcc:	00000cff 	strdeq	r0, [r0], -pc	@ <UNPREDICTABLE>
     fd0:	23331e0b 	teqcs	r3, #11, 28	@ 0xb0
        if( pxUnblockedTCB->uxPriority > pxCurrentTCB->uxPriority )
     fd4:	02000001 	andeq	r0, r0, #1
     fd8:	e8026491 	stmda	r2, {r0, r4, r7, sl, sp, lr}
     fdc:	0c000004 	stceq	0, cr0, [r0], {4}
            xYieldPendings[ 0 ] = pdTRUE;
     fe0:	010d321e 	tsteq	sp, lr, lsl r2
     fe4:	91020000 	mrsls	r0, (UNDEF: 2)
}
     fe8:	0b280260 	bleq	a01970 <_edata+0x9fe7fc>
     fec:	1e0d0000 	cdpne	0, 0, cr0, cr13, cr0, {0}
     ff0:	00013932 	andeq	r3, r1, r2, lsr r9
     ff4:	5c910200 	ldcpl	2, cr0, [r1], {0}
     ff8:	0007eb01 	andeq	lr, r7, r1, lsl #22
     ffc:	121e0f00 	andsne	r0, lr, #0, 30
{
    1000:	000000ca 	andeq	r0, r0, sl, asr #1
    1004:	016c9102 	cmneq	ip, r2, lsl #2
    taskENTER_CRITICAL();
    1008:	00000b5d 	andeq	r0, r0, sp, asr fp
        pxTimeOut->xOverflowCount = xNumOfOverflows;
    100c:	0d141e10 	ldceq	14, cr1, [r4, #-64]	@ 0xffffffc0
    1010:	02000001 	andeq	r0, r0, #1
        pxTimeOut->xTimeOnEntering = xTickCount;
    1014:	a2017091 	andge	r7, r1, #145	@ 0x91
    1018:	10000009 	andne	r0, r0, r9
    taskEXIT_CRITICAL();
    101c:	010d251e 	tsteq	sp, lr, lsl r5
}
    1020:	91020000 	mrsls	r0, (UNDEF: 2)
    1024:	0c0e0074 	stceq	0, cr0, [lr], {116}	@ 0x74
    1028:	de000009 	cdple	0, 0, cr0, cr0, cr9, {0}
    102c:	01390c1d 	teqeq	r9, sp, lsl ip
{
    1030:	12200000 	eorne	r0, r0, #0
    1034:	00300000 	eorseq	r0, r0, r0
    pxTimeOut->xOverflowCount = xNumOfOverflows;
    1038:	9c010000 	stcls	0, cr0, [r1], {-0}
    103c:	00000bff 	strdeq	r0, [r0], -pc	@ <UNPREDICTABLE>
    pxTimeOut->xTimeOnEntering = xTickCount;
    1040:	0007e201 	andeq	lr, r7, r1, lsl #4
    1044:	101de000 	andsne	lr, sp, r0
}
    1048:	00000139 	andeq	r0, r0, r9, lsr r1
    104c:	00749102 	rsbseq	r9, r4, r2, lsl #2
    1050:	000bdc0e 	andeq	sp, fp, lr, lsl #24
    1054:	1219ae00 	andsne	sl, r9, #0, 28
    1058:	00000245 	andeq	r0, r0, r5, asr #4
{
    105c:	000011f0 	strdeq	r1, [r0], -r0
    1060:	00000030 	andeq	r0, r0, r0, lsr r0
    1064:	0c389c01 	ldceq	12, cr9, [r8], #-4
    taskENTER_CRITICAL();
    1068:	4e020000 	cdpmi	0, 0, cr0, cr2, cr0, {0}
        const TickType_t xConstTickCount = xTickCount;
    106c:	ae000002 	cdpge	0, 0, cr0, cr0, cr2, {0}
        const TickType_t xElapsedTime = xConstTickCount - pxTimeOut->xTimeOnEntering;
    1070:	010d3f19 	tsteq	sp, r9, lsl pc
    1074:	91020000 	mrsls	r0, (UNDEF: 2)
    1078:	07e3016c 	strbeq	r0, [r3, ip, ror #2]!
        if( ( xNumOfOverflows != pxTimeOut->xOverflowCount ) && ( xConstTickCount >= pxTimeOut->xTimeOnEntering ) )
    107c:	19b00000 	ldmibne	r0!, {}	@ <UNPREDICTABLE>
    1080:	00024516 	andeq	r4, r2, r6, lsl r5
    1084:	74910200 	ldrvc	r0, [r1], #512	@ 0x200
    1088:	0b6d0e00 	bleq	1b44890 <_edata+0x1b4171c>
    108c:	198b0000 	stmibne	fp, {}	@ <UNPREDICTABLE>
            xReturn = pdTRUE;
    1090:	00024516 	andeq	r4, r2, r6, lsl r5
            *pxTicksToWait = ( TickType_t ) 0;
    1094:	0011d400 	andseq	sp, r1, r0, lsl #8
    1098:	00001c00 	andeq	r1, r0, r0, lsl #24
        else if( xElapsedTime < *pxTicksToWait )
    109c:	629c0100 	addsvs	r0, ip, #0, 2
    10a0:	0100000c 	tsteq	r0, ip
    10a4:	000007e3 	andeq	r0, r0, r3, ror #15
            *pxTicksToWait -= xElapsedTime;
    10a8:	451a198d 	ldrmi	r1, [sl, #-2445]	@ 0xfffff673
    10ac:	02000002 	andeq	r0, r0, #2
    10b0:	1f007491 	svcne	0x00007491
            vTaskInternalSetTimeOutState( pxTimeOut );
    10b4:	0000083a 	andeq	r0, r0, sl, lsr r8
            xReturn = pdFALSE;
    10b8:	11a01973 	rorne	r1, r3, r9
    10bc:	00340000 	eorseq	r0, r4, r0
            *pxTicksToWait = ( TickType_t ) 0;
    10c0:	9c010000 	stcls	0, cr0, [r1], {-0}
            xReturn = pdTRUE;
    10c4:	000cc91f 	andeq	ip, ip, pc, lsl r9
    taskEXIT_CRITICAL();
    10c8:	9417d300 	ldrls	sp, [r7], #-768	@ 0xfffffd00
    return xReturn;
    10cc:	0c000011 	stceq	0, cr0, [r0], {17}
}
    10d0:	01000000 	mrseq	r0, (UNDEF: 0)
    10d4:	057f159c 	ldrbeq	r1, [pc, #-1436]!	@ b40 <xTaskIncrementTick+0x150>
    10d8:	17b30000 	ldrne	r0, [r3, r0]!
    10dc:	0011280d 	andseq	r2, r1, sp, lsl #16
{
    10e0:	00006c00 	andeq	r6, r0, r0, lsl #24
    xYieldPendings[ portGET_CORE_ID() ] = pdTRUE;
    10e4:	aa9c0100 	bge	fe7014ec <__StackTop+0xde6ff4ec>
    10e8:	0100000c 	tsteq	r0, ip
}
    10ec:	00000297 	muleq	r0, r7, r2
    10f0:	231117b5 	tstcs	r1, #47448064	@ 0x2d40000
    10f4:	02000001 	andeq	r0, r0, #1
{
    10f8:	15007491 	strne	r7, [r0, #-1169]	@ 0xfffffb6f
    10fc:	0000070a 	andeq	r0, r0, sl, lsl #14
        prvCheckTasksWaitingTermination();
    1100:	f80816a9 			@ <UNDEFINED> instruction: 0xf80816a9
            if( listCURRENT_LIST_LENGTH( &( pxReadyTasksLists[ tskIDLE_PRIORITY ] ) ) > ( UBaseType_t ) configNUMBER_OF_CORES )
    1104:	30000010 	andcc	r0, r0, r0, lsl r0
    1108:	01000000 	mrseq	r0, (UNDEF: 0)
                taskYIELD();
    110c:	000cd09c 	muleq	ip, ip, r0
    1110:	01930200 	orrseq	r0, r3, r0, lsl #4
    1114:	16a90000 	strtne	r0, [r9], r0
    1118:	00009708 	andeq	r9, r0, r8, lsl #14
        prvCheckTasksWaitingTermination();
    111c:	74910200 	ldrvc	r0, [r1], #512	@ 0x200
    1120:	0a7e2000 	beq	1f89128 <_edata+0x1f85fb4>
    1124:	16180000 	ldrne	r0, [r8], -r0
{
    1128:	000010e0 	andeq	r1, r0, r0, ror #1
    112c:	00000018 	andeq	r0, r0, r8, lsl r0
    for( uxPriority = ( UBaseType_t ) 0U; uxPriority < ( UBaseType_t ) configMAX_PRIORITIES; uxPriority++ )
    1130:	2e0c9c01 	cdpcs	12, 0, cr9, cr12, cr1, {0}
        vListInitialise( &( pxReadyTasksLists[ uxPriority ] ) );
    1134:	d300000a 	movwle	r0, #10
    1138:	010d0c15 	tsteq	sp, r5, lsl ip
    113c:	105c0000 	subsne	r0, ip, r0
    1140:	00840000 	addeq	r0, r4, r0
    1144:	9c010000 	stcls	0, cr0, [r1], {-0}
    for( uxPriority = ( UBaseType_t ) 0U; uxPriority < ( UBaseType_t ) configMAX_PRIORITIES; uxPriority++ )
    1148:	00000d51 	andeq	r0, r0, r1, asr sp
    114c:	00088a02 	andeq	r8, r8, r2, lsl #20
    1150:	3415d300 	ldrcc	sp, [r5], #-768	@ 0xfffffd00
    vListInitialise( &xDelayedTaskList1 );
    1154:	00000d56 	andeq	r0, r0, r6, asr sp
    1158:	02649102 	rsbeq	r9, r4, #-2147483648	@ 0x80000000
    vListInitialise( &xDelayedTaskList2 );
    115c:	00000b27 	andeq	r0, r0, r7, lsr #22
    vListInitialise( &xPendingReadyList );
    1160:	603515d4 	ldrsbtvs	r1, [r5], -r4
    1164:	0200000d 	andeq	r0, r0, #13
    pxDelayedTaskList = &xDelayedTaskList1;
    1168:	e3016091 	movw	r6, #4241	@ 0x1091
    pxOverflowDelayedTaskList = &xDelayedTaskList2;
    116c:	d6000007 	strle	r0, [r0], -r7
    1170:	010d1015 	tsteq	sp, r5, lsl r0
}
    1174:	91020000 	mrsls	r0, (UNDEF: 2)
    1178:	106a0974 	rsbne	r0, sl, r4, ror r9
    117c:	005e0000 	subseq	r0, lr, r0
    1180:	3a010000 	bcc	41188 <_edata+0x3e014>
    1184:	e0000006 	and	r0, r0, r6
    1188:	014a1a15 	cmpeq	sl, r5, lsl sl
    118c:	91020000 	mrsls	r0, (UNDEF: 2)
    1190:	05080170 	streq	r0, [r8, #-368]	@ 0xfffffe90
{
    1194:	15e10000 	strbne	r0, [r1, #0]!
}
    1198:	00014a1a 	andeq	r4, r1, sl, lsl sl
    119c:	6c910200 	ldcvs	2, cr0, [r1], {0}
{
    11a0:	2e040000 	cdpcs	0, 0, cr0, cr4, cr0, {0}
    if( listLIST_IS_EMPTY( pxDelayedTaskList ) != pdFALSE )
    11a4:	06000003 	streq	r0, [r0], -r3
    11a8:	00000d51 	andeq	r0, r0, r1, asr sp
    11ac:	00013904 	andeq	r3, r1, r4, lsl #18
        xNextTaskUnblockTime = portMAX_DELAY;
    11b0:	0d5b0600 	ldcleq	6, cr0, [fp, #-0]
    11b4:	cb140000 	blgt	5011bc <_edata+0x4fe048>
        xNextTaskUnblockTime = listGET_ITEM_VALUE_OF_HEAD_ENTRY( pxDelayedTaskList );
    11b8:	c7000008 	strgt	r0, [r0, -r8]
    11bc:	10300615 	eorsne	r0, r0, r5, lsl r6
    11c0:	002c0000 	eoreq	r0, ip, r0
}
    11c4:	9c010000 	stcls	0, cr0, [r1], {-0}
    11c8:	00000d8b 	andeq	r0, r0, fp, lsl #27
    11cc:	00088a02 	andeq	r8, r8, r2, lsl #20
    11d0:	3615c700 	ldrcc	ip, [r5], -r0, lsl #14
        {
    11d4:	00000d56 	andeq	r0, r0, r6, asr sp
    11d8:	00749102 	rsbseq	r9, r4, r2, lsl #2
            xReturn = pxCurrentTCB;
    11dc:	00039d17 	andeq	r9, r3, r7, lsl sp
            return xReturn;
    11e0:	0015b700 	andseq	fp, r5, r0, lsl #14
        }
    11e4:	30000010 	andcc	r0, r0, r0, lsl r0
    11e8:	01000000 	mrseq	r0, (UNDEF: 0)
    11ec:	000db09c 	muleq	sp, ip, r0
    {
    11f0:	088a0200 	stmeq	sl, {r9}
    11f4:	15b70000 	ldrne	r0, [r7, #0]!
        TaskHandle_t xReturn = NULL;
    11f8:	000d562e 	andeq	r5, sp, lr, lsr #12
        if( taskVALID_CORE_ID( xCoreID ) != pdFALSE )
    11fc:	74910200 	ldrvc	r0, [r1], #512	@ 0x200
    1200:	06911400 	ldreq	r1, [r1], r0, lsl #8
    1204:	156f0000 	strbne	r0, [pc, #-0]!	@ 120c <xTaskGetCurrentTaskHandleForCore+0x1c>
                xReturn = pxCurrentTCB;
    1208:	000ebc06 	andeq	fp, lr, r6, lsl #24
    120c:	00014400 	andeq	r4, r1, r0, lsl #8
    }
    1210:	479c0100 	ldrmi	r0, [ip, r0, lsl #2]
    1214:	0200000e 	andeq	r0, r0, #14
    1218:	00000b87 	andeq	r0, r0, r7, lsl #23
    121c:	2a36156f 	bcs	d867e0 <_edata+0xd8366c>
{
    1220:	02000002 	andeq	r0, r0, #2
    1224:	e2026491 	and	r6, r2, #-1862270976	@ 0x91000000
    uxReturn = listGET_LIST_ITEM_VALUE( &( pxCurrentTCB->xEventListItem ) );
    1228:	70000009 	andvc	r0, r0, r9
    122c:	014a3a15 	cmpeq	sl, r5, lsl sl
    listSET_LIST_ITEM_VALUE( &( pxCurrentTCB->xEventListItem ), ( ( TickType_t ) configMAX_PRIORITIES - ( TickType_t ) pxCurrentTCB->uxPriority ) );
    1230:	91020000 	mrsls	r0, (UNDEF: 2)
    1234:	04d90160 	ldrbeq	r0, [r9], #352	@ 0x160
    1238:	15720000 	ldrbne	r0, [r2, #-0]!
    123c:	0003ef0d 	andeq	lr, r3, sp, lsl #30
}
    1240:	74910200 	ldrvc	r0, [r1], #512	@ 0x200
    1244:	000ed603 	andeq	sp, lr, r3, lsl #12
    1248:	00003c00 	andeq	r3, r0, r0, lsl #24
    124c:	000e1000 	andeq	r1, lr, r0
    {
    1250:	0ca40100 	stceq	1, cr0, [r4]
    1254:	15840000 	strne	r0, [r4]
    1258:	00045b05 	andeq	r5, r4, r5, lsl #22
        BaseType_t xAlreadyYielded, xShouldBlock = pdFALSE;
    125c:	70910200 	addsvc	r0, r1, r0, lsl #4
        if( ( pxCurrentTCB->ulNotifiedValue[ uxIndexToWaitOn ] == 0U ) && ( xTicksToWait > ( TickType_t ) 0 ) )
    1260:	0f120300 	svceq	0x00120300
    1264:	003e0000 	eorseq	r0, lr, r0
    1268:	0e2d0000 	cdpeq	0, 2, cr0, cr13, cr0, {0}
    126c:	a4010000 	strge	r0, [r1], #-0
    1270:	9700000c 	strls	r0, [r0, -ip]
    1274:	045b0515 	ldrbeq	r0, [fp], #-1301	@ 0xfffffaeb
            vTaskSuspendAll();
    1278:	91020000 	mrsls	r0, (UNDEF: 2)
                taskENTER_CRITICAL();
    127c:	6209006c 	andvs	r0, r9, #108	@ 0x6c
                    if( pxCurrentTCB->ulNotifiedValue[ uxIndexToWaitOn ] == 0U )
    1280:	7000000f 	andvc	r0, r0, pc
    1284:	01000000 	mrseq	r0, (UNDEF: 0)
    1288:	0000033c 	andeq	r0, r0, ip, lsr r3
    128c:	2f051598 	svccs	0x00051598
    1290:	02000002 	andeq	r0, r0, #2
                        pxCurrentTCB->ucNotifyState[ uxIndexToWaitOn ] = taskWAITING_NOTIFICATION;
    1294:	00006891 	muleq	r0, r1, r8
    1298:	0006b30e 	andeq	fp, r6, lr, lsl #6
    129c:	0c151200 	ldceq	2, cr1, [r5], {-0}
                        xShouldBlock = pdTRUE;
    12a0:	0000010d 	andeq	r0, r0, sp, lsl #2
                taskEXIT_CRITICAL();
    12a4:	00000d28 	andeq	r0, r0, r8, lsr #26
                if( xShouldBlock == pdTRUE )
    12a8:	00000194 	muleq	r0, r4, r1
    12ac:	0eff9c01 	cdpeq	12, 15, cr9, cr15, cr1, {0}
                    prvAddCurrentTaskToDelayedList( xTicksToWait, pdTRUE );
    12b0:	1e020000 	cdpne	0, 0, cr0, cr2, cr0, {0}
    12b4:	12000003 	andne	r0, r0, #3
            xAlreadyYielded = xTaskResumeAll();
    12b8:	0f043b15 	svceq	0x00043b15
            if( ( xShouldBlock == pdTRUE ) && ( xAlreadyYielded == pdFALSE ) )
    12bc:	91020000 	mrsls	r0, (UNDEF: 2)
    12c0:	04d9015c 	ldrbeq	r0, [r9], #348	@ 0x15c
    12c4:	15140000 	ldrne	r0, [r4, #-0]
                taskYIELD_WITHIN_API();
    12c8:	0003ef0d 	andeq	lr, r3, sp, lsl #30
    12cc:	70910200 	addsvc	r0, r1, r0, lsl #4
    12d0:	0007e301 	andeq	lr, r7, r1, lsl #6
    12d4:	10151500 	andsne	r1, r5, r0, lsl #10
        taskENTER_CRITICAL();
    12d8:	0000010d 	andeq	r0, r0, sp, lsl #2
            ulReturn = pxCurrentTCB->ulNotifiedValue[ uxIndexToWaitOn ];
    12dc:	03749102 	cmneq	r4, #-2147483648	@ 0x80000000
    12e0:	00000d38 	andeq	r0, r0, r8, lsr sp
    12e4:	0000003e 	andeq	r0, r0, lr, lsr r0
    12e8:	00000eab 	andeq	r0, r0, fp, lsr #29
            if( ulReturn != 0U )
    12ec:	000ca401 	andeq	sl, ip, r1, lsl #8
    12f0:	05152b00 	ldreq	r2, [r5, #-2816]	@ 0xfffff500
                if( xClearCountOnExit != pdFALSE )
    12f4:	0000045b 	andeq	r0, r0, fp, asr r4
                    pxCurrentTCB->ulNotifiedValue[ uxIndexToWaitOn ] = ( uint32_t ) 0U;
    12f8:	006c9102 	rsbeq	r9, ip, r2, lsl #2
    12fc:	000d7e03 	andeq	r7, sp, r3, lsl #28
    1300:	00003e00 	andeq	r3, r0, r0, lsl #28
    1304:	000ec800 	andeq	ip, lr, r0, lsl #16
    1308:	0ca40100 	stceq	1, cr0, [r4]
                    pxCurrentTCB->ulNotifiedValue[ uxIndexToWaitOn ] = ulReturn - ( uint32_t ) 1;
    130c:	152f0000 	strne	r0, [pc, #-0]!	@ 1314 <ulTaskGenericNotifyTake+0xc4>
    1310:	00045b09 	andeq	r5, r4, r9, lsl #22
    1314:	64910200 	ldrvs	r0, [r1], #512	@ 0x200
    1318:	0dce0300 	stcleq	3, cr0, [lr]
            pxCurrentTCB->ucNotifyState[ uxIndexToWaitOn ] = taskNOT_WAITING_NOTIFICATION;
    131c:	00700000 	rsbseq	r0, r0, r0
    1320:	0ee50000 	cdpeq	0, 14, cr0, cr5, cr0, {0}
    1324:	3c010000 	stccc	0, cr0, [r1], {-0}
    1328:	30000003 	andcc	r0, r0, r3
        taskEXIT_CRITICAL();
    132c:	022f0915 	eoreq	r0, pc, #344064	@ 0x54000
    }
    1330:	91020000 	mrsls	r0, (UNDEF: 2)
    1334:	40090060 	andmi	r0, r9, r0, rrx
    1338:	3800000e 	stmdacc	r0, {r1, r2, r3}
    133c:	01000000 	mrseq	r0, (UNDEF: 0)
    {
    1340:	0000033c 	andeq	r0, r0, ip, lsr r3
    1344:	2f091544 	svccs	0x00091544
    1348:	02000002 	andeq	r0, r0, #2
    134c:	00006891 	muleq	r0, r1, r8
        BaseType_t xReturn, xAlreadyYielded, xShouldBlock = pdFALSE;
    1350:	00024004 	andeq	r4, r2, r4
        if( ( pxCurrentTCB->ucNotifyState[ uxIndexToWaitOn ] != taskNOTIFICATION_RECEIVED ) && ( xTicksToWait > ( TickType_t ) 0 ) )
    1354:	0eff0600 	cdpeq	6, 15, cr0, cr15, cr0, {0}
    1358:	f8170000 			@ <UNDEFINED> instruction: 0xf8170000
    135c:	cd00000a 	stcgt	0, cr0, [r0, #-40]	@ 0xffffffd8
    1360:	000cb814 	andeq	fp, ip, r4, lsl r8
    1364:	00007000 	andeq	r7, r0, r0
    1368:	659c0100 	ldrvs	r0, [ip, #256]	@ 0x100
            vTaskSuspendAll();
    136c:	0200000f 	andeq	r0, r0, #15
                taskENTER_CRITICAL();
    1370:	0000031e 	andeq	r0, r0, lr, lsl r3
                    if( pxCurrentTCB->ucNotifyState[ uxIndexToWaitOn ] != taskNOTIFICATION_RECEIVED )
    1374:	512f14cd 	smlawtpl	pc, sp, r4, r1	@ <UNPREDICTABLE>
    1378:	02000004 	andeq	r0, r0, #4
    137c:	e2026c91 	and	r6, r2, #37120	@ 0x9100
    1380:	ce000009 	cdpgt	0, 0, cr0, cr0, cr9, {0}
                        pxCurrentTCB->ulNotifiedValue[ uxIndexToWaitOn ] &= ~ulBitsToClearOnEntry;
    1384:	014a3714 	cmpeq	sl, r4, lsl r7
    1388:	91020000 	mrsls	r0, (UNDEF: 2)
    138c:	0b280268 	bleq	a01d34 <_edata+0x9febc0>
    1390:	14cf0000 	strbne	r0, [pc], #0	@ 1398 <xTaskGenericNotifyWait+0x58>
    1394:	00014a37 	andeq	r4, r1, r7, lsr sl
    1398:	64910200 	ldrvs	r0, [r1], #512	@ 0x200
    139c:	000cd009 	andeq	sp, ip, r9
    13a0:	00004200 	andeq	r4, r0, r0, lsl #4
                        pxCurrentTCB->ucNotifyState[ uxIndexToWaitOn ] = taskWAITING_NOTIFICATION;
    13a4:	033c0100 	teqeq	ip, #0, 2
    13a8:	14e30000 	strbtne	r0, [r3], #0
    13ac:	00022f05 	andeq	r2, r2, r5, lsl #30
                        xShouldBlock = pdTRUE;
    13b0:	74910200 	ldrvc	r0, [r1], #512	@ 0x200
                taskEXIT_CRITICAL();
    13b4:	6b170000 	blvs	5c13bc <_edata+0x5be248>
                if( xShouldBlock == pdTRUE )
    13b8:	b0000006 	andlt	r0, r0, r6
    13bc:	000c8c14 	andeq	r8, ip, r4, lsl ip
                    prvAddCurrentTaskToDelayedList( xTicksToWait, pdTRUE );
    13c0:	00002c00 	andeq	r2, r0, r0, lsl #24
    13c4:	999c0100 	ldmibls	ip, {r8}
            xAlreadyYielded = xTaskResumeAll();
    13c8:	0200000f 	andeq	r0, r0, #15
            if( ( xShouldBlock == pdTRUE ) && ( xAlreadyYielded == pdFALSE ) )
    13cc:	0000031e 	andeq	r0, r0, lr, lsl r3
    13d0:	5b2c14b0 	blpl	b06698 <_edata+0xb03524>
    13d4:	02000004 	andeq	r0, r0, #4
                taskYIELD_WITHIN_API();
    13d8:	28027491 	stmdacs	r2, {r0, r4, r7, sl, ip, sp, lr}
    13dc:	b100000b 	tstlt	r0, fp
    13e0:	014a2e14 	cmpeq	sl, r4, lsl lr
    13e4:	91020000 	mrsls	r0, (UNDEF: 2)
        taskENTER_CRITICAL();
    13e8:	66140070 			@ <UNDEFINED> instruction: 0x66140070
            if( pulNotificationValue != NULL )
    13ec:	f5000009 			@ <UNDEFINED> instruction: 0xf5000009
    13f0:	0c000a13 			@ <UNDEFINED> instruction: 0x0c000a13
                *pulNotificationValue = pxCurrentTCB->ulNotifiedValue[ uxIndexToWaitOn ];
    13f4:	008c0000 	addeq	r0, ip, r0
    13f8:	9c010000 	stcls	0, cr0, [r1], {-0}
    13fc:	00001007 	andeq	r1, r0, r7
    1400:	000c1c09 	andeq	r1, ip, r9, lsl #24
            if( pxCurrentTCB->ucNotifyState[ uxIndexToWaitOn ] != taskNOTIFICATION_RECEIVED )
    1404:	00004e00 	andeq	r4, r0, r0, lsl #28
    1408:	0b410100 	bleq	1041810 <_edata+0x103e69c>
    140c:	142f0000 	strtne	r0, [pc], #-0	@ 1414 <xTaskGenericNotifyWait+0xd4>
    1410:	0001230d 	andeq	r2, r1, sp, lsl #6
    1414:	74910200 	ldrvc	r0, [r1], #512	@ 0x200
                xReturn = pdFALSE;
    1418:	000c3203 	andeq	r3, ip, r3, lsl #4
                pxCurrentTCB->ulNotifiedValue[ uxIndexToWaitOn ] &= ~ulBitsToClearOnExit;
    141c:	00003800 	andeq	r3, r0, r0, lsl #16
    1420:	000fe400 	andeq	lr, pc, r0, lsl #8
    1424:	02a20100 	adceq	r0, r2, #0, 2
    1428:	142f0000 	strtne	r0, [pc], #-0	@ 1430 <xTaskGenericNotifyWait+0xf0>
    142c:	00045b0d 	andeq	r5, r4, sp, lsl #22
    1430:	70910200 	addsvc	r0, r1, r0, lsl #4
    1434:	15ed1600 	strbne	r1, [sp, #1536]!	@ 0x600
    1438:	0c220000 	stceq	0, cr0, [r2], #-0
                xReturn = pdTRUE;
    143c:	000a0000 	andeq	r0, sl, r0
            pxCurrentTCB->ucNotifyState[ uxIndexToWaitOn ] = taskNOT_WAITING_NOTIFICATION;
    1440:	142f0000 	strtne	r0, [pc], #-0	@ 1448 <xTaskGenericNotifyWait+0x108>
    1444:	15fa1c0d 	ldrbne	r1, [sl, #3085]!	@ 0xc0d
    1448:	91020000 	mrsls	r0, (UNDEF: 2)
        taskEXIT_CRITICAL();
    144c:	16050f6c 	strne	r0, [r5], -ip, ror #30
        return xReturn;
    1450:	91020000 	mrsls	r0, (UNDEF: 2)
    }
    1454:	0000006b 	andeq	r0, r0, fp, rrx
    1458:	0003db0c 	andeq	sp, r3, ip, lsl #22
    145c:	0c127500 	ldceq	5, cr7, [r2], {-0}
    1460:	0000010d 	andeq	r0, r0, sp, lsl #2
    {
    1464:	000009f0 	strdeq	r0, [r0], -r0	@ <UNPREDICTABLE>
    1468:	00000210 	andeq	r0, r0, r0, lsl r2
    146c:	10d89c01 	sbcsne	r9, r8, r1, lsl #24
    1470:	2f010000 	svccs	0x00010000
        BaseType_t xReturn = pdPASS;
    1474:	7700000c 	strvc	r0, [r0, -ip]
        pxTCB = xTaskToNotify;
    1478:	03ef0d12 	mvneq	r0, #1152	@ 0x480
        taskENTER_CRITICAL();
    147c:	91020000 	mrsls	r0, (UNDEF: 2)
            if( pulPreviousNotificationValue != NULL )
    1480:	09e20168 	stmibeq	r2!, {r3, r5, r6, r8}^
                *pulPreviousNotificationValue = pxTCB->ulNotifiedValue[ uxIndexToNotify ];
    1484:	12780000 	rsbsne	r0, r8, #0
    1488:	00013910 	andeq	r3, r1, r0, lsl r9
    148c:	64910200 	ldrvs	r0, [r1], #512	@ 0x200
    1490:	000a0e01 	andeq	r0, sl, r1, lsl #28
            ucOriginalNotifyState = pxTCB->ucNotifyState[ uxIndexToNotify ];
    1494:	10127900 	andsne	r7, r2, r0, lsl #18
    1498:	0000010d 	andeq	r0, r0, sp, lsl #2
    149c:	09749102 	ldmdbeq	r4!, {r1, r8, ip, pc}^
            pxTCB->ucNotifyState[ uxIndexToNotify ] = taskNOTIFICATION_RECEIVED;
    14a0:	00000a04 	andeq	r0, r0, r4, lsl #20
    14a4:	000001bc 			@ <UNDEFINED> instruction: 0x000001bc
    14a8:	00063a01 	andeq	r3, r6, r1, lsl #20
            switch( eAction )
    14ac:	1a128a00 	bne	4a3cb4 <_edata+0x4a0b40>
    14b0:	0000014a 	andeq	r0, r0, sl, asr #2
    14b4:	03709102 	cmneq	r0, #-2147483648	@ 0x80000000
    14b8:	00000a18 	andeq	r0, r0, r8, lsl sl
    14bc:	00000022 	andeq	r0, r0, r2, lsr #32
    14c0:	00001083 	andeq	r1, r0, r3, lsl #1
    14c4:	0005b101 	andeq	fp, r5, r1, lsl #2
    14c8:	0d129200 	ldceq	2, cr9, [r2, #-0]
                    pxTCB->ulNotifiedValue[ uxIndexToNotify ] |= ulValue;
    14cc:	00000451 	andeq	r0, r0, r1, asr r4
    14d0:	006c9102 	rsbeq	r9, ip, r2, lsl #2
    14d4:	000a7a03 	andeq	r7, sl, r3, lsl #20
    14d8:	00003e00 	andeq	r3, r0, r0, lsl #28
    14dc:	0010a000 	andseq	sl, r0, r0
    14e0:	0ca40100 	stceq	1, cr0, [r4]
    14e4:	12c70000 	sbcne	r0, r7, #0
                    break;
    14e8:	00045b15 	andeq	r5, r4, r5, lsl fp
                    ( pxTCB->ulNotifiedValue[ uxIndexToNotify ] )++;
    14ec:	60910200 	addsvs	r0, r1, r0, lsl #4
    14f0:	0ac00300 	beq	ff0020f8 <__StackTop+0xdf0000f8>
    14f4:	003e0000 	eorseq	r0, lr, r0
    14f8:	10bd0000 	adcsne	r0, sp, r0
    14fc:	a4010000 	strge	r0, [r1], #-0
    1500:	cd00000c 	stcgt	0, cr0, [r0, #-48]	@ 0xffffffd0
                    break;
    1504:	045b1912 	ldrbeq	r1, [fp], #-2322	@ 0xfffff6ee
                    pxTCB->ulNotifiedValue[ uxIndexToNotify ] = ulValue;
    1508:	91020000 	mrsls	r0, (UNDEF: 2)
    150c:	1009005c 	andne	r0, r9, ip, asr r0
    1510:	7000000b 	andvc	r0, r0, fp
                    break;
    1514:	01000000 	mrseq	r0, (UNDEF: 0)
                    if( ucOriginalNotifyState != taskNOTIFICATION_RECEIVED )
    1518:	0000033c 	andeq	r0, r0, ip, lsr r3
                        pxTCB->ulNotifiedValue[ uxIndexToNotify ] = ulValue;
    151c:	2f1512d6 	svccs	0x001512d6
    1520:	02000002 	andeq	r0, r0, #2
    1524:	00005891 	muleq	r0, r1, r8
    1528:	044d0c00 	strbeq	r0, [sp], #-3072	@ 0xfffff400
                        xReturn = pdFAIL;
    152c:	11f90000 	mvnsne	r0, r0
                    break;
    1530:	00010d0c 	andeq	r0, r1, ip, lsl #26
            if( ucOriginalNotifyState == taskWAITING_NOTIFICATION )
    1534:	0009bc00 	andeq	fp, r9, r0, lsl #24
    1538:	00003400 	andeq	r3, r0, r0, lsl #8
                listREMOVE_ITEM( &( pxTCB->xStateListItem ) );
    153c:	119c0100 	orrsne	r0, ip, r0, lsl #2
    1540:	02000011 	andeq	r0, r0, #17
    1544:	00000ba4 	andeq	r0, r0, r4, lsr #23
    1548:	392a11f9 	stmdbcc	sl!, {r0, r3, r4, r5, r6, r7, r8, ip}
    154c:	02000001 	andeq	r0, r0, #1
    1550:	86016c91 			@ <UNDEFINED> instruction: 0x86016c91
    1554:	fb000007 	blx	157a <xTaskGenericNotify+0x116>
    1558:	010d1011 	tsteq	sp, r1, lsl r0
    155c:	91020000 	mrsls	r0, (UNDEF: 2)
    1560:	a10e0074 	tstge	lr, r4, ror r0
    1564:	8200000a 	andhi	r0, r0, #10
    1568:	009e0810 	addseq	r0, lr, r0, lsl r8
    156c:	09900000 	ldmibeq	r0, {}	@ <UNPREDICTABLE>
    1570:	002c0000 	eoreq	r0, ip, r0
    1574:	9c010000 	stcls	0, cr0, [r1], {-0}
                prvAddTaskToReadyList( pxTCB );
    1578:	0000114a 	andeq	r1, r0, sl, asr #2
    157c:	00092d02 	andeq	r2, r9, r2, lsl #26
    1580:	24108200 	ldrcs	r8, [r0], #-512	@ 0xfffffe00
    1584:	00000245 	andeq	r0, r0, r5, asr #4
    1588:	016c9102 	cmneq	ip, r2, lsl #2
    158c:	00000c2f 	andeq	r0, r0, pc, lsr #24
    1590:	ef0d1084 	svc	0x000d1084
    1594:	02000003 	andeq	r0, r0, #3
    1598:	2e007491 	mcrcs	4, 0, r7, cr0, cr1, {4}
    159c:	000002c2 	andeq	r0, r0, r2, asr #5
    15a0:	0d107601 	ldceq	6, cr7, [r0, #-4]
    15a4:	00000123 	andeq	r0, r0, r3, lsr #2
    15a8:	0000097c 	andeq	r0, r0, ip, ror r9
    15ac:	00000014 	andeq	r0, r0, r4, lsl r0
    15b0:	2c0e9c01 	stccs	12, cr9, [lr], {1}
    15b4:	53000005 	movwpl	r0, #5
    15b8:	01390c10 	teqeq	r9, r0, lsl ip
    15bc:	095c0000 	ldmdbeq	ip, {}^	@ <UNPREDICTABLE>
    15c0:	00200000 	eoreq	r0, r0, r0
    15c4:	9c010000 	stcls	0, cr0, [r1], {-0}
    15c8:	0000119a 	muleq	r0, sl, r1
    15cc:	0007e301 	andeq	lr, r7, r1, lsl #6
    15d0:	10105500 	andsne	r5, r0, r0, lsl #10
    15d4:	00000139 	andeq	r0, r0, r9, lsr r1
    15d8:	01709102 	cmneq	r0, r2, lsl #2
    15dc:	00000482 	andeq	r0, r0, r2, lsl #9
    15e0:	23111056 	tstcs	r1, #86	@ 0x56
    15e4:	02000001 	andeq	r0, r0, #1
    15e8:	0e007491 	mcreq	4, 0, r7, cr0, cr1, {4}
    15ec:	000008af 	andeq	r0, r0, pc, lsr #17
    15f0:	390c1040 	stmdbcc	ip, {r6, ip}
    15f4:	40000001 	andmi	r0, r0, r1
    15f8:	1c000009 	stcne	0, cr0, [r0], {9}
                taskYIELD_ANY_CORE_IF_USING_PREEMPTION( pxTCB );
    15fc:	01000000 	mrseq	r0, (UNDEF: 0)
    1600:	0011c49c 	mulseq	r1, ip, r4
    1604:	0aaf0100 	beq	febc1a0c <__StackTop+0xdebbfa0c>
    1608:	10420000 	subne	r0, r2, r0
    160c:	00013910 	andeq	r3, r1, r0, lsl r9
    1610:	74910200 	ldrvc	r0, [r1], #512	@ 0x200
    1614:	09ed0c00 	stmibeq	sp!, {sl, fp}^
        taskEXIT_CRITICAL();
    1618:	0fab0000 	svceq	0x00ab0000
        return xReturn;
    161c:	00010d0c 	andeq	r0, r1, ip, lsl #26
    }
    1620:	00075000 	andeq	r5, r7, r0
    1624:	0001f000 	andeq	pc, r1, r0
    1628:	869c0100 	ldrhi	r0, [ip], r0, lsl #2
    162c:	01000012 	tsteq	r0, r2, lsl r0
    1630:	00000c2f 	andeq	r0, r0, pc, lsr #24
    1634:	ef0d0fad 	svc	0x000d0fad
    {
    1638:	02000003 	andeq	r0, r0, #3
    163c:	5d017491 	stcpl	4, cr7, [r1, #-580]	@ 0xfffffdbc
    1640:	ae00000b 	cdpge	0, 0, cr0, cr0, cr11, {0}
    1644:	010d100f 	tsteq	sp, pc
        BaseType_t xReturn = pdPASS;
    1648:	91020000 	mrsls	r0, (UNDEF: 2)
        pxTCB = xTaskToNotify;
    164c:	07620970 			@ <UNDEFINED> instruction: 0x07620970
    __asm volatile
    1650:	01ac0000 			@ <UNDEFINED> instruction: 0x01ac0000
    1654:	4e010000 	cdpmi	0, 0, cr0, cr1, cr0, {0}
    1658:	bd000002 	stclt	0, cr0, [r0, #-8]
    165c:	011e1e0f 	tsteq	lr, pc, lsl #28
    1660:	91020000 	mrsls	r0, (UNDEF: 2)
    1664:	078e0368 	streq	r0, [lr, r8, ror #6]
        uxSavedInterruptStatus = ( UBaseType_t ) taskENTER_CRITICAL_FROM_ISR();
    1668:	003e0000 	eorseq	r0, lr, r0
            if( pulPreviousNotificationValue != NULL )
    166c:	12310000 	eorsne	r0, r1, #0
                *pulPreviousNotificationValue = pxTCB->ulNotifiedValue[ uxIndexToNotify ];
    1670:	a4010000 	strge	r0, [r1], #-0
    1674:	d200000c 	andle	r0, r0, #12
    1678:	045b190f 	ldrbeq	r1, [fp], #-2319	@ 0xfffff6f1
    167c:	91020000 	mrsls	r0, (UNDEF: 2)
            ucOriginalNotifyState = pxTCB->ucNotifyState[ uxIndexToNotify ];
    1680:	cc030064 	stcgt	0, cr0, [r3], {100}	@ 0x64
    1684:	3e000007 	cdpcc	0, 0, cr0, cr0, cr7, {0}
    1688:	4e000000 	cdpmi	0, 0, cr0, cr0, cr0, {0}
    168c:	01000012 	tsteq	r0, r2, lsl r0
            pxTCB->ucNotifyState[ uxIndexToNotify ] = taskNOTIFICATION_RECEIVED;
    1690:	00000ca4 	andeq	r0, r0, r4, lsr #25
    1694:	5b190fd4 	blpl	6455ec <_edata+0x642478>
    1698:	02000004 	andeq	r0, r0, #4
            switch( eAction )
    169c:	03006091 	movweq	r6, #145	@ 0x91
    16a0:	0000081c 	andeq	r0, r0, ip, lsl r8
    16a4:	00000070 	andeq	r0, r0, r0, ror r0
    16a8:	0000126b 	andeq	r1, r0, fp, ror #4
    16ac:	00033c01 	andeq	r3, r3, r1, lsl #24
    16b0:	190fd500 	stmdbne	pc, {r8, sl, ip, lr, pc}	@ <UNPREDICTABLE>
    16b4:	0000022f 	andeq	r0, r0, pc, lsr #4
    16b8:	005c9102 	subseq	r9, ip, r2, lsl #2
                    pxTCB->ulNotifiedValue[ uxIndexToNotify ] |= ulValue;
    16bc:	0008b809 	andeq	fp, r8, r9, lsl #16
    16c0:	00003200 	andeq	r3, r0, r0, lsl #4
    16c4:	035c0100 	cmpeq	ip, #0, 2
    16c8:	10020000 	andne	r0, r2, r0
    16cc:	00013924 	andeq	r3, r1, r4, lsr #18
    16d0:	6c910200 	ldcvs	2, cr0, [r1], {0}
    16d4:	20000000 	andcs	r0, r0, r0
                    break;
    16d8:	000005ca 	andeq	r0, r0, sl, asr #11
                    ( pxTCB->ulNotifiedValue[ uxIndexToNotify ] )++;
    16dc:	07340efd 			@ <UNDEFINED> instruction: 0x07340efd
    16e0:	001c0000 	andseq	r0, ip, r0
    16e4:	9c010000 	stcls	0, cr0, [r1], {-0}
    16e8:	00062817 	andeq	r2, r6, r7, lsl r8
    16ec:	040ed200 	streq	sp, [lr], #-512	@ 0xfffffe00
    16f0:	30000007 	andcc	r0, r0, r7
                    break;
    16f4:	01000000 	mrseq	r0, (UNDEF: 0)
                    pxTCB->ulNotifiedValue[ uxIndexToNotify ] = ulValue;
    16f8:	0012c69c 	mulseq	r2, ip, r6
    16fc:	15d71600 	ldrbne	r1, [r7, #1536]	@ 0x600
    1700:	070a0000 	streq	r0, [sl, -r0]
                    break;
    1704:	00140000 	andseq	r0, r4, r0
                    if( ucOriginalNotifyState != taskNOTIFICATION_RECEIVED )
    1708:	0ef20000 	cdpeq	0, 15, cr0, cr2, cr0, {0}
    170c:	15e10f05 	strbne	r0, [r1, #3845]!	@ 0xf05
                        pxTCB->ulNotifiedValue[ uxIndexToNotify ] = ulValue;
    1710:	91020000 	mrsls	r0, (UNDEF: 2)
    1714:	17000074 	smlsdxne	r0, r4, r0, r0
    1718:	00000080 	andeq	r0, r0, r0, lsl #1
                    break;
    171c:	06a80e69 	strteq	r0, [r8], r9, ror #28
                        xReturn = pdFAIL;
    1720:	005c0000 	subseq	r0, ip, r0
                    break;
    1724:	9c010000 	stcls	0, cr0, [r1], {-0}
            if( ucOriginalNotifyState == taskWAITING_NOTIFICATION )
    1728:	00001304 	andeq	r1, r0, r4, lsl #6
    172c:	0007e301 	andeq	lr, r7, r1, lsl #6
                if( uxSchedulerSuspended == ( UBaseType_t ) 0U )
    1730:	100e6b00 	andne	r6, lr, r0, lsl #22
    1734:	0000010d 	andeq	r0, r0, sp, lsl #2
                    listREMOVE_ITEM( &( pxTCB->xStateListItem ) );
    1738:	16749102 	ldrbtne	r9, [r4], -r2, lsl #2
    173c:	000015d7 	ldrdeq	r1, [r0], -r7
    1740:	000006ba 			@ <UNDEFINED> instruction: 0x000006ba
    1744:	00000014 	andeq	r0, r0, r4, lsl r0
    1748:	0f090e96 	svceq	0x00090e96
    174c:	000015e1 	andeq	r1, r0, r1, ror #11
    1750:	00709102 	rsbseq	r9, r0, r2, lsl #2
    1754:	075f2100 	ldrbeq	r2, [pc, -r0, lsl #2]
    1758:	0dd40000 	ldcleq	0, cr0, [r4]
    175c:	00010d13 	andeq	r0, r1, r3, lsl sp
    1760:	0005fc00 	andeq	pc, r5, r0, lsl #24
    1764:	0000ac00 	andeq	sl, r0, r0, lsl #24
    1768:	6a9c0100 	bvs	fe701b70 <__StackTop+0xde6ffb70>
    176c:	01000013 	tsteq	r0, r3, lsl r0
    1770:	000007e3 	andeq	r0, r0, r3, ror #15
    1774:	0d100dd6 	ldceq	13, cr0, [r0, #-856]	@ 0xfffffca8
                    prvAddTaskToReadyList( pxTCB );
    1778:	02000001 	andeq	r0, r0, #1
    177c:	4e017491 	mcrmi	4, 0, r7, cr1, cr1, {4}
    1780:	d7000002 	strle	r0, [r0, -r2]
    1784:	010d100d 	tsteq	sp, sp
    1788:	91020000 	mrsls	r0, (UNDEF: 2)
    178c:	09af0170 	stmibeq	pc!, {r4, r5, r6, r8}	@ <UNPREDICTABLE>
    1790:	0dd80000 	ldcleq	0, cr0, [r8]
    1794:	00038a0a 	andeq	r8, r3, sl, lsl #20
    1798:	58910200 	ldmpl	r1, {r9}
    179c:	000a4d01 	andeq	r4, sl, r1, lsl #26
    17a0:	140dd900 	strne	sp, [sp], #-2304	@ 0xfffff700
    17a4:	000000db 	ldrdeq	r0, [r0], -fp
    17a8:	01689102 	cmneq	r8, r2, lsl #2
    17ac:	0000055a 	andeq	r0, r0, sl, asr r5
    17b0:	23110dda 	tstcs	r1, #13952	@ 0x3680
    17b4:	02000001 	andeq	r0, r0, #1
    17b8:	15006c91 	strne	r6, [r0, #-3217]	@ 0xfffff36f
    17bc:	00000746 	andeq	r0, r0, r6, asr #14
    17c0:	d41107f9 	ldrle	r0, [r1], #-2041	@ 0xfffff807
    17c4:	28000004 	stmdacs	r0, {r2}
    17c8:	01000001 	tsteq	r0, r1
    17cc:	0013a99c 	mulseq	r3, ip, r9
    17d0:	07720200 	ldrbeq	r0, [r2, -r0, lsl #4]!
    17d4:	07f90000 	ldrbeq	r0, [r9, r0]!
    17d8:	0003ef33 	andeq	lr, r3, r3, lsr pc
    17dc:	6c910200 	ldcvs	2, cr0, [r1], {0}
    17e0:	00053e09 	andeq	r3, r5, r9, lsl #28
    17e4:	00007000 	andeq	r7, r0, r0
    17e8:	033c0100 	teqeq	ip, #0, 2
    17ec:	08330000 	ldmdaeq	r3!, {}	@ <UNPREDICTABLE>
    17f0:	00022f0d 	andeq	r2, r2, sp, lsl #30
    17f4:	74910200 	ldrvc	r0, [r1], #512	@ 0x200
    17f8:	cd150000 	ldcgt	0, cr0, [r5, #-0]
                    listINSERT_END( &( xPendingReadyList ), &( pxTCB->xEventListItem ) );
    17fc:	17000009 	strne	r0, [r0, -r9]
    1800:	040a0d07 	streq	r0, [sl], #-3335	@ 0xfffff2f9
    1804:	00ca0000 	sbceq	r0, sl, r0
    1808:	9c010000 	stcls	0, cr0, [r1], {-0}
    180c:	00001455 	andeq	r1, r0, r5, asr r4
    1810:	00077b02 	andeq	r7, r7, r2, lsl #22
    1814:	32071700 	andcc	r1, r7, #0, 14
    1818:	000000db 	ldrdeq	r0, [r0], -fp
    181c:	026c9102 	rsbeq	r9, ip, #-2147483648	@ 0x80000000
    1820:	0000064a 	andeq	r0, r0, sl, asr #12
    1824:	b4360718 	ldrtlt	r0, [r6], #-1816	@ 0xfffff8e8
    1828:	02000000 	andeq	r0, r0, #0
    182c:	da026891 	ble	9ba78 <_edata+0x98904>
    1830:	19000005 	stmdbne	r0, {r0, r2}
                    if( pxTCB->uxPriority > pxCurrentTCB->uxPriority )
    1834:	01084007 	tsteq	r8, r7
    1838:	91020000 	mrsls	r0, (UNDEF: 2)
    183c:	01930264 	orrseq	r0, r3, r4, ror #4
                        if( pxHigherPriorityTaskWoken != NULL )
    1840:	071a0000 	ldreq	r0, [sl, -r0]
    1844:	00009930 	andeq	r9, r0, r0, lsr r9
                            *pxHigherPriorityTaskWoken = pdTRUE;
    1848:	60910200 	addsvs	r0, r1, r0, lsl #4
                        xYieldPendings[ 0 ] = pdTRUE;
    184c:	00029702 	andeq	r9, r2, r2, lsl #14
    1850:	2f071b00 	svccs	0x00071b00
    1854:	00000123 	andeq	r0, r0, r3, lsr #2
    __asm volatile
    1858:	02009102 	andeq	r9, r0, #-2147483648	@ 0x80000000
}
    185c:	00000cbb 			@ <UNDEFINED> instruction: 0x00000cbb
    }
    1860:	5a38071c 	bpl	e034d8 <_edata+0xe00364>
    1864:	02000014 	andeq	r0, r0, #20
    1868:	72020491 	andvc	r0, r2, #-1862270976	@ 0x91000000
    186c:	1d000007 	stcne	0, cr0, [r0, #-28]	@ 0xffffffe4
    1870:	03ef2b07 	mvneq	r2, #7168	@ 0x1c00
    1874:	91020000 	mrsls	r0, (UNDEF: 2)
    1878:	0bb40208 	bleq	fed020a0 <__StackTop+0xded000a0>
    187c:	071e0000 	ldreq	r0, [lr, -r0]
    1880:	00146440 	andseq	r6, r4, r0, asr #8
    {
    1884:	0c910200 	ldceq	2, cr0, [r1], {0}
    1888:	000c7801 	andeq	r7, ip, r1, lsl #16
    188c:	13072000 	movwne	r2, #28672	@ 0x7000
        pxTCB = xTaskToNotify;
    1890:	00000380 	andeq	r0, r0, r0, lsl #7
    __asm volatile
    1894:	2f709102 	svccs	0x00709102
    1898:	21010078 	tstcs	r1, r8, ror r0
    189c:	01231107 			@ <UNDEFINED> instruction: 0x01231107
    18a0:	91020000 	mrsls	r0, (UNDEF: 2)
    18a4:	45040074 	strmi	r0, [r4, #-116]	@ 0xffffff8c
    18a8:	06000002 	streq	r0, [r0], -r2
    return ulOriginalBASEPRI;
    18ac:	00001455 	andeq	r1, r0, r5, asr r4
            ucOriginalNotifyState = pxTCB->ucNotifyState[ uxIndexToNotify ];
    18b0:	00037b04 	andeq	r7, r3, r4, lsl #22
    18b4:	145f0600 	ldrbne	r0, [pc], #-1536	@ 18bc <vTaskGenericNotifyGiveFromISR+0x38>
    18b8:	140c0000 	strne	r0, [ip], #-0
    18bc:	cc000002 	stcgt	0, cr0, [r0], {2}
            pxTCB->ucNotifyState[ uxIndexToNotify ] = taskNOTIFICATION_RECEIVED;
    18c0:	010d1006 	tsteq	sp, r6
    18c4:	03c40000 	biceq	r0, r4, #0
    18c8:	00460000 	subeq	r0, r6, r0
            ( pxTCB->ulNotifiedValue[ uxIndexToNotify ] )++;
    18cc:	9c010000 	stcls	0, cr0, [r1], {-0}
    18d0:	000014fc 	strdeq	r1, [r0], -ip
    18d4:	00077b02 	andeq	r7, r7, r2, lsl #22
    18d8:	2c06cc00 	stccs	12, cr12, [r6], {-0}
    18dc:	000000db 	ldrdeq	r0, [r0], -fp
    18e0:	026c9102 	rsbeq	r9, ip, #-2147483648	@ 0x80000000
            if( ucOriginalNotifyState == taskWAITING_NOTIFICATION )
    18e4:	0000064a 	andeq	r0, r0, sl, asr #12
    18e8:	b43006cd 	ldrtlt	r0, [r0], #-1741	@ 0xfffff933
    18ec:	02000000 	andeq	r0, r0, #0
                if( uxSchedulerSuspended == ( UBaseType_t ) 0U )
    18f0:	da026891 	ble	9bb3c <_edata+0x989c8>
    18f4:	ce000005 	cdpgt	0, 0, cr0, cr0, cr5, {0}
                    listREMOVE_ITEM( &( pxTCB->xStateListItem ) );
    18f8:	01083a06 	tsteq	r8, r6, lsl #20
    18fc:	91020000 	mrsls	r0, (UNDEF: 2)
    1900:	01930264 	orrseq	r0, r3, r4, ror #4
    1904:	06cf0000 	strbeq	r0, [pc], r0
    1908:	0000992a 	andeq	r9, r0, sl, lsr #18
    190c:	60910200 	addsvs	r0, r1, r0, lsl #4
    1910:	00029702 	andeq	r9, r2, r2, lsl #14
    1914:	2906d000 	stmdbcs	r6, {ip, lr, pc}
    1918:	00000123 	andeq	r0, r0, r3, lsr #2
    191c:	02009102 	andeq	r9, r0, #-2147483648	@ 0x80000000
    1920:	00000cbb 			@ <UNDEFINED> instruction: 0x00000cbb
    1924:	5a3206d1 	bpl	c83470 <_edata+0xc802fc>
    1928:	02000014 	andeq	r0, r0, #20
    192c:	72010491 	andvc	r0, r1, #-1862270976	@ 0x91000000
    1930:	d3000007 	movwle	r0, #7
                    prvAddTaskToReadyList( pxTCB );
    1934:	03ef1106 	mvneq	r1, #-2147483647	@ 0x80000001
    1938:	91020000 	mrsls	r0, (UNDEF: 2)
    193c:	07e30170 			@ <UNDEFINED> instruction: 0x07e30170
    1940:	06d40000 	ldrbeq	r0, [r4], r0
    1944:	00010d14 	andeq	r0, r1, r4, lsl sp
    1948:	74910200 	ldrvc	r0, [r1], #512	@ 0x200
    194c:	04fa2100 	ldrbteq	r2, [sl], #256	@ 0x100
    1950:	066a0000 	strbteq	r0, [sl], -r0
    1954:	0003ef14 	andeq	lr, r3, r4, lsl pc
    1958:	00034c00 	andeq	r4, r3, r0, lsl #24
    195c:	00007800 	andeq	r7, r0, r0, lsl #16
    1960:	999c0100 	ldmibls	ip, {r8}
    1964:	02000015 	andeq	r0, r0, #21
    1968:	0000077b 	andeq	r0, r0, fp, ror r7
    196c:	db32066a 	blle	c8331c <_edata+0xc801a8>
    1970:	02000000 	andeq	r0, r0, #0
    1974:	4a026c91 	bmi	9cbc0 <_edata+0x99a4c>
    1978:	6b000006 	blvs	1998 <vTaskGenericNotifyGiveFromISR+0x114>
    197c:	00b43606 	adcseq	r3, r4, r6, lsl #12
    1980:	91020000 	mrsls	r0, (UNDEF: 2)
    1984:	05da0268 	ldrbeq	r0, [sl, #616]	@ 0x268
    1988:	066c0000 	strbteq	r0, [ip], -r0
    198c:	00010840 	andeq	r0, r1, r0, asr #16
    1990:	64910200 	ldrvs	r0, [r1], #512	@ 0x200
    1994:	00019302 	andeq	r9, r1, r2, lsl #6
    1998:	30066d00 	andcc	r6, r6, r0, lsl #26
    199c:	00000099 	muleq	r0, r9, r0
    19a0:	02609102 	rsbeq	r9, r0, #-2147483648	@ 0x80000000
    19a4:	00000297 	muleq	r0, r7, r2
    19a8:	232f066e 			@ <UNDEFINED> instruction: 0x232f066e
    19ac:	02000001 	andeq	r0, r0, #1
    19b0:	bb020091 	bllt	81bfc <_edata+0x7ea88>
    19b4:	6f00000c 	svcvs	0x0000000c
                    listINSERT_END( &( xPendingReadyList ), &( pxTCB->xEventListItem ) );
    19b8:	145a3806 	ldrbne	r3, [sl], #-2054	@ 0xfffff7fa
    19bc:	91020000 	mrsls	r0, (UNDEF: 2)
    19c0:	07720104 	ldrbeq	r0, [r2, -r4, lsl #2]!
    19c4:	06710000 	ldrbteq	r0, [r1], -r0
    19c8:	0003ef11 	andeq	lr, r3, r1, lsl pc
    19cc:	74910200 	ldrvc	r0, [r1], #512	@ 0x200
    19d0:	00035a09 	andeq	r5, r3, r9, lsl #20
    19d4:	00003e00 	andeq	r3, r0, r0, lsl #28
    19d8:	0a1e0100 	beq	781de0 <_edata+0x77ec6c>
    19dc:	06960000 	ldreq	r0, [r6], r0
    19e0:	0003801b 	andeq	r8, r3, fp, lsl r0
    19e4:	70910200 	addsvc	r0, r1, r0, lsl #4
    19e8:	2a220000 	bcs	8819f0 <_edata+0x87e87c>
    19ec:	f8000004 			@ <UNDEFINED> instruction: 0xf8000004
                    if( pxTCB->uxPriority > pxCurrentTCB->uxPriority )
    19f0:	000015af 	andeq	r1, r0, pc, lsr #11
    19f4:	0008fd23 	andeq	pc, r8, r3, lsr #26
    19f8:	ca38f800 	bgt	e3fa00 <_edata+0xe3c88c>
    19fc:	00000000 	andeq	r0, r0, r0
                        if( pxHigherPriorityTaskWoken != NULL )
    1a00:	0007b930 	andeq	fp, r7, r0, lsr r9
                            *pxHigherPriorityTaskWoken = pdTRUE;
    1a04:	22e40200 	rsccs	r0, r4, #0, 4
    1a08:	000000ca 	andeq	r0, r0, sl, asr #1
                        xYieldPendings[ 0 ] = pdTRUE;
    1a0c:	0015d703 	andseq	sp, r5, r3, lsl #14
    1a10:	04b41800 	ldrteq	r1, [r4], #2048	@ 0x800
    __asm volatile
    1a14:	0ee60000 	cdpeq	0, 14, cr0, cr6, cr0, {0}
    1a18:	000000ca 	andeq	r0, r0, sl, asr #1
    }
    1a1c:	0006e618 	andeq	lr, r6, r8, lsl r6
    1a20:	ca21e600 	bgt	87b228 <_edata+0x8780b4>
    1a24:	00000000 	andeq	r0, r0, r0
    1a28:	000a8f22 	andeq	r8, sl, r2, lsr #30
    1a2c:	15edd400 	strbne	sp, [sp, #1024]!	@ 0x400
    1a30:	e6180000 	ldr	r0, [r8], -r0
    1a34:	d6000006 	strle	r0, [r0], -r6
    1a38:	0000ca0e 	andeq	ip, r0, lr, lsl #20
    1a3c:	12310000 	eorsne	r0, r1, #0
    {
    1a40:	02000008 	andeq	r0, r0, #8
    1a44:	00b93e94 	umlalseq	r3, r9, r4, lr
    1a48:	23030000 	movwcs	r0, #12288	@ 0x3000
        pxTCB = prvGetTCBFromHandle( xTask );
    1a4c:	000003ee 	andeq	r0, r0, lr, ror #7
    1a50:	00ca6094 	smulleq	r6, sl, r4, r0
    1a54:	60180000 	andsvs	r0, r8, r0
    1a58:	9600000a 	strls	r0, [r0], -sl
        taskENTER_CRITICAL();
    1a5c:	0000b911 	andeq	fp, r0, r1, lsl r9
            if( pxTCB->ucNotifyState[ uxIndexToClear ] == taskNOTIFICATION_RECEIVED )
    1a60:	a2000000 	andge	r0, r0, #0
    1a64:	05000002 	streq	r0, [r0, #-2]
    1a68:	5b040100 	blpl	101e70 <_edata+0xfecfc>
    1a6c:	0a000005 	beq	1a88 <xTaskGenericNotifyStateClear+0x48>
                pxTCB->ucNotifyState[ uxIndexToClear ] = taskNOT_WAITING_NOTIFICATION;
    1a70:	000001b2 			@ <UNDEFINED> instruction: 0x000001b2
    1a74:	000d0f1d 	andeq	r0, sp, sp, lsl pc
    1a78:	00000700 	andeq	r0, r0, r0, lsl #14
                xReturn = pdPASS;
    1a7c:	001c3800 	andseq	r3, ip, r0, lsl #16
                xReturn = pdFAIL;
    1a80:	00015e00 	andeq	r5, r1, r0, lsl #28
        taskEXIT_CRITICAL();
    1a84:	000ce800 	andeq	lr, ip, r0, lsl #16
        return xReturn;
    1a88:	07040100 	streq	r0, [r4, -r0, lsl #2]
    }
    1a8c:	00000170 	andeq	r0, r0, r0, ror r1
    1a90:	6905040b 	stmdbvs	r5, {r0, r1, r3, sl}
    1a94:	0100746e 	tsteq	r0, lr, ror #8
    {
    1a98:	01850508 	orreq	r0, r5, r8, lsl #10
    1a9c:	08010000 	stmdaeq	r1, {}	@ <UNPREDICTABLE>
    1aa0:	0001fc04 	andeq	pc, r1, r4, lsl #24
        pxTCB = prvGetTCBFromHandle( xTask );
    1aa4:	06010100 	streq	r0, [r1], -r0, lsl #2
    1aa8:	000000e5 	andeq	r0, r0, r5, ror #1
    1aac:	e3080101 	movw	r0, #33025	@ 0x8101
    1ab0:	01000000 	mrseq	r0, (UNDEF: 0)
        taskENTER_CRITICAL();
    1ab4:	00940502 	addseq	r0, r4, r2, lsl #10
            ulReturn = pxTCB->ulNotifiedValue[ uxIndexToClear ];
    1ab8:	02010000 	andeq	r0, r1, #0
    1abc:	00010007 	andeq	r0, r1, r7
    1ac0:	05040100 	streq	r0, [r4, #-256]	@ 0xffffff00
    1ac4:	0000018a 	andeq	r0, r0, sl, lsl #3
            pxTCB->ulNotifiedValue[ uxIndexToClear ] &= ~ulBitsToClear;
    1ac8:	00012703 	andeq	r2, r1, r3, lsl #14
    1acc:	194f0200 	stmdbne	pc, {r9}^	@ <UNPREDICTABLE>
    1ad0:	00000071 	andeq	r0, r0, r1, ror r0
    1ad4:	6b070401 	blvs	1c2ae0 <_edata+0x1bf96c>
    1ad8:	01000001 	tsteq	r0, r1
    1adc:	01660708 	cmneq	r6, r8, lsl #14
    1ae0:	040c0000 	streq	r0, [ip], #-0
        taskEXIT_CRITICAL();
    1ae4:	ec080101 	stc	1, cr0, [r8], {1}
        return ulReturn;
    1ae8:	03000000 	movweq	r0, #0
    }
    1aec:	00000129 	andeq	r0, r0, r9, lsr #2
    1af0:	65143003 	ldrvs	r3, [r4, #-3]
    1af4:	03000000 	movweq	r0, #0
{
    1af8:	00000208 	andeq	r0, r0, r8, lsl #4
    1afc:	711a3c04 	tstvc	sl, r4, lsl #24
    1b00:	03000000 	movweq	r0, #0
    const TickType_t xConstTickCount = xTickCount;
    1b04:	00000043 	andeq	r0, r0, r3, asr #32
    List_t * const pxDelayedList = pxDelayedTaskList;
    1b08:	881a4204 	ldmdahi	sl, {r2, r9, lr}
    1b0c:	07000000 	streq	r0, [r0, -r0]
    List_t * const pxOverflowDelayedList = pxOverflowDelayedTaskList;
    1b10:	000000a0 	andeq	r0, r0, r0, lsr #1
    if( uxListRemove( &( pxCurrentTCB->xStateListItem ) ) == ( UBaseType_t ) 0 )
    1b14:	00036a08 	andeq	r6, r3, r8, lsl #20
    1b18:	08901400 	ldmeq	r0, {sl, ip}
    1b1c:	000000fa 	strdeq	r0, [r0], -sl
    1b20:	0009e202 	andeq	lr, r9, r2, lsl #4
    1b24:	a0249300 	eorge	r9, r4, r0, lsl #6
        portRESET_READY_PRIORITY( pxCurrentTCB->uxPriority, uxTopReadyPriority );
    1b28:	00000000 	andeq	r0, r0, r0
    1b2c:	00086602 	andeq	r6, r8, r2, lsl #12
    1b30:	fa2d9400 	blx	b66b38 <_edata+0xb639c4>
    1b34:	04000000 	streq	r0, [r0], #-0
    1b38:	00059602 	andeq	r9, r5, r2, lsl #12
    1b3c:	fa2d9500 	blx	b66f44 <_edata+0xb63dd0>
        xTimeToWake = xConstTickCount + xTicksToWait;
    1b40:	08000000 	stmdaeq	r0, {}	@ <UNPREDICTABLE>
    1b44:	000b5502 	andeq	r5, fp, r2, lsl #10
        listSET_LIST_ITEM_VALUE( &( pxCurrentTCB->xStateListItem ), xTimeToWake );
    1b48:	7f0c9600 	svcvc	0x000c9600
    1b4c:	0c000000 	stceq	0, cr0, [r0], {-0}
        if( xTimeToWake < xConstTickCount )
    1b50:	00098902 	andeq	r8, r9, r2, lsl #18
    1b54:	30289700 	eorcc	r9, r8, r0, lsl #14
            vListInsert( pxOverflowDelayedList, &( pxCurrentTCB->xStateListItem ) );
    1b58:	10000001 	andne	r0, r0, r1
    1b5c:	00b10500 	adcseq	r0, r1, r0, lsl #10
    1b60:	22080000 	andcs	r0, r8, #0
}
    1b64:	14000006 	strne	r0, [r0], #-6
            vListInsert( pxDelayedList, &( pxCurrentTCB->xStateListItem ) );
    1b68:	013010ac 	teqeq	r0, ip, lsr #1
    1b6c:	61020000 	mrsvs	r0, (UNDEF: 2)
    1b70:	af000002 	svcge	0x00000002
            if( xTimeToWake < xNextTaskUnblockTime )
    1b74:	00009425 	andeq	r9, r0, r5, lsr #8
    1b78:	3c020000 	stccc	0, cr0, [r2], {-0}
    1b7c:	b0000003 	andlt	r0, r0, r3
                xNextTaskUnblockTime = xTimeToWake;
    1b80:	00017e26 	andeq	r7, r1, r6, lsr #28
}
    1b84:	16020400 	strne	r0, [r2], -r0, lsl #8
    1b88:	b1000007 	tstlt	r0, r7
    1b8c:	00017214 	andeq	r7, r1, r4, lsl r2
    1b90:	05000800 	streq	r0, [r0, #-2048]	@ 0xfffff800
    1b94:	000000ff 	strdeq	r0, [r0], -pc	@ <UNPREDICTABLE>
    1b98:	00073b03 	andeq	r3, r7, r3, lsl #22
    1b9c:	1b9a0500 	blne	fe682fa4 <__StackTop+0xde680fa4>
    1ba0:	000000b1 	strheq	r0, [r0], -r1
{
    1ba4:	00060708 	andeq	r0, r6, r8, lsl #14
    1ba8:	0c9d0c00 	ldceq	12, cr0, [sp], {0}
        pxCurrentTCB = NULL;
    1bac:	00000172 	andeq	r0, r0, r2, ror r1
    uxCurrentNumberOfTasks = ( UBaseType_t ) 0U;
    1bb0:	0009e202 	andeq	lr, r9, r2, lsl #4
    1bb4:	a028a000 	eorge	sl, r8, r0
    xTickCount = ( TickType_t ) configINITIAL_TICK_COUNT;
    1bb8:	00000000 	andeq	r0, r0, r0
    uxTopReadyPriority = tskIDLE_PRIORITY;
    1bbc:	00086602 	andeq	r6, r8, r2, lsl #12
    1bc0:	fa31a100 	blx	c69fc8 <_edata+0xc66e54>
    xSchedulerRunning = pdFALSE;
    1bc4:	04000000 	streq	r0, [r0], #-0
    xPendedTicks = ( TickType_t ) 0U;
    1bc8:	00059602 	andeq	r9, r5, r2, lsl #12
    1bcc:	fa31a200 	blx	c6a3d4 <_edata+0xc67260>
    for( xCoreID = 0; xCoreID < configNUMBER_OF_CORES; xCoreID++ )
    1bd0:	08000000 	stmdaeq	r0, {}	@ <UNPREDICTABLE>
        xYieldPendings[ xCoreID ] = pdFALSE;
    1bd4:	07370300 	ldreq	r0, [r7, -r0, lsl #6]!
    1bd8:	a4050000 	strge	r0, [r5], #-0
    1bdc:	00014124 	andeq	r4, r1, r4, lsr #2
    for( xCoreID = 0; xCoreID < configNUMBER_OF_CORES; xCoreID++ )
    1be0:	01350500 	teqeq	r5, r0, lsl #10
    1be4:	7e070000 	cdpvc	0, 0, cr0, cr7, cr0, {0}
    1be8:	03000001 	movweq	r0, #1
    xNumOfOverflows = ( BaseType_t ) 0;
    1bec:	00000926 	andeq	r0, r0, r6, lsr #18
    uxTaskNumber = ( UBaseType_t ) 0U;
    1bf0:	ff03b305 			@ <UNDEFINED> instruction: 0xff03b305
    1bf4:	0d000000 	stceq	0, cr0, [r0, #-0]
    xNextTaskUnblockTime = ( TickType_t ) 0U;
    1bf8:	000004a7 	andeq	r0, r0, r7, lsr #9
    uxSchedulerSuspended = ( UBaseType_t ) 0U;
    1bfc:	940dd901 	strls	sp, [sp], #-2305	@ 0xfffff6ff
    1c00:	44000000 	strmi	r0, [r0], #-0
}
    1c04:	5200001d 	andpl	r0, r0, #29
    1c08:	01000000 	mrseq	r0, (UNDEF: 0)
    1c0c:	0001cb9c 	muleq	r1, ip, fp
    1c10:	0d290400 	stceq	4, cr0, [r9, #-0]
    1c14:	2ed90000 	cdpcs	0, 13, cr0, cr9, cr0, {0}
    1c18:	00000183 	andeq	r0, r0, r3, lsl #3
    1c1c:	066c9102 	strbteq	r9, [ip], -r2, lsl #2
    1c20:	00000ca4 	andeq	r0, r0, r4, lsr #25
    1c24:	01d014dd 	ldrsbeq	r1, [r0, #77]	@ 0x4d
    1c28:	91020000 	mrsls	r0, (UNDEF: 2)
    1c2c:	88050074 	stmdahi	r5, {r2, r4, r5, r6}
    1c30:	07000001 	streq	r0, [r0, -r1]
    1c34:	000001cb 	andeq	r0, r0, fp, asr #3
{
    1c38:	000b3509 	andeq	r3, fp, r9, lsl #10
    1c3c:	1cd48b00 	vldmiane	r4, {d24-d23}
    pxList->pxIndex = ( ListItem_t * ) &( pxList->xListEnd );
    1c40:	00700000 	rsbseq	r0, r0, r0
    1c44:	9c010000 	stcls	0, cr0, [r1], {-0}
    1c48:	00000222 	andeq	r0, r0, r2, lsr #4
    pxList->xListEnd.xItemValue = portMAX_DELAY;
    1c4c:	000ca404 	andeq	sl, ip, r4, lsl #8
    1c50:	d0228b00 	eorle	r8, r2, r0, lsl #22
    pxList->xListEnd.pxNext = ( ListItem_t * ) &( pxList->xListEnd );
    1c54:	02000001 	andeq	r0, r0, #1
    1c58:	6b046c91 	blvs	11cea4 <_edata+0x119d30>
    pxList->xListEnd.pxPrevious = ( ListItem_t * ) &( pxList->xListEnd );
    1c5c:	8c00000d 	stchi	0, cr0, [r0], {13}
    1c60:	00018326 	andeq	r8, r1, r6, lsr #6
    1c64:	68910200 	ldmvs	r1, {r9}
    pxList->uxNumberOfItems = ( UBaseType_t ) 0U;
    1c68:	000d6006 	andeq	r6, sp, r6
}
    1c6c:	7e128e00 	cdpvc	14, 1, cr8, cr2, cr0, {0}
    1c70:	02000001 	andeq	r0, r0, #1
    1c74:	47067491 			@ <UNDEFINED> instruction: 0x47067491
{
    1c78:	8f00000d 	svchi	0x0000000d
    1c7c:	0000ac16 	andeq	sl, r0, r6, lsl ip
    pxItem->pxContainer = NULL;
    1c80:	70910200 	addsvc	r0, r1, r0, lsl #4
}
    1c84:	0d380900 			@ <UNDEFINED> instruction: 0x0d380900
    1c88:	8e690000 	cdphi	0, 6, cr0, cr9, cr0, {0}
    1c8c:	4600001c 			@ <UNDEFINED> instruction: 0x4600001c
{
    1c90:	01000000 	mrseq	r0, (UNDEF: 0)
    1c94:	0002619c 	muleq	r2, ip, r1
    ListItem_t * const pxIndex = pxList->pxIndex;
    1c98:	0ca40400 	stceq	4, cr0, [r4]
    1c9c:	25690000 	strbcs	r0, [r9, #-0]!
    pxNewListItem->pxNext = pxIndex;
    1ca0:	000001d0 	ldrdeq	r0, [r0], -r0	@ <UNPREDICTABLE>
    pxNewListItem->pxPrevious = pxIndex->pxPrevious;
    1ca4:	046c9102 	strbteq	r9, [ip], #-258	@ 0xfffffefe
    1ca8:	00000d6b 	andeq	r0, r0, fp, ror #26
    pxIndex->pxPrevious->pxNext = pxNewListItem;
    1cac:	0183296a 	orreq	r2, r3, sl, ror #18
    1cb0:	91020000 	mrsls	r0, (UNDEF: 2)
    pxIndex->pxPrevious = pxNewListItem;
    1cb4:	033c0668 	teqeq	ip, #104, 12	@ 0x6800000
    1cb8:	186c0000 	stmdane	ip!, {}^	@ <UNPREDICTABLE>
    pxNewListItem->pxContainer = pxList;
    1cbc:	00000183 	andeq	r0, r0, r3, lsl #3
    ( pxList->uxNumberOfItems ) = ( UBaseType_t ) ( pxList->uxNumberOfItems + 1U );
    1cc0:	00749102 	rsbseq	r9, r4, r2, lsl #2
    1cc4:	0009b909 	andeq	fp, r9, r9, lsl #18
    1cc8:	1c765900 			@ <UNDEFINED> instruction: 0x1c765900
}
    1ccc:	00180000 	andseq	r0, r8, r0
    1cd0:	9c010000 	stcls	0, cr0, [r1], {-0}
{
    1cd4:	00000284 	andeq	r0, r0, r4, lsl #5
    1cd8:	000d5904 	andeq	r5, sp, r4, lsl #18
    1cdc:	832e5900 			@ <UNDEFINED> instruction: 0x832e5900
    const TickType_t xValueOfInsertion = pxNewListItem->xItemValue;
    1ce0:	02000001 	andeq	r0, r0, #1
    if( xValueOfInsertion == portMAX_DELAY )
    1ce4:	0e007491 	mcreq	4, 0, r7, cr0, cr1, {4}
    1ce8:	00000b17 	andeq	r0, r0, r7, lsl fp
        pxIterator = pxList->xListEnd.pxPrevious;
    1cec:	38063101 	stmdacc	r6, {r0, r8, ip, sp}
    1cf0:	3e00001c 	mcrcc	0, 0, r0, cr0, cr12, {0}
        for( pxIterator = ( ListItem_t * ) &( pxList->xListEnd ); pxIterator->pxNext->xItemValue <= xValueOfInsertion; pxIterator = pxIterator->pxNext )
    1cf4:	01000000 	mrseq	r0, (UNDEF: 0)
    1cf8:	0ca4049c 	stceq	4, cr0, [r4], #624	@ 0x270
    1cfc:	26310000 	ldrtcs	r0, [r1], -r0
    1d00:	000001d0 	ldrdeq	r0, [r0], -r0	@ <UNPREDICTABLE>
    1d04:	00749102 	rsbseq	r9, r4, r2, lsl #2
    1d08:	0004b400 	andeq	fp, r4, r0, lsl #8
    1d0c:	01000500 	tsteq	r0, r0, lsl #10
    pxNewListItem->pxNext = pxIterator->pxNext;
    1d10:	00064704 	andeq	r4, r6, r4, lsl #14
    1d14:	01b21000 			@ <UNDEFINED> instruction: 0x01b21000
    pxNewListItem->pxNext->pxPrevious = pxNewListItem;
    1d18:	7e1d0000 	cdpvc	0, 1, cr0, cr13, cr0, {0}
    1d1c:	0700000f 	streq	r0, [r0, -pc]
    pxNewListItem->pxPrevious = pxIterator;
    1d20:	98000000 	stmdals	r0, {}	@ <UNPREDICTABLE>
    pxIterator->pxNext = pxNewListItem;
    1d24:	e800001d 	stmda	r0, {r0, r2, r3, r4}
    1d28:	e3000004 	movw	r0, #4
    pxNewListItem->pxContainer = pxList;
    1d2c:	0500000e 	streq	r0, [r0, #-14]
    ( pxList->uxNumberOfItems ) = ( UBaseType_t ) ( pxList->uxNumberOfItems + 1U );
    1d30:	000005f5 	strdeq	r0, [r0], -r5
    1d34:	3717d602 	ldrcc	sp, [r7, -r2, lsl #12]
    1d38:	11000000 	mrsne	r0, (UNDEF: 0)
}
    1d3c:	00000026 	andeq	r0, r0, r6, lsr #32
    1d40:	70070402 	andvc	r0, r7, r2, lsl #8
{
    1d44:	12000001 	andne	r0, r0, #1
    1d48:	6e690504 	cdpvs	5, 6, cr0, cr9, cr4, {0}
    List_t * const pxList = pxItemToRemove->pxContainer;
    1d4c:	08020074 	stmdaeq	r2, {r2, r4, r5, r6}
    1d50:	00018505 	andeq	r8, r1, r5, lsl #10
    pxItemToRemove->pxNext->pxPrevious = pxItemToRemove->pxPrevious;
    1d54:	04080200 	streq	r0, [r8], #-512	@ 0xfffffe00
    1d58:	000001fc 	strdeq	r0, [r0], -ip
    pxItemToRemove->pxPrevious->pxNext = pxItemToRemove->pxNext;
    1d5c:	e5060102 	str	r0, [r6, #-258]	@ 0xfffffefe
    1d60:	05000000 	streq	r0, [r0, #-0]
    1d64:	00000033 	andeq	r0, r0, r3, lsr r0
    if( pxList->pxIndex == pxItemToRemove )
    1d68:	66182b03 	ldrvs	r2, [r8], -r3, lsl #22
    1d6c:	02000000 	andeq	r0, r0, #0
        pxList->pxIndex = pxItemToRemove->pxPrevious;
    1d70:	00e30801 	rsceq	r0, r3, r1, lsl #16
    1d74:	02020000 	andeq	r0, r2, #0
    pxItemToRemove->pxContainer = NULL;
    1d78:	00009405 	andeq	r9, r0, r5, lsl #8
    1d7c:	07020200 	streq	r0, [r2, -r0, lsl #4]
    ( pxList->uxNumberOfItems ) = ( UBaseType_t ) ( pxList->uxNumberOfItems - 1U );
    1d80:	00000100 	andeq	r0, r0, r0, lsl #2
    1d84:	8a050402 	bhi	142d94 <_edata+0x13fc20>
    return pxList->uxNumberOfItems;
    1d88:	05000001 	streq	r0, [r0, #-1]
}
    1d8c:	00000127 	andeq	r0, r0, r7, lsr #2
    1d90:	8e194f03 	cdphi	15, 1, cr4, cr9, cr3, {0}
    1d94:	02000000 	andeq	r0, r0, #0
{
    1d98:	016b0704 	cmneq	fp, r4, lsl #14
    1d9c:	08020000 	stmdaeq	r2, {}	@ <UNPREDICTABLE>
    void * pvReturn = NULL;
    1da0:	00016607 	andeq	r6, r1, r7, lsl #12
    size_t xAllocatedBlockSize = 0;
    1da4:	02041300 	andeq	r1, r4, #0, 6
    if( xWantedSize > 0 )
    1da8:	00ec0801 	rsceq	r0, ip, r1, lsl #16
    1dac:	35050000 	strcc	r0, [r5, #-0]
        if( heapADD_WILL_OVERFLOW( xWantedSize, xHeapStructSize ) == 0 )
    1db0:	04000000 	streq	r0, [r0], #-0
    1db4:	005a1318 	subseq	r1, sl, r8, lsl r3
            xWantedSize += xHeapStructSize;
    1db8:	29050000 	stmdbcs	r5, {}	@ <UNPREDICTABLE>
    1dbc:	04000001 	streq	r0, [r0], #-1
            if( ( xWantedSize & portBYTE_ALIGNMENT_MASK ) != 0x00 )
    1dc0:	00821430 	addeq	r1, r2, r0, lsr r4
    1dc4:	09050000 	stmdbeq	r5, {}	@ <UNPREDICTABLE>
    1dc8:	05000002 	streq	r0, [r0, #-2]
                xAdditionalRequiredSize = portBYTE_ALIGNMENT - ( xWantedSize & portBYTE_ALIGNMENT_MASK );
    1dcc:	007b1a3b 	rsbseq	r1, fp, fp, lsr sl
    1dd0:	a5060000 	strge	r0, [r6, #-0]
    1dd4:	0b000000 	bleq	1ddc <pvPortMalloc+0x44>
                if( heapADD_WILL_OVERFLOW( xWantedSize, xAdditionalRequiredSize ) == 0 )
    1dd8:	00000d8a 	andeq	r0, r0, sl, lsl #27
    1ddc:	369c061c 			@ <UNDEFINED> instruction: 0x369c061c
                    xWantedSize += xAdditionalRequiredSize;
    1de0:	04000001 	streq	r0, [r0], #-1
    1de4:	00000f56 	andeq	r0, r0, r6, asr pc
    1de8:	260c9e06 	strcs	r9, [ip], -r6, lsl #28
                    xWantedSize = 0;
    1dec:	00000000 	andeq	r0, r0, r0
            xWantedSize = 0;
    1df0:	000fbf04 	andeq	fp, pc, r4, lsl #30
    vTaskSuspendAll();
    1df4:	0c9f0600 	ldceq	6, cr0, [pc], {0}
        if( pxEnd == NULL )
    1df8:	00000026 	andeq	r0, r0, r6, lsr #32
    1dfc:	0e580404 	cdpeq	4, 5, cr0, cr8, cr4, {0}
            prvHeapInit();
    1e00:	a0060000 	andge	r0, r6, r0
        if( heapBLOCK_SIZE_IS_VALID( xWantedSize ) != 0 )
    1e04:	0000260c 	andeq	r2, r0, ip, lsl #12
    1e08:	e1040800 	tst	r4, r0, lsl #16
            if( ( xWantedSize > 0 ) && ( xWantedSize <= xFreeBytesRemaining ) )
    1e0c:	0600000d 	streq	r0, [r0], -sp
    1e10:	00260ca1 	eoreq	r0, r6, r1, lsr #25
    1e14:	040c0000 	streq	r0, [ip], #-0
    1e18:	00000d95 	muleq	r0, r5, sp
                pxPreviousBlock = &xStart;
    1e1c:	260ca206 	strcs	sl, [ip], -r6, lsl #4
                pxBlock = heapPROTECT_BLOCK_POINTER( xStart.pxNextFreeBlock );
    1e20:	10000000 	andne	r0, r0, r0
                while( ( pxBlock->xBlockSize < xWantedSize ) && ( pxBlock->pxNextFreeBlock != heapPROTECT_BLOCK_POINTER( NULL ) ) )
    1e24:	000f3704 	andeq	r3, pc, r4, lsl #14
                    pxPreviousBlock = pxBlock;
    1e28:	0ca30600 	stceq	6, cr0, [r3]
                    pxBlock = heapPROTECT_BLOCK_POINTER( pxBlock->pxNextFreeBlock );
    1e2c:	00000026 	andeq	r0, r0, r6, lsr #32
                while( ( pxBlock->xBlockSize < xWantedSize ) && ( pxBlock->pxNextFreeBlock != heapPROTECT_BLOCK_POINTER( NULL ) ) )
    1e30:	10090414 	andne	r0, r9, r4, lsl r4
    1e34:	a4060000 	strge	r0, [r6], #-0
    1e38:	0000260c 	andeq	r2, r0, ip, lsl #12
    1e3c:	05001800 	streq	r1, [r0, #-2048]	@ 0xfffff800
    1e40:	00000db4 			@ <UNDEFINED> instruction: 0x00000db4
                if( pxBlock != pxEnd )
    1e44:	ce03a506 	cdpgt	5, 0, cr10, cr3, cr6, {0}
    1e48:	14000000 	strne	r0, [r0], #-0
                    pvReturn = ( void * ) ( ( ( uint8_t * ) heapPROTECT_BLOCK_POINTER( pxPreviousBlock->pxNextFreeBlock ) ) + xHeapStructSize );
    1e4c:	000000a5 	andeq	r0, r0, r5, lsr #1
    1e50:	00000153 	andeq	r0, r0, r3, asr r1
    1e54:	00003715 	andeq	r3, r0, r5, lsl r7
                    pxPreviousBlock->pxNextFreeBlock = pxBlock->pxNextFreeBlock;
    1e58:	000fff00 	andeq	pc, pc, r0, lsl #30
    1e5c:	00108d01 	andseq	r8, r0, r1, lsl #26
                    if( ( pxBlock->xBlockSize - xWantedSize ) > heapMINIMUM_BLOCK_SIZE )
    1e60:	42245f00 	eormi	r5, r4, #0, 30
    1e64:	05000001 	streq	r0, [r0, #-1]
    1e68:	0000e003 	andeq	lr, r0, r3
    1e6c:	0e3c0b20 	vaddeq.f64	d0, d12, d16
                        pxNewBlockLink = ( void * ) ( ( ( uint8_t * ) pxBlock ) + xWantedSize );
    1e70:	01080000 	mrseq	r0, (UNDEF: 8)
    1e74:	00018b64 	andeq	r8, r1, r4, ror #22
                        pxNewBlockLink->xBlockSize = pxBlock->xBlockSize - xWantedSize;
    1e78:	0dc00400 	stcleq	4, cr0, [r0]
    1e7c:	66010000 	strvs	r0, [r1], -r0
    1e80:	00018b1b 	andeq	r8, r1, fp, lsl fp
                        pxBlock->xBlockSize = xWantedSize;
    1e84:	22040000 	andcs	r0, r4, #0
                        pxNewBlockLink->pxNextFreeBlock = pxPreviousBlock->pxNextFreeBlock;
    1e88:	01000010 	tsteq	r0, r0, lsl r0
    1e8c:	00260c67 	eoreq	r0, r6, r7, ror #24
                        pxPreviousBlock->pxNextFreeBlock = heapPROTECT_BLOCK_POINTER( pxNewBlockLink );
    1e90:	00040000 	andeq	r0, r4, r0
    1e94:	00016406 	andeq	r6, r1, r6, lsl #8
                    xFreeBytesRemaining -= pxBlock->xBlockSize;
    1e98:	0f2b0500 	svceq	0x002b0500
    1e9c:	68010000 	stmdavs	r1, {}	@ <UNPREDICTABLE>
    1ea0:	00016403 	andeq	r6, r1, r3, lsl #8
                    if( xFreeBytesRemaining < xMinimumEverFreeBytesRemaining )
    1ea4:	0e780100 	cdpeq	1, 7, cr0, cr8, cr0, {0}
    1ea8:	159e0000 	ldrne	r0, [lr]
    1eac:	00000032 	andeq	r0, r0, r2, lsr r0
                        xMinimumEverFreeBytesRemaining = xFreeBytesRemaining;
    1eb0:	316c0305 	cmncc	ip, r5, lsl #6
    1eb4:	2d010000 	stccs	0, cr0, [r1, #-0]
                    xAllocatedBlockSize = pxBlock->xBlockSize;
    1eb8:	a1000010 	tstge	r0, r0, lsl r0
    1ebc:	00019024 	andeq	r9, r1, r4, lsr #32
                    heapALLOCATE_BLOCK( pxBlock );
    1ec0:	e0030500 	and	r0, r3, r0, lsl #10
    1ec4:	01200010 			@ <UNDEFINED> instruction: 0x01200010
    1ec8:	00000df5 	strdeq	r0, [r0], -r5
                    pxBlock->pxNextFreeBlock = heapPROTECT_BLOCK_POINTER( NULL );
    1ecc:	01cf26a2 	biceq	r2, pc, r2, lsr #13
                    xNumberOfSuccessfulAllocations++;
    1ed0:	03050000 	movweq	r0, #20480	@ 0x5000
    1ed4:	200010e8 	andcs	r1, r0, r8, ror #1
    1ed8:	00019006 	andeq	r9, r1, r6
    ( void ) xTaskResumeAll();
    1edc:	0fab0100 	svceq	0x00ab0100
}
    1ee0:	1fa60000 	svcne	0x00a60000
    1ee4:	00000026 	andeq	r0, r0, r6, lsr #32
    1ee8:	10ec0305 	rscne	r0, ip, r5, lsl #6
    1eec:	95012000 	strls	r2, [r1, #-0]
    1ef0:	a700000d 	strge	r0, [r0, -sp]
    1ef4:	0000261f 	andeq	r2, r0, pc, lsl r6
    1ef8:	f0030500 			@ <UNDEFINED> instruction: 0xf0030500
{
    1efc:	01200010 			@ <UNDEFINED> instruction: 0x01200010
    1f00:	00000f37 	andeq	r0, r0, r7, lsr pc
    uint8_t * puc = ( uint8_t * ) pv;
    1f04:	00261fa8 	eoreq	r1, r6, r8, lsr #31
    if( pv != NULL )
    1f08:	03050000 	movweq	r0, #20480	@ 0x5000
    1f0c:	200010f4 	strdcs	r1, [r0], -r4
        puc -= xHeapStructSize;
    1f10:	00100901 	andseq	r0, r0, r1, lsl #18
    1f14:	261fa900 	ldrcs	sl, [pc], -r0, lsl #18
        pxLink = ( void * ) puc;
    1f18:	05000000 	streq	r0, [r0, #-0]
        if( heapBLOCK_IS_ALLOCATED( pxLink ) != 0 )
    1f1c:	0010f803 	andseq	pc, r0, r3, lsl #16
    1f20:	02710c20 	rsbseq	r0, r1, #32, 24	@ 0x2000
            if( pxLink->pxNextFreeBlock == heapPROTECT_BLOCK_POINTER( NULL ) )
    1f24:	0c740000 	ldcleq	0, cr0, [r4], #-0
    1f28:	0000043a 	andeq	r0, r0, sl, lsr r4
                heapFREE_BLOCK( pxLink );
    1f2c:	02351673 	eorseq	r1, r5, #120586240	@ 0x7300000
    1f30:	21080000 	mrscs	r0, (UNDEF: 8)
    1f34:	00009c09 	andeq	r9, r0, r9, lsl #24
                vTaskSuspendAll();
    1f38:	00024400 	andeq	r4, r2, r0, lsl #8
                    xFreeBytesRemaining += pxLink->xBlockSize;
    1f3c:	009c0800 	addseq	r0, ip, r0, lsl #16
    1f40:	3e080000 	cdpcc	0, 0, cr0, cr8, cr0, {0}
    1f44:	08000000 	stmdaeq	r0, {}	@ <UNPREDICTABLE>
    1f48:	00000026 	andeq	r0, r0, r6, lsr #32
                    prvInsertBlockIntoFreeList( ( ( BlockLink_t * ) pxLink ) );
    1f4c:	09ed1700 	stmibeq	sp!, {r8, r9, sl, ip}^
                    xNumberOfSuccessfulFrees++;
    1f50:	96070000 	strls	r0, [r7], -r0
    1f54:	00bd0c06 	adcseq	r0, sp, r6, lsl #24
    1f58:	ca180000 	bgt	601f60 <_edata+0x5fedec>
                ( void ) xTaskResumeAll();
    1f5c:	07000005 	streq	r0, [r0, -r5]
}
    1f60:	0906065e 	stmdbeq	r6, {r1, r2, r3, r4, r6, r9, sl}
    1f64:	00000eee 	andeq	r0, r0, lr, ror #29
    1f68:	22400275 	subcs	r0, r0, #1342177287	@ 0x50000007
    1f6c:	00400000 	subeq	r0, r0, r0
{
    1f70:	9c010000 	stcls	0, cr0, [r1], {-0}
    return xFreeBytesRemaining;
    1f74:	0010740d 	andseq	r7, r0, sp, lsl #8
}
    1f78:	84023c00 	strhi	r3, [r2], #-3072	@ 0xfffff400
    1f7c:	bc000021 	stclt	0, cr0, [r0], {33}	@ 0x21
    1f80:	01000000 	mrseq	r0, (UNDEF: 0)
{
    1f84:	0002cc9c 	muleq	r2, ip, ip
    return xMinimumEverFreeBytesRemaining;
    1f88:	0d890700 	stceq	7, cr0, [r9]
}
    1f8c:	023c0000 	eorseq	r0, ip, #0
    1f90:	0002cc27 	andeq	ip, r2, r7, lsr #24
    1f94:	64910200 	ldrvs	r0, [r1], #512	@ 0x200
{
    1f98:	000dd003 	andeq	sp, sp, r3
    xMinimumEverFreeBytesRemaining = xFreeBytesRemaining;
    1f9c:	13023e00 	movwne	r3, #11776	@ 0x2e00
    1fa0:	000001cf 	andeq	r0, r0, pc, asr #3
}
    1fa4:	03749102 	cmneq	r4, #-2147483648	@ 0x80000000
    1fa8:	00001034 	andeq	r1, r0, r4, lsr r0
    1fac:	260c023f 			@ <UNDEFINED> instruction: 0x260c023f
    1fb0:	02000000 	andeq	r0, r0, #0
{
    1fb4:	02037091 	andeq	r7, r3, #145	@ 0x91
}
    1fb8:	3f00000f 	svccc	0x0000000f
    1fbc:	00261902 	eoreq	r1, r6, r2, lsl #18
{
    1fc0:	91020000 	mrsls	r0, (UNDEF: 2)
    1fc4:	0dd8036c 	ldcleq	3, cr0, [r8, #432]	@ 0x1b0
    1fc8:	023f0000 	eorseq	r0, pc, #0
    void * pv = NULL;
    1fcc:	00002627 	andeq	r2, r0, r7, lsr #12
    if( heapMULTIPLY_WILL_OVERFLOW( xNum, xSize ) == 0 )
    1fd0:	68910200 	ldmvs	r1, {r9}
    1fd4:	01360600 	teqeq	r6, r0, lsl #12
    1fd8:	fb0e0000 	blx	381fe2 <_edata+0x37ee6e>
    1fdc:	f800000d 			@ <UNDEFINED> instruction: 0xf800000d
    1fe0:	0020d401 	eoreq	sp, r0, r1, lsl #8
    1fe4:	0000b000 	andeq	fp, r0, r0
    1fe8:	149c0100 	ldrne	r0, [ip], #256	@ 0x100
    1fec:	07000003 	streq	r0, [r0, -r3]
        pv = pvPortMalloc( xNum * xSize );
    1ff0:	00000fea 	andeq	r0, r0, sl, ror #31
    1ff4:	cf3701f8 	svcgt	0x003701f8
    1ff8:	02000001 	andeq	r0, r0, #1
    1ffc:	60036c91 	mulvs	r3, r1, ip
        if( pv != NULL )
    2000:	fa00000d 	blx	203c <prvHeapInit+0x1c>
            ( void ) memset( pv, 0, xNum * xSize );
    2004:	01cf1301 	biceq	r1, pc, r1, lsl #6
    2008:	91020000 	mrsls	r0, (UNDEF: 2)
    200c:	75700a74 	ldrbvc	r0, [r0, #-2676]!	@ 0xfffff58c
    2010:	01fb0063 	mvnseq	r0, r3, rrx
    2014:	0000c90f 	andeq	ip, r0, pc, lsl #18
}
    2018:	70910200 	addsvc	r0, r1, r0, lsl #4
    201c:	0fde0e00 	svceq	0x00de0e00
{
    2020:	01c80000 	biceq	r0, r8, r0
    2024:	00002020 	andeq	r2, r0, r0, lsr #32
    size_t xTotalHeapSize = configTOTAL_HEAP_SIZE;
    2028:	000000b4 	strheq	r0, [r0], -r4
    uxStartAddress = ( portPOINTER_SIZE_TYPE ) ucHeap;
    202c:	03669c01 	cmneq	r6, #256	@ 0x100
    if( ( uxStartAddress & portBYTE_ALIGNMENT_MASK ) != 0 )
    2030:	41030000 	mrsmi	r0, (UNDEF: 3)
    2034:	ca000010 	bgt	207c <prvHeapInit+0x5c>
    2038:	01cf1301 	biceq	r1, pc, r1, lsl #6
        uxStartAddress += ( portBYTE_ALIGNMENT - 1 );
    203c:	91020000 	mrsls	r0, (UNDEF: 2)
        uxStartAddress &= ~( ( portPOINTER_SIZE_TYPE ) portBYTE_ALIGNMENT_MASK );
    2040:	0e490368 	cdpeq	3, 4, cr0, cr9, cr8, {3}
    2044:	01cb0000 	biceq	r0, fp, r0
        xTotalHeapSize -= ( size_t ) ( uxStartAddress - ( portPOINTER_SIZE_TYPE ) ucHeap );
    2048:	0000b11b 	andeq	fp, r0, fp, lsl r1
    204c:	74910200 	ldrvc	r0, [r1], #512	@ 0x200
    2050:	000e9c03 	andeq	r9, lr, r3, lsl #24
    xStart.pxNextFreeBlock = ( void * ) heapPROTECT_BLOCK_POINTER( uxStartAddress );
    2054:	2b01cb00 	blcs	74c5c <_edata+0x71ae8>
    2058:	000000b1 	strheq	r0, [r0], -r1
    xStart.xBlockSize = ( size_t ) 0;
    205c:	036c9102 	cmneq	ip, #-2147483648	@ 0x80000000
    uxEndAddress = uxStartAddress + ( portPOINTER_SIZE_TYPE ) xTotalHeapSize;
    2060:	00000ffa 	strdeq	r0, [r0], -sl
    2064:	260c01cc 	strcs	r0, [ip], -ip, asr #3
    uxEndAddress -= ( portPOINTER_SIZE_TYPE ) xHeapStructSize;
    2068:	02000000 	andeq	r0, r0, #0
    206c:	19007091 	stmdbne	r0, {r0, r4, r7, ip, sp, lr}
    uxEndAddress &= ~( ( portPOINTER_SIZE_TYPE ) portBYTE_ALIGNMENT_MASK );
    2070:	00000f71 	andeq	r0, r0, r1, ror pc
    2074:	0801b501 	stmdaeq	r1, {r0, r8, sl, ip, sp, pc}
    pxEnd = ( BlockLink_t * ) uxEndAddress;
    2078:	0000009c 	muleq	r0, ip, r0
    207c:	00001fc0 	andeq	r1, r0, r0, asr #31
    pxEnd->xBlockSize = 0;
    2080:	00000060 	andeq	r0, r0, r0, rrx
    2084:	03ae9c01 			@ <UNDEFINED> instruction: 0x03ae9c01
    pxEnd->pxNextFreeBlock = heapPROTECT_BLOCK_POINTER( NULL );
    2088:	3c070000 	stccc	0, cr0, [r7], {-0}
    208c:	b5000010 	strlt	r0, [r0, #-16]
    pxFirstFreeBlock = ( BlockLink_t * ) uxStartAddress;
    2090:	00261d01 	eoreq	r1, r6, r1, lsl #26
    pxFirstFreeBlock->xBlockSize = ( size_t ) ( uxEndAddress - ( portPOINTER_SIZE_TYPE ) pxFirstFreeBlock );
    2094:	91020000 	mrsls	r0, (UNDEF: 2)
    2098:	0f05076c 	svceq	0x0005076c
    pxFirstFreeBlock->pxNextFreeBlock = heapPROTECT_BLOCK_POINTER( pxEnd );
    209c:	01b60000 			@ <UNDEFINED> instruction: 0x01b60000
    20a0:	0000261d 	andeq	r2, r0, sp, lsl r6
    xMinimumEverFreeBytesRemaining = pxFirstFreeBlock->xBlockSize;
    20a4:	68910200 	ldmvs	r1, {r9}
    20a8:	0076700a 	rsbseq	r7, r6, sl
    xFreeBytesRemaining = pxFirstFreeBlock->xBlockSize;
    20ac:	9c0c01b8 	stcls	1, cr0, [ip], {184}	@ 0xb8
    20b0:	02000000 	andeq	r0, r0, #0
}
    20b4:	09007491 	stmdbeq	r0, {r0, r4, r7, sl, ip, sp, lr}
    20b8:	0000105e 	andeq	r1, r0, lr, asr r0
    20bc:	1fb401af 	svcne	0x00b401af
    20c0:	000c0000 	andeq	r0, ip, r0
    20c4:	9c010000 	stcls	0, cr0, [r1], {-0}
    20c8:	000e1609 	andeq	r1, lr, r9, lsl #12
    20cc:	9801a900 	stmdals	r1, {r8, fp, sp, pc}
    20d0:	1c00001f 	stcne	0, cr0, [r0], {31}
{
    20d4:	01000000 	mrseq	r0, (UNDEF: 0)
    20d8:	0f0b0f9c 	svceq	0x000b0f9c
    for( pxIterator = &xStart; heapPROTECT_BLOCK_POINTER( pxIterator->pxNextFreeBlock ) < pxBlockToInsert; pxIterator = heapPROTECT_BLOCK_POINTER( pxIterator->pxNextFreeBlock ) )
    20dc:	01a30000 			@ <UNDEFINED> instruction: 0x01a30000
    20e0:	00000026 	andeq	r0, r0, r6, lsr #32
    20e4:	00001f84 	andeq	r1, r0, r4, lsl #31
    20e8:	00000014 	andeq	r0, r0, r4, lsl r0
    20ec:	b80f9c01 	stmdalt	pc, {r0, sl, fp, ip, pc}	@ <UNPREDICTABLE>
    20f0:	9d00000e 	stcls	0, cr0, [r0, #-56]	@ 0xffffffc8
    puc = ( uint8_t * ) pxIterator;
    20f4:	00002601 	andeq	r2, r0, r1, lsl #12
    if( ( puc + pxIterator->xBlockSize ) == ( uint8_t * ) pxBlockToInsert )
    20f8:	001f7000 	andseq	r7, pc, r0
    20fc:	00001400 	andeq	r1, r0, r0, lsl #8
    2100:	0d9c0100 	ldceq	1, cr0, [ip]
        pxIterator->xBlockSize += pxBlockToInsert->xBlockSize;
    2104:	00000a43 	andeq	r0, r0, r3, asr #20
    2108:	1efc0162 	cdpne	1, 15, cr0, cr12, cr2, {3}
    210c:	00740000 	rsbseq	r0, r4, r0
    2110:	9c010000 	stcls	0, cr0, [r1], {-0}
        pxBlockToInsert = pxIterator;
    2114:	0000043d 	andeq	r0, r0, sp, lsr r4
    puc = ( uint8_t * ) pxBlockToInsert;
    2118:	0076701a 	rsbseq	r7, r6, sl, lsl r0
    if( ( puc + pxBlockToInsert->xBlockSize ) == ( uint8_t * ) heapPROTECT_BLOCK_POINTER( pxIterator->pxNextFreeBlock ) )
    211c:	18016201 	stmdane	r1, {r0, r9, sp, lr}
    2120:	0000009c 	muleq	r0, ip, r0
    2124:	0a6c9102 	beq	1b26534 <_edata+0x1b233c0>
    2128:	00637570 	rsbeq	r7, r3, r0, ror r5
        if( heapPROTECT_BLOCK_POINTER( pxIterator->pxNextFreeBlock ) != pxEnd )
    212c:	c90f0164 	stmdbgt	pc, {r2, r5, r6, r8}	@ <UNPREDICTABLE>
    2130:	02000000 	andeq	r0, r0, #0
    2134:	86037491 			@ <UNDEFINED> instruction: 0x86037491
            pxBlockToInsert->xBlockSize += heapPROTECT_BLOCK_POINTER( pxIterator->pxNextFreeBlock )->xBlockSize;
    2138:	65000010 	strvs	r0, [r0, #-16]
    213c:	01cf1301 	biceq	r1, pc, r1, lsl #6
    2140:	91020000 	mrsls	r0, (UNDEF: 2)
    2144:	851b0070 	ldrhi	r0, [fp, #-112]	@ 0xffffff90
            pxBlockToInsert->pxNextFreeBlock = heapPROTECT_BLOCK_POINTER( pxIterator->pxNextFreeBlock )->pxNextFreeBlock;
    2148:	0100000c 	tsteq	r0, ip
    214c:	009c08ad 	addseq	r0, ip, sp, lsr #17
    2150:	1d980000 	ldcne	0, cr0, [r8]
            pxBlockToInsert->pxNextFreeBlock = heapPROTECT_BLOCK_POINTER( pxEnd );
    2154:	01640000 	cmneq	r4, r0
    2158:	9c010000 	stcls	0, cr0, [r1], {-0}
        pxBlockToInsert->pxNextFreeBlock = pxIterator->pxNextFreeBlock;
    215c:	0010521c 	andseq	r5, r0, ip, lsl r2
    2160:	1dad0100 	stcne	1, cr0, [sp]
    if( pxIterator != pxBlockToInsert )
    2164:	00000026 	andeq	r0, r0, r6, lsr #32
    2168:	015c9102 	cmpeq	ip, r2, lsl #2
        pxIterator->pxNextFreeBlock = heapPROTECT_BLOCK_POINTER( pxBlockToInsert );
    216c:	00000dd0 	ldrdeq	r0, [r0], -r0	@ <UNPREDICTABLE>
    2170:	01cf13af 	biceq	r1, pc, pc, lsr #7
}
    2174:	91020000 	mrsls	r0, (UNDEF: 2)
    2178:	0d790174 	ldcleq	1, cr0, [r9, #-464]!	@ 0xfffffe30
    217c:	13b00000 	movsne	r0, #0
    2180:	000001cf 	andeq	r0, r0, pc, asr #3
{
    2184:	01709102 	cmneq	r0, r2, lsl #2
    2188:	00000ea9 	andeq	r0, r0, r9, lsr #29
    size_t xBlocks = 0, xMaxSize = 0, xMinSize = SIZE_MAX;
    218c:	01cf13b1 	strheq	r1, [pc, #49]	@ 21c5 <vPortGetHeapStats+0x41>
    2190:	91020000 	mrsls	r0, (UNDEF: 2)
    2194:	0ee50160 	cdpeq	1, 14, cr0, cr5, cr0, {3}
    2198:	0cb20000 	ldceq	0, cr0, [r2]
    vTaskSuspendAll();
    219c:	0000009c 	muleq	r0, ip, r0
        pxBlock = heapPROTECT_BLOCK_POINTER( xStart.pxNextFreeBlock );
    21a0:	016c9102 	cmneq	ip, r2, lsl #2
        if( pxBlock != NULL )
    21a4:	00000ecd 	andeq	r0, r0, sp, asr #29
    21a8:	00260cb3 	strhteq	r0, [r6], -r3
                xBlocks++;
    21ac:	91020000 	mrsls	r0, (UNDEF: 2)
    21b0:	0e880164 	cdpeq	1, 8, cr0, cr8, cr4, {3}
                if( pxBlock->xBlockSize > xMaxSize )
    21b4:	0cb40000 	ldceq	0, cr0, [r4]
    21b8:	00000026 	andeq	r0, r0, r6, lsr #32
                    xMaxSize = pxBlock->xBlockSize;
    21bc:	00689102 	rsbeq	r9, r8, r2, lsl #2
    21c0:	00031300 	andeq	r1, r3, r0, lsl #6
                if( pxBlock->xBlockSize < xMinSize )
    21c4:	01000500 	tsteq	r0, r0, lsl #10
    21c8:	00083a04 	andeq	r3, r8, r4, lsl #20
                    xMinSize = pxBlock->xBlockSize;
    21cc:	01b20c00 			@ <UNDEFINED> instruction: 0x01b20c00
    21d0:	061d0000 	ldreq	r0, [sp], -r0
                pxBlock = heapPROTECT_BLOCK_POINTER( pxBlock->pxNextFreeBlock );
    21d4:	07000011 	smladeq	r0, r1, r0, r0
            while( pxBlock != pxEnd )
    21d8:	80000000 	andhi	r0, r0, r0
    21dc:	60000022 	andvs	r0, r0, r2, lsr #32
    21e0:	2d000002 	stccs	0, cr0, [r0, #-8]
    ( void ) xTaskResumeAll();
    21e4:	0d000013 	stceq	0, cr0, [r0, #-76]	@ 0xffffffb4
    pxHeapStats->xSizeOfLargestFreeBlockInBytes = xMaxSize;
    21e8:	6e690504 	cdpvs	5, 6, cr0, cr9, cr4, {0}
    pxHeapStats->xSizeOfSmallestFreeBlockInBytes = xMinSize;
    21ec:	04010074 	streq	r0, [r1], #-116	@ 0xffffff8c
    21f0:	00017007 	andeq	r7, r1, r7
    pxHeapStats->xNumberOfFreeBlocks = xBlocks;
    21f4:	05080100 	streq	r0, [r8, #-256]	@ 0xffffff00
    taskENTER_CRITICAL();
    21f8:	00000185 	andeq	r0, r0, r5, lsl #3
        pxHeapStats->xAvailableHeapSpaceInBytes = xFreeBytesRemaining;
    21fc:	fc040801 	stc2	8, cr0, [r4], {1}
    2200:	01000001 	tsteq	r0, r1
        pxHeapStats->xNumberOfSuccessfulAllocations = xNumberOfSuccessfulAllocations;
    2204:	00e50601 	rsceq	r0, r5, r1, lsl #12
    2208:	01010000 	mrseq	r0, (UNDEF: 1)
        pxHeapStats->xNumberOfSuccessfulFrees = xNumberOfSuccessfulFrees;
    220c:	0000e308 	andeq	lr, r0, r8, lsl #6
    2210:	05020100 	streq	r0, [r2, #-256]	@ 0xffffff00
        pxHeapStats->xMinimumEverFreeBytesRemaining = xMinimumEverFreeBytesRemaining;
    2214:	00000094 	muleq	r0, r4, r0
    2218:	00070201 	andeq	r0, r7, r1, lsl #4
    taskEXIT_CRITICAL();
    221c:	01000001 	tsteq	r0, r1
}
    2220:	018a0504 	orreq	r0, sl, r4, lsl #10
    2224:	27020000 	strcs	r0, [r2, -r0]
    2228:	03000001 	movweq	r0, #1
    222c:	0071194f 	rsbseq	r1, r1, pc, asr #18
    2230:	04010000 	streq	r0, [r1], #-0
    2234:	00016b07 	andeq	r6, r1, r7, lsl #22
    2238:	07080100 	streq	r0, [r8, -r0, lsl #2]
    223c:	00000166 	andeq	r0, r0, r6, ror #2
{
    2240:	00012902 	andeq	r2, r1, r2, lsl #18
    pxEnd = NULL;
    2244:	14300400 	ldrtne	r0, [r0], #-1024	@ 0xfffffc00
    2248:	00000065 	andeq	r0, r0, r5, rrx
    xFreeBytesRemaining = ( size_t ) 0U;
    224c:	00007f0e 	andeq	r7, r0, lr, lsl #30
    xMinimumEverFreeBytesRemaining = ( size_t ) 0U;
    2250:	00c40200 	sbceq	r0, r4, r0, lsl #4
    2254:	24050000 	strcs	r0, [r5], #-0
    xNumberOfSuccessfulAllocations = ( size_t ) 0U;
    2258:	00009c11 	andeq	r9, r0, r1, lsl ip
    xNumberOfSuccessfulFrees = ( size_t ) 0U;
    225c:	00a10300 	adceq	r0, r1, r0, lsl #6
    2260:	ac0f0000 	stcge	0, cr0, [pc], {-0}
}
    2264:	10000000 	andne	r0, r0, r0
    2268:	000000ac 	andeq	r0, r0, ip, lsr #1
    226c:	02041100 	andeq	r1, r4, #0, 2
    2270:	00000146 	andeq	r0, r0, r6, asr #2
    2274:	7f1a3a02 	svcvc	0x001a3a02
    2278:	02000000 	andeq	r0, r0, #0
    227c:	00000209 	andeq	r0, r0, r9, lsl #4
{
    2280:	5e1a3b02 	vnmlspl.f64	d3, d10, d2
    2284:	02000000 	andeq	r0, r0, #0
    2288:	00000208 	andeq	r0, r0, r8, lsl #4
    pxTopOfStack--;                                                      /* Offset added to account for the way the MCU uses the stack on entry/exit of interrupts. */
    228c:	711a3c02 	tstvc	sl, r2, lsl #24
    2290:	01000000 	mrseq	r0, (UNDEF: 0)
    *pxTopOfStack = portINITIAL_XPSR;                                    /* xPSR */
    2294:	00ec0801 	rsceq	r0, ip, r1, lsl #16
    2298:	ae030000 	cdpge	0, 0, cr0, cr3, cr0, {0}
    pxTopOfStack--;
    229c:	02000000 	andeq	r0, r0, #0
    *pxTopOfStack = ( ( StackType_t ) pxCode ) & portSTART_ADDRESS_MASK; /* PC */
    22a0:	00001143 	andeq	r1, r0, r3, asr #2
    22a4:	ef122601 	svc	0x00122601
    22a8:	08000000 	stmdaeq	r0, {}	@ <UNPREDICTABLE>
    pxTopOfStack--;
    22ac:	000000de 	ldrdeq	r0, [r0], -lr
    *pxTopOfStack = ( StackType_t ) portTASK_RETURN_ADDRESS;             /* LR */
    22b0:	0000f403 	andeq	pc, r0, r3, lsl #8
    22b4:	db091200 	blle	246abc <_edata+0x243948>
    pxTopOfStack -= 5;                                                   /* R12, R3, R2 and R1. */
    22b8:	8d000010 	stchi	0, cr0, [r0, #-64]	@ 0xffffffc0
    *pxTopOfStack = ( StackType_t ) pvParameters;                        /* R0 */
    22bc:	0000c614 	andeq	ip, r0, r4, lsl r6
    22c0:	70030500 	andvc	r0, r3, r0, lsl #10
    pxTopOfStack -= 8;                                                   /* R11, R10, R9, R8, R7, R6, R5 and R4. */
    22c4:	13000031 	movwne	r0, #49	@ 0x31
    return pxTopOfStack;
    22c8:	000003db 	ldrdeq	r0, [r0], -fp
}
    22cc:	0c0dad06 	stceq	13, cr10, [sp], {6}
    22d0:	000000ba 	strheq	r0, [r0], -sl
    22d4:	00096614 	andeq	r6, r9, r4, lsl r6
{
    22d8:	0e080600 	cdpeq	6, 0, cr0, cr8, cr0, {0}
    22dc:	10ed041b 	rscne	r0, sp, fp, lsl r4
    volatile uint32_t ulDummy = 0UL;
    22e0:	02e70000 	rsceq	r0, r7, #0
    __asm volatile
    22e4:	0024ac20 	eoreq	sl, r4, r0, lsr #24
    22e8:	00003400 	andeq	r3, r0, r0, lsl #8
    22ec:	159c0100 	ldrne	r0, [ip, #256]	@ 0x100
    22f0:	000010c7 	andeq	r1, r0, r7, asr #1
}
    22f4:	0601eb01 	streq	lr, [r1], -r1, lsl #22
    while( ulDummy == 0 )
    22f8:	00002466 	andeq	r2, r0, r6, ror #8
    22fc:	00000046 	andeq	r0, r0, r6, asr #32
}
    2300:	017d9c01 	cmneq	sp, r1, lsl #24
    2304:	00160000 	andseq	r0, r6, r0
    2308:	6c000003 	stcvs	0, cr0, [r0], {3}
    __asm volatile (
    230c:	14000024 	strne	r0, [r0], #-36	@ 0xffffffdc
    2310:	01000000 	mrseq	r0, (UNDEF: 0)
    2314:	630501f1 	movwvs	r0, #20977	@ 0x51f1
    2318:	05000001 	streq	r0, [r0, #-1]
    231c:	00000309 	andeq	r0, r0, r9, lsl #6
    2320:	00749102 	rsbseq	r9, r4, r2, lsl #2
    2324:	0002e606 	andeq	lr, r2, r6, lsl #12
    2328:	00249600 	eoreq	r9, r4, r0, lsl #12
    232c:	00000800 	andeq	r0, r0, r0, lsl #16
}
    2330:	05020200 	streq	r0, [r2, #-512]	@ 0xfffffe00
    __asm volatile (
    2334:	0002f30a 	andeq	pc, r2, sl, lsl #6
    2338:	70910200 	addsvc	r0, r1, r0, lsl #4
    233c:	9b040000 	blls	102344 <_edata+0xff1d0>
    2340:	c7000010 	smladgt	r0, r0, r0, r0
    2344:	24200601 	strtcs	r0, [r0], #-1537	@ 0xfffff9ff
    2348:	00460000 	subeq	r0, r6, r0
    234c:	9c010000 	stcls	0, cr0, [r1], {-0}
}
    2350:	0002710b 	andeq	r7, r2, fp, lsl #2
{
    2354:	ec01bb00 			@ <UNDEFINED> instruction: 0xec01bb00
        const portISR_t * const pxVectorTable = portSCB_VTOR_REG;
    2358:	34000023 	strcc	r0, [r0], #-35	@ 0xffffffdd
    235c:	01000000 	mrseq	r0, (UNDEF: 0)
    portNVIC_SHPR3_REG |= portNVIC_PENDSV_PRI;
    2360:	0001be9c 	muleq	r1, ip, lr
    2364:	02e60600 	rsceq	r0, r6, #0, 12
    2368:	24080000 	strcs	r0, [r8], #-0
    portNVIC_SHPR3_REG |= portNVIC_SYSTICK_PRI;
    236c:	00080000 	andeq	r0, r8, r0
    2370:	01c20000 	biceq	r0, r2, r0
    2374:	02f30a09 	rscseq	r0, r3, #36864	@ 0x9000
    portNVIC_SHPR2_REG = 0;
    2378:	91020000 	mrsls	r0, (UNDEF: 2)
    vPortSetupTimerInterrupt();
    237c:	0b000074 	bleq	2554 <xQueueGenericReset+0x74>
    uxCriticalNesting = 0;
    2380:	0000043a 	andeq	r0, r0, sl, lsr r4
    2384:	23b801aa 			@ <UNDEFINED> instruction: 0x23b801aa
    prvPortStartFirstTask();
    2388:	00340000 	eorseq	r0, r4, r0
    vTaskSwitchContext();
    238c:	9c010000 	stcls	0, cr0, [r1], {-0}
    prvTaskExitError();
    2390:	000001ed 	andeq	r0, r0, sp, ror #3
}
    2394:	00030006 	andeq	r0, r3, r6
    2398:	0023be00 	eoreq	fp, r3, r0, lsl #28
    239c:	00001400 	andeq	r1, r0, r0, lsl #8
    23a0:	0501ac00 	streq	sl, [r1, #-3072]	@ 0xfffff400
    23a4:	00030905 	andeq	r0, r3, r5, lsl #18
    23a8:	74910200 	ldrvc	r0, [r1], #512	@ 0x200
{
    23ac:	92040000 	andls	r0, r4, #0
}
    23b0:	a200000c 	andge	r0, r0, #12
    23b4:	23ac0601 			@ <UNDEFINED> instruction: 0x23ac0601
{
    23b8:	000c0000 	andeq	r0, ip, r0
    23bc:	9c010000 	stcls	0, cr0, [r1], {-0}
    __asm volatile
    23c0:	00028317 	andeq	r8, r2, r7, lsl r3
    23c4:	010c0100 	mrseq	r0, (UNDEF: 28)
    23c8:	0000ba0c 	andeq	fp, r0, ip, lsl #20
    23cc:	00235200 	eoreq	r5, r3, r0, lsl #4
}
    23d0:	00005a00 	andeq	r5, r0, r0, lsl #20
    uxCriticalNesting++;
    23d4:	359c0100 	ldrcc	r0, [ip, #256]	@ 0x100
    23d8:	18000002 	stmdane	r0, {r1}
}
    23dc:	00002358 	andeq	r2, r0, r8, asr r3
    23e0:	00000006 	andeq	r0, r0, r6
    23e4:	00113519 	andseq	r3, r1, r9, lsl r5
    23e8:	011c0100 	tsteq	ip, r0, lsl #2
{
    23ec:	00023a21 	andeq	r3, r2, r1, lsr #20
    23f0:	74910200 	ldrvc	r0, [r1], #512	@ 0x200
    uxCriticalNesting--;
    23f4:	ea030000 	b	c23fc <_edata+0xbf288>
    23f8:	08000000 	stmdaeq	r0, {}	@ <UNPREDICTABLE>
    if( uxCriticalNesting == 0 )
    23fc:	00000235 	andeq	r0, r0, r5, lsr r2
    2400:	00115d1a 	andseq	r5, r1, sl, lsl sp
    2404:	0df70100 	ldcleq	1, cr0, [r7]
    __asm volatile
    2408:	00002332 	andeq	r2, r0, r2, lsr r3
    240c:	00000020 	andeq	r0, r0, r0, lsr #32
}
    2410:	4d1b9c01 	ldcmi	12, cr9, [fp, #-4]
    2414:	01000011 	tsteq	r0, r1, lsl r0
    2418:	230a06e4 	movwcs	r0, #42724	@ 0xa6e4
    241c:	00280000 	eoreq	r0, r8, r0
    __asm volatile
    2420:	9c010000 	stcls	0, cr0, [r1], {-0}
    2424:	0010ae1c 	andseq	sl, r0, ip, lsl lr
    2428:	0dca0100 	stcleq	1, cr0, [sl]
    242c:	000022d8 	ldrdeq	r2, [r0], -r8
    2430:	00000032 	andeq	r0, r0, r2, lsr r0
    2434:	02a19c01 	adceq	r9, r1, #256	@ 0x100
    2438:	bf090000 	svclt	0x00090000
    243c:	cc000010 	stcgt	0, cr0, [r0], {16}
    2440:	00008b17 	andeq	r8, r0, r7, lsl fp
    2444:	70910200 	addsvc	r0, r1, r0, lsl #4
    2448:	0003001d 	andeq	r0, r3, sp, lsl r0
    244c:	0022e200 	eoreq	lr, r2, r0, lsl #4
    2450:	00001400 	andeq	r1, r0, r0, lsl #8
    2454:	05d50100 	ldrbeq	r0, [r5, #256]	@ 0x100
    2458:	00030905 	andeq	r0, r3, r5, lsl #18
    245c:	74910200 	ldrvc	r0, [r1], #512	@ 0x200
    2460:	cc1e0000 	ldcgt	0, cr0, [lr], {-0}
}
    2464:	01000007 	tsteq	r0, r7
{
    2468:	00d90fb6 	ldrheq	r0, [r9], #246	@ 0xf6
    __asm volatile
    246c:	22800000 	addcs	r0, r0, #0
    2470:	00580000 	subseq	r0, r8, r0
    2474:	9c010000 	stcls	0, cr0, [r1], {-0}
    2478:	000002e6 	andeq	r0, r0, r6, ror #5
    247c:	000c7807 	andeq	r7, ip, r7, lsl #16
        if( xTaskIncrementTick() != pdFALSE )
    2480:	d934b600 	ldmdble	r4!, {r9, sl, ip, sp, pc}
    2484:	02000000 	andeq	r0, r0, #0
    2488:	94077491 	strls	r7, [r7], #-1169	@ 0xfffffb6f
            portNVIC_INT_CTRL_REG = portNVIC_PENDSVSET_BIT;
    248c:	b7000010 	smladlt	r0, r0, r0, r0
    2490:	00009035 	andeq	r9, r0, r5, lsr r0
    2494:	70910200 	addsvc	r0, r1, r0, lsl #4
    __asm volatile
    2498:	00019307 	andeq	r9, r1, r7, lsl #6
}
    249c:	ac2db800 	stcge	8, cr11, [sp], #-0
}
    24a0:	02000000 	andeq	r0, r0, #0
    24a4:	1f006c91 	svcne	0x00006c91
    24a8:	0000042a 	andeq	r0, r0, sl, lsr #8
{
    24ac:	031ef802 	tstpeq	lr, #131072	@ p-variant is OBSOLETE	@ 0x20000
    portNVIC_SYSTICK_CTRL_REG = 0UL;
    24b0:	00000300 	andeq	r0, r0, r0, lsl #6
    24b4:	0008fd20 	andeq	pc, r8, r0, lsr #26
    portNVIC_SYSTICK_CURRENT_VALUE_REG = 0UL;
    24b8:	38f80200 	ldmcc	r8!, {r9}^
    portNVIC_SYSTICK_LOAD_REG = ( configSYSTICK_CLOCK_HZ / configTICK_RATE_HZ ) - 1UL;
    24bc:	0000007f 	andeq	r0, r0, pc, ror r0
    24c0:	0a8f2100 	beq	fe3ca8c8 <__StackTop+0xde3c88c8>
    portNVIC_SYSTICK_CTRL_REG = ( portNVIC_SYSTICK_CLK_BIT_CONFIG | portNVIC_SYSTICK_INT_BIT | portNVIC_SYSTICK_ENABLE_BIT );
    24c4:	d4020000 	strle	r0, [r2], #-0
}
    24c8:	e622031e 			@ <UNDEFINED> instruction: 0xe622031e
    24cc:	02000006 	andeq	r0, r0, #6
    24d0:	007f0ed6 	ldrsbteq	r0, [pc], #-230
    24d4:	00000000 	andeq	r0, r0, r0
    24d8:	00000f6b 	andeq	r0, r0, fp, ror #30
    24dc:	04010005 	streq	r0, [r1], #-5
{
    24e0:	00000a6e 	andeq	r0, r0, lr, ror #20
    24e4:	0001b21d 	andeq	fp, r1, sp, lsl r2
    24e8:	11bd1d00 			@ <UNDEFINED> instruction: 0x11bd1d00
    BaseType_t xReturn = pdPASS;
    24ec:	00070000 	andeq	r0, r7, r0
    Queue_t * const pxQueue = xQueue;
    24f0:	24e00000 	strbtcs	r0, [r0], #0
    if( ( pxQueue != NULL ) &&
    24f4:	0c760000 	ldcleq	0, cr0, [r6], #-0
        ( pxQueue->uxLength >= 1U ) &&
    24f8:	15750000 	ldrbne	r0, [r5, #-0]!
    if( ( pxQueue != NULL ) &&
    24fc:	f5040000 			@ <UNDEFINED> instruction: 0xf5040000
        ( ( SIZE_MAX / pxQueue->uxLength ) >= pxQueue->uxItemSize ) )
    2500:	03000005 	movweq	r0, #5
    2504:	003217d6 	ldrsbteq	r1, [r2], -r6
    2508:	04090000 	streq	r0, [r9], #-0
    250c:	00017007 	andeq	r7, r1, r7
    2510:	05041e00 	streq	r1, [r4, #-3584]	@ 0xfffff200
    2514:	00746e69 	rsbseq	r6, r4, r9, ror #28
        ( pxQueue->uxLength >= 1U ) &&
    2518:	85050809 	strhi	r0, [r5, #-2057]	@ 0xfffff7f7
        taskENTER_CRITICAL();
    251c:	09000001 	stmdbeq	r0, {r0}
            pxQueue->u.xQueue.pcTail = pxQueue->pcHead + ( pxQueue->uxLength * pxQueue->uxItemSize );
    2520:	01fc0408 	mvnseq	r0, r8, lsl #8
    2524:	ce040000 	cdpgt	0, 0, cr0, cr4, cr0, {0}
    2528:	04000013 	streq	r0, [r0], #-19	@ 0xffffffed
    252c:	005a1729 	subseq	r1, sl, r9, lsr #14
    2530:	01090000 	mrseq	r0, (UNDEF: 9)
            pxQueue->uxMessagesWaiting = ( UBaseType_t ) 0U;
    2534:	0000e506 	andeq	lr, r0, r6, lsl #10
    2538:	00330400 	eorseq	r0, r3, r0, lsl #8
            pxQueue->pcWriteTo = pxQueue->pcHead;
    253c:	2b040000 	blcs	102544 <_edata+0xff3d0>
    2540:	00006d18 	andeq	r6, r0, r8, lsl sp
            pxQueue->u.xQueue.pcReadFrom = pxQueue->pcHead + ( ( pxQueue->uxLength - 1U ) * pxQueue->uxItemSize );
    2544:	08010900 	stmdaeq	r1, {r8, fp}
    2548:	000000e3 	andeq	r0, r0, r3, ror #1
    254c:	94050209 	strls	r0, [r5], #-521	@ 0xfffffdf7
    2550:	09000000 	stmdbeq	r0, {}	@ <UNPREDICTABLE>
    2554:	01000702 	tsteq	r0, r2, lsl #14
    2558:	04090000 	streq	r0, [r9], #-0
            pxQueue->cRxLock = queueUNLOCKED;
    255c:	00018a05 	andeq	r8, r1, r5, lsl #20
    2560:	01270400 			@ <UNDEFINED> instruction: 0x01270400
            pxQueue->cTxLock = queueUNLOCKED;
    2564:	4f040000 	svcmi	0x00040000
    2568:	00009519 	andeq	r9, r0, r9, lsl r5
            if( xNewQueue == pdFALSE )
    256c:	07040900 	streq	r0, [r4, -r0, lsl #18]
                if( listLIST_IS_EMPTY( &( pxQueue->xTasksWaitingToSend ) ) == pdFALSE )
    2570:	0000016b 	andeq	r0, r0, fp, ror #2
    2574:	66070809 	strvs	r0, [r7], -r9, lsl #16
                    if( xTaskRemoveFromEventList( &( pxQueue->xTasksWaitingToSend ) ) != pdFALSE )
    2578:	1f000001 	svcne	0x00000001
    257c:	00a30504 	adceq	r0, r3, r4, lsl #10
    2580:	01090000 	mrseq	r0, (UNDEF: 9)
    2584:	0000ec08 	andeq	lr, r0, r8, lsl #24
                        queueYIELD_IF_USING_PREEMPTION();
    2588:	00bb0600 	adcseq	r0, fp, r0, lsl #12
    258c:	b1050000 	mrslt	r0, (UNDEF: 5)
    2590:	20000000 	andcs	r0, r0, r0
    2594:	0013d004 	andseq	sp, r3, r4
    2598:	12140500 	andsne	r0, r4, #0, 10
                vListInitialise( &( pxQueue->xTasksWaitingToSend ) );
    259c:	0000004e 	andeq	r0, r0, lr, asr #32
    25a0:	0000bc15 	andeq	fp, r0, r5, lsl ip
                vListInitialise( &( pxQueue->xTasksWaitingToReceive ) );
    25a4:	00bc0500 	adcseq	r0, ip, r0, lsl #10
    25a8:	35040000 	strcc	r0, [r4, #-0]
    25ac:	05000000 	streq	r0, [r0, #-0]
        taskEXIT_CRITICAL();
    25b0:	00611318 	rsbeq	r1, r1, r8, lsl r3
        xReturn = pdFAIL;
    25b4:	d2050000 	andle	r0, r5, #0
    return xReturn;
    25b8:	04000000 	streq	r0, [r0], #-0
}
    25bc:	00000129 	andeq	r0, r0, r9, lsr #2
    25c0:	89143005 	ldmdbhi	r4, {r0, r2, ip, sp}
    25c4:	04000000 	streq	r0, [r0], #-0
    {
    25c8:	00000209 	andeq	r0, r0, r9, lsl #4
    25cc:	821a3b02 	andshi	r3, sl, #2048	@ 0x800
    25d0:	05000000 	streq	r0, [r0, #-0]
    25d4:	000000ef 	andeq	r0, r0, pc, ror #1
        Queue_t * pxNewQueue = NULL;
    25d8:	00020804 	andeq	r0, r2, r4, lsl #16
        if( ( uxQueueLength > ( UBaseType_t ) 0 ) &&
    25dc:	1a3c0200 	bne	f02de4 <_edata+0xeffc70>
            ( ( SIZE_MAX / uxQueueLength ) >= uxItemSize ) &&
    25e0:	00000095 	muleq	r0, r5, r0
    25e4:	00010015 	andeq	r0, r1, r5, lsl r0
    25e8:	01000500 	tsteq	r0, r0, lsl #10
    25ec:	43040000 	movwmi	r0, #16384	@ 0x4000
    25f0:	02000000 	andeq	r0, r0, #0
        if( ( uxQueueLength > ( UBaseType_t ) 0 ) &&
    25f4:	00e31a42 	rsceq	r1, r3, r2, asr #20
            ( ( SIZE_MAX - sizeof( Queue_t ) ) >= ( size_t ) ( ( size_t ) uxQueueLength * ( size_t ) uxItemSize ) ) )
    25f8:	16050000 	strne	r0, [r5], -r0
    25fc:	06000001 	streq	r0, [r0], -r1
            ( ( SIZE_MAX / uxQueueLength ) >= uxItemSize ) &&
    2600:	000000d2 	ldrdeq	r0, [r0], -r2
            xQueueSizeInBytes = ( size_t ) ( ( size_t ) uxQueueLength * ( size_t ) uxItemSize );
    2604:	00036a0c 	andeq	r6, r3, ip, lsl #20
    2608:	90061400 	andls	r1, r6, r0, lsl #8
    260c:	00017b08 	andeq	r7, r1, r8, lsl #22
            pxNewQueue = ( Queue_t * ) pvPortMalloc( sizeof( Queue_t ) + xQueueSizeInBytes );
    2610:	09e20300 	stmibeq	r2!, {r8, r9}^
    2614:	93060000 	movwls	r0, #24576	@ 0x6000
    2618:	00011624 	andeq	r1, r1, r4, lsr #12
            if( pxNewQueue != NULL )
    261c:	66030000 	strvs	r0, [r3], -r0
                pucQueueStorage = ( uint8_t * ) pxNewQueue;
    2620:	06000008 	streq	r0, [r0], -r8
                pucQueueStorage += sizeof( Queue_t );
    2624:	017b2d94 			@ <UNDEFINED> instruction: 0x017b2d94
    2628:	03040000 	movweq	r0, #16384	@ 0x4000
                prvInitialiseNewQueue( uxQueueLength, uxItemSize, pucQueueStorage, ucQueueType, pxNewQueue );
    262c:	00000596 	muleq	r0, r6, r5
    2630:	7b2d9506 	blvc	b67a50 <_edata+0xb648dc>
    2634:	08000001 	stmdaeq	r0, {r0}
    2638:	000b5503 	andeq	r5, fp, r3, lsl #10
        return pxNewQueue;
    263c:	0c960600 	ldceq	6, cr0, [r6], {0}
    }
    2640:	000000a3 	andeq	r0, r0, r3, lsr #1
    2644:	0989030c 	stmibeq	r9, {r2, r3, r8, r9}
{
    2648:	97060000 	strls	r0, [r6, -r0]
    264c:	0001b528 	andeq	fp, r1, r8, lsr #10
    2650:	06001000 	streq	r1, [r0], -r0
    if( uxItemSize == ( UBaseType_t ) 0 )
    2654:	0000012c 	andeq	r0, r0, ip, lsr #2
    2658:	0006220c 	andeq	r2, r6, ip, lsl #4
        pxNewQueue->pcHead = ( int8_t * ) pxNewQueue;
    265c:	ac061400 	stcge	4, cr1, [r6], {-0}
    2660:	0001b510 	andeq	fp, r1, r0, lsl r5
        pxNewQueue->pcHead = ( int8_t * ) pucQueueStorage;
    2664:	02610300 	rsbeq	r0, r1, #0, 6
    pxNewQueue->uxLength = uxQueueLength;
    2668:	af060000 	svcge	0x00060000
    266c:	00010025 	andeq	r0, r1, r5, lsr #32
    pxNewQueue->uxItemSize = uxItemSize;
    2670:	3c030000 	stccc	0, cr0, [r3], {-0}
    ( void ) xQueueGenericReset( pxNewQueue, pdTRUE );
    2674:	06000003 	streq	r0, [r0], -r3
    2678:	020726b0 	andeq	r2, r7, #176, 12	@ 0xb000000
}
    267c:	03040000 	movweq	r0, #16384	@ 0x4000
    2680:	00000716 	andeq	r0, r0, r6, lsl r7
{
    2684:	fb14b106 	blx	52eaa6 <_edata+0x52b932>
    2688:	08000001 	stmdaeq	r0, {r0}
    268c:	01800600 	orreq	r0, r0, r0, lsl #12
    2690:	3b040000 	blcc	102698 <_edata+0xff524>
    BaseType_t xEntryTimeSet = pdFALSE, xYieldRequired;
    2694:	06000007 	streq	r0, [r0], -r7
    Queue_t * const pxQueue = xQueue;
    2698:	012c1b9a 			@ <UNDEFINED> instruction: 0x012c1b9a
        taskENTER_CRITICAL();
    269c:	070c0000 	streq	r0, [ip, -r0]
            if( ( pxQueue->uxMessagesWaiting < pxQueue->uxLength ) || ( xCopyPosition == queueOVERWRITE ) )
    26a0:	0c000006 	stceq	0, cr0, [r0], {6}
    26a4:	fb0c9d06 	blx	329ac6 <_edata+0x326952>
    26a8:	03000001 	movweq	r0, #1
    26ac:	000009e2 	andeq	r0, r0, r2, ror #19
                    xYieldRequired = prvCopyDataToQueue( pxQueue, pvItemToQueue, xCopyPosition );
    26b0:	1628a006 	strtne	sl, [r8], -r6
    26b4:	00000001 	andeq	r0, r0, r1
    26b8:	00086603 	andeq	r6, r8, r3, lsl #12
                    if( listLIST_IS_EMPTY( &( pxQueue->xTasksWaitingToReceive ) ) == pdFALSE )
    26bc:	31a10600 			@ <UNDEFINED> instruction: 0x31a10600
    26c0:	0000017b 	andeq	r0, r0, fp, ror r1
                        if( xTaskRemoveFromEventList( &( pxQueue->xTasksWaitingToReceive ) ) != pdFALSE )
    26c4:	05960304 	ldreq	r0, [r6, #772]	@ 0x304
    26c8:	a2060000 	andge	r0, r6, #0
    26cc:	00017b31 	andeq	r7, r1, r1, lsr fp
    26d0:	04000800 	streq	r0, [r0], #-2048	@ 0xfffff800
                            queueYIELD_IF_USING_PREEMPTION();
    26d4:	00000737 	andeq	r0, r0, r7, lsr r7
    26d8:	c624a406 	strtgt	sl, [r4], -r6, lsl #8
    26dc:	06000001 	streq	r0, [r0], -r1
    26e0:	000001ba 			@ <UNDEFINED> instruction: 0x000001ba
    26e4:	00092604 	andeq	r2, r9, r4, lsl #12
                    else if( xYieldRequired != pdFALSE )
    26e8:	03b30600 			@ <UNDEFINED> instruction: 0x03b30600
                        queueYIELD_IF_USING_PREEMPTION();
    26ec:	00000180 	andeq	r0, r0, r0, lsl #3
    26f0:	00020c05 	andeq	r0, r2, r5, lsl #24
    26f4:	004e0400 	subeq	r0, lr, r0, lsl #8
    26f8:	5f070000 	svcpl	0x00070000
                taskEXIT_CRITICAL();
    26fc:	0002292e 	andeq	r2, r2, lr, lsr #18
                return pdPASS;
    2700:	022e0600 	eoreq	r0, lr, #0, 12
                if( xTicksToWait == ( TickType_t ) 0 )
    2704:	32210000 	eorcc	r0, r1, #0
    2708:	0c000001 	stceq	0, cr0, [r0], {1}
                    taskEXIT_CRITICAL();
    270c:	00000344 	andeq	r0, r0, r4, asr #6
                    return errQUEUE_FULL;
    2710:	10800708 	addne	r0, r0, r8, lsl #14
                else if( xEntryTimeSet == pdFALSE )
    2714:	0000025b 	andeq	r0, r0, fp, asr r2
                    vTaskInternalSetTimeOutState( &xTimeOut );
    2718:	00041b03 	andeq	r1, r4, r3, lsl #22
    271c:	10820700 	addne	r0, r2, r0, lsl #14
    2720:	000000ef 	andeq	r0, r0, pc, ror #1
                    xEntryTimeSet = pdTRUE;
    2724:	08560300 	ldmdaeq	r6, {r8, r9}^
        taskEXIT_CRITICAL();
    2728:	83070000 	movwhi	r0, #28672	@ 0x7000
        vTaskSuspendAll();
    272c:	00011610 	andeq	r1, r1, r0, lsl r6
        prvLockQueue( pxQueue );
    2730:	04000400 	streq	r0, [r0], #-1024	@ 0xfffffc00
    2734:	000008c1 	andeq	r0, r0, r1, asr #17
    2738:	33038407 	movwcc	r8, #13319	@ 0x3407
    273c:	04000002 	streq	r0, [r0], #-2
    2740:	00000072 	andeq	r0, r0, r2, ror r0
    2744:	78243308 	stmdavc	r4!, {r3, r8, r9, ip, sp}
    2748:	05000002 	streq	r0, [r0, #-2]
    274c:	00000267 	andeq	r0, r0, r7, ror #4
    2750:	00027d06 	andeq	r7, r2, r6, lsl #26
    2754:	00d30c00 	sbcseq	r0, r3, r0, lsl #24
    2758:	01480000 	mrseq	r0, (UNDEF: 72)
    275c:	030b1067 	movweq	r1, #45159	@ 0xb067
    2760:	c1030000 	mrsgt	r0, (UNDEF: 3)
        if( xTaskCheckForTimeOut( &xTimeOut, &xTicksToWait ) == pdFALSE )
    2764:	01000014 	tsteq	r0, r4, lsl r0
    2768:	03330e69 	teqeq	r3, #1680	@ 0x690
    276c:	03000000 	movweq	r0, #0
    2770:	000013c4 	andeq	r1, r0, r4, asr #7
    2774:	330e6a01 	movwcc	r6, #59905	@ 0xea01
            if( prvIsQueueFull( pxQueue ) != pdFALSE )
    2778:	04000003 	streq	r0, [r0], #-3
    277c:	01007522 	tsteq	r0, r2, lsr #10
    2780:	03780770 	cmneq	r8, #112, 14	@ 0x1c00000
                vTaskPlaceOnEventList( &( pxQueue->xTasksWaitingToSend ), xTicksToWait );
    2784:	03080000 	movweq	r0, #32768	@ 0x8000
    2788:	000011fe 	strdeq	r1, [r0], -lr
    278c:	0c0c7201 	stceq	2, cr7, [ip], {1}
                prvUnlockQueue( pxQueue );
    2790:	10000002 	andne	r0, r0, r2
    2794:	0011a603 	andseq	sl, r1, r3, lsl #12
                if( xTaskResumeAll() == pdFALSE )
    2798:	0c730100 	ldcleq	1, cr0, [r3], #-0
    279c:	0000020c 	andeq	r0, r0, ip, lsl #4
    27a0:	129b0324 	addsne	r0, fp, #36, 6	@ 0x90000000
                    taskYIELD_WITHIN_API();
    27a4:	75010000 	strvc	r0, [r1, #-0]
    27a8:	00010c1a 	andeq	r0, r1, sl, lsl ip
    27ac:	05033800 	streq	r3, [r3, #-2048]	@ 0xfffff800
    27b0:	01000014 	tsteq	r0, r4, lsl r0
                prvUnlockQueue( pxQueue );
    27b4:	01001176 	tsteq	r0, r6, ror r1
    27b8:	033c0000 	teqeq	ip, #0
                ( void ) xTaskResumeAll();
    27bc:	000012f8 	strdeq	r1, [r0], -r8
            prvUnlockQueue( pxQueue );
    27c0:	00117701 	andseq	r7, r1, r1, lsl #14
    27c4:	40000001 	andmi	r0, r0, r1
            ( void ) xTaskResumeAll();
    27c8:	00152203 	andseq	r2, r5, r3, lsl #4
}
    27cc:	15790100 	ldrbne	r0, [r9, #-256]!	@ 0xffffff00
    27d0:	000000c8 	andeq	r0, r0, r8, asr #1
    27d4:	12290344 	eorne	r0, r9, #68, 6	@ 0x10000001
{
    27d8:	7a010000 	bvc	427e0 <_edata+0x3f66c>
    27dc:	0000c815 	andeq	ip, r0, r5, lsl r8
    27e0:	0c004500 	stceq	5, cr4, [r0], {-0}
    27e4:	0000132c 	andeq	r1, r0, ip, lsr #6
    Queue_t * const pxQueue = xQueue;
    27e8:	10440108 	subne	r0, r4, r8, lsl #2
    __asm volatile
    27ec:	00000333 	andeq	r0, r0, r3, lsr r3
    27f0:	00147603 	andseq	r7, r4, r3, lsl #12
    27f4:	0e460100 	cdpeq	1, 4, cr0, cr6, cr0, {0}
    27f8:	00000333 	andeq	r0, r0, r3, lsr r3
    27fc:	12470300 	subne	r0, r7, #0, 6
    2800:	47010000 	strmi	r0, [r1, -r0]
    uxSavedInterruptStatus = ( UBaseType_t ) taskENTER_CRITICAL_FROM_ISR();
    2804:	0003330e 	andeq	r3, r3, lr, lsl #6
        if( ( pxQueue->uxMessagesWaiting < pxQueue->uxLength ) || ( xCopyPosition == queueOVERWRITE ) )
    2808:	06000400 	streq	r0, [r0], -r0, lsl #8
    280c:	000000bc 	strheq	r0, [r0], -ip
    2810:	0013f504 	andseq	pc, r3, r4, lsl #10
    2814:	03480100 	movteq	r0, #33024	@ 0x8100
            const int8_t cTxLock = pxQueue->cTxLock;
    2818:	0000030b 	andeq	r0, r0, fp, lsl #6
    281c:	0011730c 	andseq	r7, r1, ip, lsl #6
    2820:	4a010800 	bmi	44828 <_edata+0x416b4>
            const UBaseType_t uxPreviousMessagesWaiting = pxQueue->uxMessagesWaiting;
    2824:	00036c10 	andeq	r6, r3, r0, lsl ip
            ( void ) prvCopyDataToQueue( pxQueue, pvItemToQueue, xCopyPosition );
    2828:	150b0300 	strne	r0, [fp, #-768]	@ 0xfffffd00
    282c:	4c010000 	stcmi	0, cr0, [r1], {-0}
    2830:	00021d12 	andeq	r1, r2, r2, lsl sp
            if( cTxLock == queueUNLOCKED )
    2834:	85030000 	strhi	r0, [r3, #-0]
    2838:	01000014 	tsteq	r0, r4, lsl r0
                    if( listLIST_IS_EMPTY( &( pxQueue->xTasksWaitingToReceive ) ) == pdFALSE )
    283c:	0100114d 	tsteq	r0, sp, asr #2
    2840:	00040000 	andeq	r0, r4, r0
                        if( xTaskRemoveFromEventList( &( pxQueue->xTasksWaitingToReceive ) ) != pdFALSE )
    2844:	00118104 	andseq	r8, r1, r4, lsl #2
    2848:	034e0100 	movteq	r0, #57600	@ 0xe100
    284c:	00000344 	andeq	r0, r0, r4, asr #6
    2850:	6c010823 	stcvs	8, cr0, [r1], {35}	@ 0x23
                            if( pxHigherPriorityTaskWoken != NULL )
    2854:	00039605 	andeq	r9, r3, r5, lsl #12
    2858:	147e1600 	ldrbtne	r1, [lr], #-1536	@ 0xfffffa00
                                *pxHigherPriorityTaskWoken = pdTRUE;
    285c:	386e0000 	stmdacc	lr!, {}^	@ <UNPREDICTABLE>
    2860:	16000003 	strne	r0, [r0], -r3
                prvIncrementQueueTxLock( pxQueue, cTxLock );
    2864:	000012ad 	andeq	r1, r0, sp, lsr #5
    2868:	00036c6f 	andeq	r6, r3, pc, ror #24
    286c:	04040000 	streq	r0, [r4], #-0
    2870:	01000015 	tsteq	r0, r5, lsl r0
    2874:	027d0388 	rsbseq	r0, sp, #136, 6	@ 0x20000002
    2878:	31040000 	mrscc	r0, (UNDEF: 4)
    287c:	01000012 	tsteq	r0, r2, lsl r0
    2880:	0396108c 	orrseq	r1, r6, #140	@ 0x8c
            xReturn = pdPASS;
    2884:	a2050000 	andge	r0, r5, #0
            xReturn = errQUEUE_FULL;
    2888:	17000003 	strne	r0, [r0, -r3]
    288c:	00000a7e 	andeq	r0, r0, lr, ror sl
    __asm volatile
    2890:	3c180e21 	ldccc	14, cr0, [r8], {33}	@ 0x21
    2894:	0a000002 	beq	28a4 <xQueueGiveFromISR+0x2>
    return xReturn;
    2898:	00a3091f 	adceq	r0, r3, pc, lsl r9
}
    289c:	03da0000 	bicseq	r0, sl, #0
    28a0:	a3070000 	movwge	r0, #28672	@ 0x7000
{
    28a4:	07000000 	streq	r0, [r0, -r0]
    28a8:	000000b1 	strheq	r0, [r0], -r1
    Queue_t * const pxQueue = xQueue;
    28ac:	00002607 	andeq	r2, r0, r7, lsl #12
    __asm volatile
    28b0:	43240000 			@ <UNDEFINED> instruction: 0x43240000
    28b4:	0900000a 	stmdbeq	r0, {r1, r3}
    28b8:	03ec06c0 	mvneq	r0, #192, 12	@ 0xc000000
    28bc:	a3070000 	movwge	r0, #28672	@ 0x7000
    28c0:	00000000 	andeq	r0, r0, r0
    28c4:	0002c219 	andeq	ip, r2, r9, lsl r2
    return ulOriginalBASEPRI;
    28c8:	0d06c900 			@ <UNDEFINED> instruction: 0x0d06c900
        const UBaseType_t uxMessagesWaiting = pxQueue->uxMessagesWaiting;
    28cc:	00000100 	andeq	r0, r0, r0, lsl #2
    28d0:	0009ed19 	andeq	lr, r9, r9, lsl sp
        if( uxMessagesWaiting < pxQueue->uxLength )
    28d4:	0c069600 	stceq	6, cr9, [r6], {-0}
    28d8:	000000ef 	andeq	r0, r0, pc, ror #1
            const int8_t cTxLock = pxQueue->cTxLock;
    28dc:	00066b12 	andeq	r6, r6, r2, lsl fp
    28e0:	0dce0700 	stcleq	7, cr0, [lr]
            pxQueue->uxMessagesWaiting = ( UBaseType_t ) ( uxMessagesWaiting + ( UBaseType_t ) 1 );
    28e4:	0000041b 	andeq	r0, r0, fp, lsl r4
    28e8:	00042007 	andeq	r2, r4, r7
            if( cTxLock == queueUNLOCKED )
    28ec:	01220700 			@ <UNDEFINED> instruction: 0x01220700
    28f0:	06000000 	streq	r0, [r0], -r0
    28f4:	0000020c 	andeq	r0, r0, ip, lsl #4
                    if( listLIST_IS_EMPTY( &( pxQueue->xTasksWaitingToReceive ) ) == pdFALSE )
    28f8:	00041b05 	andeq	r1, r4, r5, lsl #22
    28fc:	0a2e1a00 	beq	b89104 <_edata+0xb85f90>
                        if( xTaskRemoveFromEventList( &( pxQueue->xTasksWaitingToReceive ) ) != pdFALSE )
    2900:	0d660000 	stcleq	0, cr0, [r6, #-0]
    2904:	000000ef 	andeq	r0, r0, pc, ror #1
    2908:	0000043f 	andeq	r0, r0, pc, lsr r4
    290c:	00044407 	andeq	r4, r4, r7, lsl #8
                            if( pxHigherPriorityTaskWoken != NULL )
    2910:	044e0700 	strbeq	r0, [lr], #-1792	@ 0xfffff900
                                *pxHigherPriorityTaskWoken = pdTRUE;
    2914:	06000000 	streq	r0, [r0], -r0
    2918:	0000025b 	andeq	r0, r0, fp, asr r2
                prvIncrementQueueTxLock( pxQueue, cTxLock );
    291c:	00043f05 	andeq	r3, r4, r5, lsl #30
    2920:	01160600 	tsteq	r6, r0, lsl #12
    2924:	49050000 	stmdbmi	r5, {}	@ <UNPREDICTABLE>
    2928:	17000004 	strne	r0, [r0, -r4]
    292c:	000005ca 	andeq	r0, r0, sl, asr #11
    2930:	cb12065e 	blgt	4842b0 <_edata+0x48113c>
    2934:	07000008 	streq	r0, [r0, -r8]
    2938:	046c0e78 	strbteq	r0, [ip], #-3704	@ 0xfffff188
            xReturn = pdPASS;
    293c:	44070000 	strmi	r0, [r7], #-0
            xReturn = errQUEUE_FULL;
    2940:	00000004 	andeq	r0, r0, r4
    2944:	000c8518 	andeq	r8, ip, r8, lsl r5
    __asm volatile
    2948:	08bd0900 	popeq	{r8, fp}
    294c:	000000a3 	andeq	r0, r0, r3, lsr #1
    return xReturn;
    2950:	00000482 	andeq	r0, r0, r2, lsl #9
}
    2954:	00002607 	andeq	r2, r0, r7, lsl #12
    2958:	711b0000 	tstvc	fp, r0
{
    295c:	74000002 	strvc	r0, [r0], #-2
    2960:	000b1712 	andeq	r1, fp, r2, lsl r7
    2964:	01b90600 			@ <UNDEFINED> instruction: 0x01b90600
    BaseType_t xEntryTimeSet = pdFALSE;
    2968:	0000049a 	muleq	r0, sl, r4
    Queue_t * const pxQueue = xQueue;
    296c:	00042007 	andeq	r2, r4, r7
        taskENTER_CRITICAL();
    2970:	b31a0000 	tstlt	sl, #0
            const UBaseType_t uxMessagesWaiting = pxQueue->uxMessagesWaiting;
    2974:	fb000006 	blx	2996 <xQueueReceive+0x3c>
            if( uxMessagesWaiting > ( UBaseType_t ) 0 )
    2978:	0000ef0d 	andeq	lr, r0, sp, lsl #30
    297c:	0004af00 	andeq	sl, r4, r0, lsl #30
                prvCopyDataFromQueue( pxQueue, pvBuffer );
    2980:	04b40700 	ldrteq	r0, [r4], #1792	@ 0x700
    2984:	06000000 	streq	r0, [r0], -r0
                pxQueue->uxMessagesWaiting = ( UBaseType_t ) ( uxMessagesWaiting - ( UBaseType_t ) 1 );
    2988:	00000218 	andeq	r0, r0, r8, lsl r2
    298c:	0004af05 	andeq	sl, r4, r5, lsl #30
                if( listLIST_IS_EMPTY( &( pxQueue->xTasksWaitingToSend ) ) == pdFALSE )
    2990:	043a1b00 	ldrteq	r1, [sl], #-2816	@ 0xfffff500
    2994:	0d730000 	ldcleq	0, cr0, [r3, #-0]
                    if( xTaskRemoveFromEventList( &( pxQueue->xTasksWaitingToSend ) ) != pdFALSE )
    2998:	00001446 	andeq	r1, r0, r6, asr #8
    299c:	ef0c0a7b 	svc	0x000c0a7b
    29a0:	28000000 	stmdacs	r0, {}	@ <UNPREDICTABLE>
    29a4:	2e000031 	mcrcs	0, 0, r0, cr0, cr1, {1}
                        queueYIELD_IF_USING_PREEMPTION();
    29a8:	01000000 	mrseq	r0, (UNDEF: 0)
    29ac:	0005079c 	muleq	r5, ip, r7
    29b0:	147e0200 	ldrbtne	r0, [lr], #-512	@ 0xfffffe00
    29b4:	0a7b0000 	beq	1ec29bc <_edata+0x1ebf848>
                taskEXIT_CRITICAL();
    29b8:	0002733a 	andeq	r7, r2, sl, lsr r3
                return pdPASS;
    29bc:	6c910200 	ldcvs	2, cr0, [r1], {0}
                if( xTicksToWait == ( TickType_t ) 0 )
    29c0:	0007e301 	andeq	lr, r7, r1, lsl #6
                    taskEXIT_CRITICAL();
    29c4:	100a7d00 	andne	r7, sl, r0, lsl #26
                    return errQUEUE_EMPTY;
    29c8:	000000ef 	andeq	r0, r0, pc, ror #1
                else if( xEntryTimeSet == pdFALSE )
    29cc:	01749102 	cmneq	r4, r2, lsl #2
    29d0:	0000147d 	andeq	r1, r0, sp, ror r4
                    vTaskInternalSetTimeOutState( &xTimeOut );
    29d4:	0c150a7e 			@ <UNDEFINED> instruction: 0x0c150a7e
    29d8:	02000005 	andeq	r0, r0, #5
                    xEntryTimeSet = pdTRUE;
    29dc:	06007091 			@ <UNDEFINED> instruction: 0x06007091
        taskEXIT_CRITICAL();
    29e0:	000003a2 	andeq	r0, r0, r2, lsr #7
        vTaskSuspendAll();
    29e4:	00050705 	andeq	r0, r5, r5, lsl #14
        prvLockQueue( pxQueue );
    29e8:	131d1300 	tstne	sp, #0, 6
    29ec:	0a660000 	beq	19829f4 <_edata+0x197f880>
    29f0:	000000ef 	andeq	r0, r0, pc, ror #1
    29f4:	000030f8 	strdeq	r3, [r0], -r8
    29f8:	00000030 	andeq	r0, r0, r0, lsr r0
    29fc:	05499c01 	strbeq	r9, [r9, #-3073]	@ 0xfffff3ff
    2a00:	7d020000 	stcvc	0, cr0, [r2, #-0]
    2a04:	66000014 			@ <UNDEFINED> instruction: 0x66000014
    2a08:	0549330a 	strbeq	r3, [r9, #-778]	@ 0xfffffcf6
    2a0c:	91020000 	mrsls	r0, (UNDEF: 2)
    2a10:	07e3016c 	strbeq	r0, [r3, ip, ror #2]!
    2a14:	0a680000 	beq	1a02a1c <_edata+0x19ff8a8>
    2a18:	0000ef10 	andeq	lr, r0, r0, lsl pc
        if( xTaskCheckForTimeOut( &xTimeOut, &xTicksToWait ) == pdFALSE )
    2a1c:	74910200 	ldrvc	r0, [r1], #512	@ 0x200
    2a20:	03ae0600 			@ <UNDEFINED> instruction: 0x03ae0600
    2a24:	ea0d0000 	b	342a2c <_edata+0x33f8b8>
    2a28:	4e000014 	mcrmi	0, 0, r0, cr0, cr4, {0}
    2a2c:	00ef0c0a 	rsceq	r0, pc, sl, lsl #24
            if( prvIsQueueEmpty( pxQueue ) != pdFALSE )
    2a30:	30ce0000 	sbccc	r0, lr, r0
    2a34:	002a0000 	eoreq	r0, sl, r0
    2a38:	9c010000 	stcls	0, cr0, [r1], {-0}
                vTaskPlaceOnEventList( &( pxQueue->xTasksWaitingToReceive ), xTicksToWait );
    2a3c:	00000596 	muleq	r0, r6, r5
    2a40:	00147e02 	andseq	r7, r4, r2, lsl #28
    2a44:	3b0a4e00 	blcc	29624c <_edata+0x2930d8>
    2a48:	00000273 	andeq	r0, r0, r3, ror r2
                prvUnlockQueue( pxQueue );
    2a4c:	016c9102 	cmneq	ip, r2, lsl #2
                if( xTaskResumeAll() == pdFALSE )
    2a50:	000007e3 	andeq	r0, r0, r3, ror #15
    2a54:	ef100a50 	svc	0x00100a50
    2a58:	02000000 	andeq	r0, r0, #0
                    taskYIELD_WITHIN_API();
    2a5c:	7d017491 	stcvc	4, cr7, [r1, #-580]	@ 0xfffffdbc
    2a60:	51000014 	tstpl	r0, r4, lsl r0
    2a64:	050c150a 	streq	r1, [ip, #-1290]	@ 0xfffffaf6
    2a68:	91020000 	mrsls	r0, (UNDEF: 2)
                prvUnlockQueue( pxQueue );
    2a6c:	82130070 	andshi	r0, r3, #112	@ 0x70
    2a70:	39000012 	stmdbcc	r0, {r1, r4}
                ( void ) xTaskResumeAll();
    2a74:	0000ef0a 	andeq	lr, r0, sl, lsl #30
            prvUnlockQueue( pxQueue );
    2a78:	0030a200 	eorseq	sl, r0, r0, lsl #4
    2a7c:	00002c00 	andeq	r2, r0, r0, lsl #24
            ( void ) xTaskResumeAll();
    2a80:	ce9c0100 	cdpgt	1, 9, cr0, cr12, cr0, {0}
            if( prvIsQueueEmpty( pxQueue ) != pdFALSE )
    2a84:	02000005 	andeq	r0, r0, #5
    2a88:	0000147d 	andeq	r1, r0, sp, ror r4
    2a8c:	49340a39 	ldmdbmi	r4!, {r0, r3, r4, r5, r9, fp}
                return errQUEUE_EMPTY;
    2a90:	02000005 	andeq	r0, r0, #5
}
    2a94:	e3016c91 	movw	r6, #7313	@ 0x1c91
    2a98:	3b000007 	blcc	2abc <xQueueSemaphoreTake+0x1c>
    2a9c:	00ef100a 	rsceq	r1, pc, sl
{
    2aa0:	91020000 	mrsls	r0, (UNDEF: 2)
    2aa4:	c8140074 	ldmdagt	r4, {r2, r4, r5, r6}
    2aa8:	c1000014 	tstgt	r0, r4, lsl r0
    BaseType_t xEntryTimeSet = pdFALSE;
    2aac:	002ffe09 	eoreq	pc, pc, r9, lsl #28
    Queue_t * const pxQueue = xQueue;
    2ab0:	0000a400 	andeq	sl, r0, r0, lsl #8
        taskENTER_CRITICAL();
    2ab4:	299c0100 	ldmibcs	ip, {r8}
            const UBaseType_t uxSemaphoreCount = pxQueue->uxMessagesWaiting;
    2ab8:	02000006 	andeq	r0, r0, #6
            if( uxSemaphoreCount > ( UBaseType_t ) 0 )
    2abc:	0000147d 	andeq	r1, r0, sp, ror r4
    2ac0:	0c2d09c1 			@ <UNDEFINED> instruction: 0x0c2d09c1
                pxQueue->uxMessagesWaiting = ( UBaseType_t ) ( uxSemaphoreCount - ( UBaseType_t ) 1 );
    2ac4:	02000005 	andeq	r0, r0, #5
    2ac8:	0a0e6c91 	beq	39dd14 <_edata+0x39aba0>
                if( listLIST_IS_EMPTY( &( pxQueue->xTasksWaitingToSend ) ) == pdFALSE )
    2acc:	42000030 	andmi	r0, r0, #48	@ 0x30
    2ad0:	0f000000 	svceq	0x00000000
                    if( xTaskRemoveFromEventList( &( pxQueue->xTasksWaitingToSend ) ) != pdFALSE )
    2ad4:	01000006 	tsteq	r0, r6
    2ad8:	00001229 	andeq	r1, r0, r9, lsr #4
    2adc:	bc1009cb 			@ <UNDEFINED> instruction: 0xbc1009cb
    2ae0:	02000000 	andeq	r0, r0, #0
                        queueYIELD_IF_USING_PREEMPTION();
    2ae4:	0a007791 	beq	20930 <_edata+0x1d7bc>
    2ae8:	00003054 	andeq	r3, r0, r4, asr r0
    2aec:	00000042 	andeq	r0, r0, r2, asr #32
    2af0:	00152201 	andseq	r2, r5, r1, lsl #4
                taskEXIT_CRITICAL();
    2af4:	100a1c00 	andne	r1, sl, r0, lsl #24
                return pdPASS;
    2af8:	000000bc 	strheq	r0, [r0], -ip
                if( xTicksToWait == ( TickType_t ) 0 )
    2afc:	00769102 	rsbseq	r9, r6, r2, lsl #2
                    taskEXIT_CRITICAL();
    2b00:	14ac1400 	strtne	r1, [ip], #1024	@ 0x400
                    return errQUEUE_EMPTY;
    2b04:	09ac0000 	stmibeq	ip!, {}	@ <UNPREDICTABLE>
                else if( xEntryTimeSet == pdFALSE )
    2b08:	00002fb2 			@ <UNDEFINED> instruction: 0x00002fb2
    2b0c:	0000004c 	andeq	r0, r0, ip, asr #32
                    vTaskInternalSetTimeOutState( &xTimeOut );
    2b10:	065d9c01 	ldrbeq	r9, [sp], -r1, lsl #24
    2b14:	7d020000 	stcvc	0, cr0, [r2, #-0]
                    xEntryTimeSet = pdTRUE;
    2b18:	ac000014 	stcge	0, cr0, [r0], {20}
        taskEXIT_CRITICAL();
    2b1c:	050c3309 	streq	r3, [ip, #-777]	@ 0xfffffcf7
        vTaskSuspendAll();
    2b20:	91020000 	mrsls	r0, (UNDEF: 2)
        prvLockQueue( pxQueue );
    2b24:	12920274 	addsne	r0, r2, #116, 4	@ 0x40000007
    2b28:	09ad0000 	stmibeq	sp!, {}	@ <UNPREDICTABLE>
    2b2c:	0000a530 	andeq	sl, r0, r0, lsr r5
    2b30:	70910200 	addsvc	r0, r1, r0, lsl #4
    2b34:	12e51300 	rscne	r1, r5, #0, 6
    2b38:	09590000 	ldmdbeq	r9, {}^	@ <UNPREDICTABLE>
    2b3c:	000000ef 	andeq	r0, r0, pc, ror #1
    2b40:	00002efa 	strdeq	r2, [r0], -sl
    2b44:	000000b8 	strheq	r0, [r0], -r8
    2b48:	06c29c01 	strbeq	r9, [r2], r1, lsl #24
    2b4c:	7d020000 	stcvc	0, cr0, [r2, #-0]
    2b50:	59000014 	stmdbpl	r0, {r2, r4}
    2b54:	050c3709 	streq	r3, [ip, #-1801]	@ 0xfffff8f7
        if( xTaskCheckForTimeOut( &xTimeOut, &xTicksToWait ) == pdFALSE )
    2b58:	91020000 	mrsls	r0, (UNDEF: 2)
    2b5c:	1438026c 	ldrtne	r0, [r8], #-620	@ 0xfffffd94
    2b60:	095a0000 	ldmdbeq	sl, {}^	@ <UNPREDICTABLE>
    2b64:	0000b134 	andeq	fp, r0, r4, lsr r1
    2b68:	68910200 	ldmvs	r1, {r9}
            if( prvIsQueueEmpty( pxQueue ) != pdFALSE )
    2b6c:	00151802 	andseq	r1, r5, r2, lsl #16
    2b70:	38095b00 	stmdacc	r9, {r8, r9, fp, ip, lr}
    2b74:	000000fb 	strdeq	r0, [r0], -fp
                vTaskPlaceOnEventList( &( pxQueue->xTasksWaitingToReceive ), xTicksToWait );
    2b78:	01649102 	cmneq	r4, r2, lsl #2
    2b7c:	000007e3 	andeq	r0, r0, r3, ror #15
    2b80:	ef10095d 	svc	0x0010095d
    2b84:	02000000 	andeq	r0, r0, #0
                prvUnlockQueue( pxQueue );
    2b88:	9b017091 	blls	5edd4 <_edata+0x5bc60>
                if( xTaskResumeAll() == pdFALSE )
    2b8c:	5e000012 	mcrpl	0, 0, r0, cr0, cr2, {0}
    2b90:	01001109 	tsteq	r0, r9, lsl #2
    2b94:	91020000 	mrsls	r0, (UNDEF: 2)
                    taskYIELD_WITHIN_API();
    2b98:	6a0d0074 	bvs	342d70 <_edata+0x33fbfc>
    2b9c:	34000013 	strcc	r0, [r0], #-19	@ 0xffffffed
    2ba0:	01000d09 	tsteq	r0, r9, lsl #26
    2ba4:	2ee40000 	cdpcs	0, 14, cr0, cr4, cr0, {0}
                prvUnlockQueue( pxQueue );
    2ba8:	00160000 	andseq	r0, r6, r0
    2bac:	9c010000 	stcls	0, cr0, [r1], {-0}
                ( void ) xTaskResumeAll();
    2bb0:	000006ec 	andeq	r0, r0, ip, ror #13
            prvUnlockQueue( pxQueue );
    2bb4:	00147e02 	andseq	r7, r4, r2, lsl #28
    2bb8:	32093400 	andcc	r3, r9, #0, 8
            ( void ) xTaskResumeAll();
    2bbc:	00000267 	andeq	r0, r0, r7, ror #4
            if( prvIsQueueEmpty( pxQueue ) != pdFALSE )
    2bc0:	00749102 	rsbseq	r9, r4, r2, lsl #2
    2bc4:	0014200d 	andseq	r2, r4, sp
    2bc8:	0d092a00 	vstreq	s4, [r9, #-0]
                return errQUEUE_EMPTY;
    2bcc:	00000100 	andeq	r0, r0, r0, lsl #2
}
    2bd0:	00002ece 	andeq	r2, r0, lr, asr #29
    2bd4:	00000016 	andeq	r0, r0, r6, lsl r0
    2bd8:	07169c01 	ldreq	r9, [r6, -r1, lsl #24]
{
    2bdc:	7e020000 	cdpvc	0, 0, cr0, cr2, cr0, {0}
    2be0:	2a000014 	bcs	2c38 <xQueuePeek+0x5c>
    2be4:	02673409 	rsbeq	r3, r7, #150994944	@ 0x9000000
    BaseType_t xEntryTimeSet = pdFALSE;
    2be8:	91020000 	mrsls	r0, (UNDEF: 2)
    Queue_t * const pxQueue = xQueue;
    2bec:	d8250074 	stmdale	r5!, {r2, r4, r5, r6}
        taskENTER_CRITICAL();
    2bf0:	01000011 	tsteq	r0, r1, lsl r0
            const UBaseType_t uxMessagesWaiting = pxQueue->uxMessagesWaiting;
    2bf4:	b40608d1 	strlt	r0, [r6], #-2257	@ 0xfffff72f
    2bf8:	1a00002e 	bne	2cb8 <xQueuePeek+0xdc>
            if( uxMessagesWaiting > ( UBaseType_t ) 0 )
    2bfc:	01000000 	mrseq	r0, (UNDEF: 0)
                pcOriginalReadPosition = pxQueue->u.xQueue.pcReadFrom;
    2c00:	00074c9c 	muleq	r7, ip, ip
    2c04:	147e0200 	ldrbtne	r0, [lr], #-512	@ 0xfffffe00
                prvCopyDataFromQueue( pxQueue, pvBuffer );
    2c08:	08d10000 	ldmeq	r1, {}^	@ <UNPREDICTABLE>
    2c0c:	00026722 	andeq	r6, r2, r2, lsr #14
                pxQueue->u.xQueue.pcReadFrom = pcOriginalReadPosition;
    2c10:	6c910200 	ldcvs	2, cr0, [r1], {0}
                if( listLIST_IS_EMPTY( &( pxQueue->xTasksWaitingToReceive ) ) == pdFALSE )
    2c14:	00147d01 	andseq	r7, r4, r1, lsl #26
    2c18:	1508d300 	strne	sp, [r8, #-768]	@ 0xfffffd00
                    if( xTaskRemoveFromEventList( &( pxQueue->xTasksWaitingToReceive ) ) != pdFALSE )
    2c1c:	0000050c 	andeq	r0, r0, ip, lsl #10
    2c20:	00749102 	rsbseq	r9, r4, r2, lsl #2
    2c24:	00134c0d 	andseq	r4, r3, sp, lsl #24
    2c28:	0d08c100 	stceq	1, cr12, [r8, #-0]
                        queueYIELD_IF_USING_PREEMPTION();
    2c2c:	00000100 	andeq	r0, r0, r0, lsl #2
    2c30:	00002e96 	muleq	r0, r6, lr
    2c34:	0000001e 	andeq	r0, r0, lr, lsl r0
    2c38:	07949c01 	ldreq	r9, [r4, r1, lsl #24]
                taskEXIT_CRITICAL();
    2c3c:	7e020000 	cdpvc	0, 0, cr0, cr2, cr0, {0}
                return pdPASS;
    2c40:	c1000014 	tstgt	r0, r4, lsl r0
                if( xTicksToWait == ( TickType_t ) 0 )
    2c44:	02734008 	rsbseq	r4, r3, #8
    2c48:	91020000 	mrsls	r0, (UNDEF: 2)
                    taskEXIT_CRITICAL();
    2c4c:	07e2016c 	strbeq	r0, [r2, ip, ror #2]!
                    return errQUEUE_EMPTY;
    2c50:	08c30000 	stmiaeq	r3, {}^	@ <UNPREDICTABLE>
                else if( xEntryTimeSet == pdFALSE )
    2c54:	00010011 	andeq	r0, r1, r1, lsl r0
                    vTaskInternalSetTimeOutState( &xTimeOut );
    2c58:	70910200 	addsvc	r0, r1, r0, lsl #4
    2c5c:	00147d01 	andseq	r7, r4, r1, lsl #26
    2c60:	1508c400 	strne	ip, [r8, #-1024]	@ 0xfffffc00
                    xEntryTimeSet = pdTRUE;
    2c64:	0000050c 	andeq	r0, r0, ip, lsl #10
        taskEXIT_CRITICAL();
    2c68:	00749102 	rsbseq	r9, r4, r2, lsl #2
        vTaskSuspendAll();
    2c6c:	00121208 	andseq	r1, r2, r8, lsl #4
        prvLockQueue( pxQueue );
    2c70:	0d08ac00 	stceq	12, cr10, [r8, #-0]
    2c74:	00000100 	andeq	r0, r0, r0, lsl #2
    2c78:	00002e6c 	andeq	r2, r0, ip, ror #28
    2c7c:	0000002a 	andeq	r0, r0, sl, lsr #32
    2c80:	07dc9c01 	ldrbeq	r9, [ip, r1, lsl #24]
    2c84:	7e020000 	cdpvc	0, 0, cr0, cr2, cr0, {0}
    2c88:	ac000014 	stcge	0, cr0, [r0], {20}
    2c8c:	02733908 	rsbseq	r3, r3, #8, 18	@ 0x20000
    2c90:	91020000 	mrsls	r0, (UNDEF: 2)
    2c94:	07e2016c 	strbeq	r0, [r2, ip, ror #2]!
    2c98:	08ae0000 	stmiaeq	lr!, {}	@ <UNPREDICTABLE>
    2c9c:	00010011 	andeq	r0, r1, r1, lsl r0
    2ca0:	70910200 	addsvc	r0, r1, r0, lsl #4
        if( xTaskCheckForTimeOut( &xTimeOut, &xTicksToWait ) == pdFALSE )
    2ca4:	00147d01 	andseq	r7, r4, r1, lsl #26
    2ca8:	1508af00 	strne	sl, [r8, #-3840]	@ 0xfffff100
    2cac:	0000050c 	andeq	r0, r0, ip, lsl #10
    2cb0:	00749102 	rsbseq	r9, r4, r2, lsl #2
    2cb4:	00145f08 	andseq	r5, r4, r8, lsl #30
            if( prvIsQueueEmpty( pxQueue ) != pdFALSE )
    2cb8:	0d089800 	stceq	8, cr9, [r8, #-0]
    2cbc:	00000100 	andeq	r0, r0, r0, lsl #2
    2cc0:	00002e4c 	andeq	r2, r0, ip, asr #28
                vTaskPlaceOnEventList( &( pxQueue->xTasksWaitingToReceive ), xTicksToWait );
    2cc4:	00000020 	andeq	r0, r0, r0, lsr #32
    2cc8:	08159c01 	ldmdaeq	r5, {r0, sl, fp, ip, pc}
    2ccc:	7e020000 	cdpvc	0, 0, cr0, cr2, cr0, {0}
                prvUnlockQueue( pxQueue );
    2cd0:	98000014 	stmdals	r0, {r2, r4}
    2cd4:	02733908 	rsbseq	r3, r3, #8, 18	@ 0x20000
                if( xTaskResumeAll() == pdFALSE )
    2cd8:	91020000 	mrsls	r0, (UNDEF: 2)
    2cdc:	07e2016c 	strbeq	r0, [r2, ip, ror #2]!
                    taskYIELD_WITHIN_API();
    2ce0:	089a0000 	ldmeq	sl, {}	@ <UNPREDICTABLE>
    2ce4:	00010011 	andeq	r0, r1, r1, lsl r0
    2ce8:	74910200 	ldrvc	r0, [r1], #512	@ 0x200
    2cec:	149a0800 	ldrne	r0, [sl], #2048	@ 0x800
    2cf0:	085b0000 	ldmdaeq	fp, {}^	@ <UNPREDICTABLE>
                prvUnlockQueue( pxQueue );
    2cf4:	0000ef0c 	andeq	lr, r0, ip, lsl #30
                ( void ) xTaskResumeAll();
    2cf8:	002de600 	eoreq	lr, sp, r0, lsl #12
    2cfc:	00006600 	andeq	r6, r0, r0, lsl #12
            prvUnlockQueue( pxQueue );
    2d00:	c69c0100 	ldrgt	r0, [ip], r0, lsl #2
            ( void ) xTaskResumeAll();
    2d04:	02000008 	andeq	r0, r0, #8
            if( prvIsQueueEmpty( pxQueue ) != pdFALSE )
    2d08:	0000147e 	andeq	r1, r0, lr, ror r4
    2d0c:	672d085b 			@ <UNDEFINED> instruction: 0x672d085b
    2d10:	02000002 	andeq	r0, r0, #2
    2d14:	92025491 	andls	r5, r2, #-1862270976	@ 0x91000000
}
    2d18:	5c000012 	stcpl	0, cr0, [r0], {18}
    2d1c:	00a52c08 	adceq	r2, r5, r8, lsl #24
    2d20:	91020000 	mrsls	r0, (UNDEF: 2)
{
    2d24:	07e30150 	ubfxeq	r0, r0, #2, #4
    2d28:	085e0000 	ldmdaeq	lr, {}^	@ <UNPREDICTABLE>
    2d2c:	0000ef10 	andeq	lr, r0, r0, lsl pc
    Queue_t * const pxQueue = xQueue;
    2d30:	74910200 	ldrvc	r0, [r1], #512	@ 0x200
    __asm volatile
    2d34:	00048201 	andeq	r8, r4, r1, lsl #4
    2d38:	11085f00 	tstne	r8, r0, lsl #30
    2d3c:	00000100 	andeq	r0, r0, r0, lsl #2
    2d40:	016c9102 	cmneq	ip, r2, lsl #2
    2d44:	00001390 	muleq	r0, r0, r3
    2d48:	330e0860 	movwcc	r0, #59488	@ 0xe860
    return ulOriginalBASEPRI;
    2d4c:	02000003 	andeq	r0, r0, #3
        const UBaseType_t uxMessagesWaiting = pxQueue->uxMessagesWaiting;
    2d50:	7d016891 	stcvc	8, cr6, [r1, #-580]	@ 0xfffffdbc
    2d54:	61000014 	tstvs	r0, r4, lsl r0
        if( uxMessagesWaiting > ( UBaseType_t ) 0 )
    2d58:	050c1508 	streq	r1, [ip, #-1288]	@ 0xfffffaf8
            const int8_t cRxLock = pxQueue->cRxLock;
    2d5c:	91020000 	mrsls	r0, (UNDEF: 2)
    2d60:	0f4a0f70 	svceq	0x004a0f70
    2d64:	2df40000 	ldclcs	0, cr0, [r4]
            prvCopyDataFromQueue( pxQueue, pvBuffer );
    2d68:	001a0000 	andseq	r0, sl, r0
    2d6c:	087b0000 	ldmdaeq	fp!, {}^	@ <UNPREDICTABLE>
            pxQueue->uxMessagesWaiting = ( UBaseType_t ) ( uxMessagesWaiting - ( UBaseType_t ) 1 );
    2d70:	000008ad 	andeq	r0, r0, sp, lsr #17
    2d74:	000f570b 	andeq	r5, pc, fp, lsl #14
            if( cRxLock == queueUNLOCKED )
    2d78:	64910200 	ldrvs	r0, [r1], #512	@ 0x200
    2d7c:	000f620b 	andeq	r6, pc, fp, lsl #4
                if( listLIST_IS_EMPTY( &( pxQueue->xTasksWaitingToSend ) ) == pdFALSE )
    2d80:	60910200 	addsvs	r0, r1, r0, lsl #4
    2d84:	0f301000 	svceq	0x00301000
                    if( xTaskRemoveFromEventList( &( pxQueue->xTasksWaitingToSend ) ) != pdFALSE )
    2d88:	2e3a0000 	cdpcs	0, 3, cr0, cr10, cr0, {0}
    2d8c:	00080000 	andeq	r0, r8, r0
    2d90:	08900000 	ldmeq	r0, {}	@ <UNPREDICTABLE>
    2d94:	000f3d11 	andeq	r3, pc, r1, lsl sp	@ <UNPREDICTABLE>
                        if( pxHigherPriorityTaskWoken != NULL )
    2d98:	5c910200 	ldcpl	2, cr0, [r1], {0}
    2d9c:	91080000 	mrsls	r0, (UNDEF: 8)
                            *pxHigherPriorityTaskWoken = pdTRUE;
    2da0:	f7000011 			@ <UNDEFINED> instruction: 0xf7000011
    2da4:	00ef0c07 	rsceq	r0, pc, r7, lsl #24
                prvIncrementQueueRxLock( pxQueue, cRxLock );
    2da8:	2d240000 	stccs	0, cr0, [r4, #-0]
    2dac:	00c20000 	sbceq	r0, r2, r0
    2db0:	9c010000 	stcls	0, cr0, [r1], {-0}
    2db4:	000009c6 	andeq	r0, r0, r6, asr #19
    2db8:	00147e02 	andseq	r7, r4, r2, lsl #28
    2dbc:	3007f700 	andcc	pc, r7, r0, lsl #14
    2dc0:	00000267 	andeq	r0, r0, r7, ror #4
    2dc4:	024c9102 	subeq	r9, ip, #-2147483648	@ 0x80000000
            xReturn = pdPASS;
    2dc8:	00001292 	muleq	r0, r2, r2
            xReturn = pdFAIL;
    2dcc:	a52f07f8 	strge	r0, [pc, #-2040]!	@ 25dc <xQueueGenericCreate+0x14>
    2dd0:	02000000 	andeq	r0, r0, #0
    __asm volatile
    2dd4:	d9024891 	stmdble	r2, {r0, r4, r7, fp, lr}
    2dd8:	f9000002 			@ <UNDEFINED> instruction: 0xf9000002
    return xReturn;
    2ddc:	09cb3507 	stmibeq	fp, {r0, r1, r2, r8, sl, ip, sp}^
}
    2de0:	91020000 	mrsls	r0, (UNDEF: 2)
    2de4:	07e30144 	strbeq	r0, [r3, r4, asr #2]!
{
    2de8:	07fb0000 	ldrbeq	r0, [fp, r0]!
    2dec:	0000ef10 	andeq	lr, r0, r0, lsl pc
    Queue_t * const pxQueue = xQueue;
    2df0:	74910200 	ldrvc	r0, [r1], #512	@ 0x200
    __asm volatile
    2df4:	00048201 	andeq	r8, r4, r1, lsl #4
    2df8:	1107fc00 	tstpne	r7, r0, lsl #24	@ p-variant is OBSOLETE
    2dfc:	00000100 	andeq	r0, r0, r0, lsl #2
    2e00:	016c9102 	cmneq	ip, r2, lsl #2
    2e04:	0000147d 	andeq	r1, r0, sp, ror r4
    2e08:	0c1507fd 	ldceq	7, cr0, [r5], {253}	@ 0xfd
    return ulOriginalBASEPRI;
    2e0c:	02000005 	andeq	r0, r0, #5
        if( pxQueue->uxMessagesWaiting > ( UBaseType_t ) 0 )
    2e10:	500e7091 	mulpl	lr, r1, r0
    2e14:	8400002d 	strhi	r0, [r0], #-45	@ 0xffffffd3
            pcOriginalReadPosition = pxQueue->u.xQueue.pcReadFrom;
    2e18:	89000000 	stmdbhi	r0, {}	@ <UNPREDICTABLE>
    2e1c:	01000009 	tsteq	r0, r9
            prvCopyDataFromQueue( pxQueue, pvBuffer );
    2e20:	0000129b 	muleq	r0, fp, r2
    2e24:	111b0819 	tstne	fp, r9, lsl r8
            pxQueue->u.xQueue.pcReadFrom = pcOriginalReadPosition;
    2e28:	02000001 	andeq	r0, r0, #1
            xReturn = pdPASS;
    2e2c:	5c0a6891 	stcpl	8, cr6, [sl], {145}	@ 0x91
    2e30:	6e00002d 	cdpvs	0, 0, cr0, cr0, cr13, {1}
            xReturn = pdFAIL;
    2e34:	01000000 	mrseq	r0, (UNDEF: 0)
    2e38:	00001522 	andeq	r1, r0, r2, lsr #10
    __asm volatile
    2e3c:	cd1a081e 	ldcgt	8, cr0, [sl, #-120]	@ 0xffffff88
}
    2e40:	02000000 	andeq	r0, r0, #0
}
    2e44:	a60a6791 			@ <UNDEFINED> instruction: 0xa60a6791
    2e48:	2000002d 	andcs	r0, r0, sp, lsr #32
{
    2e4c:	01000000 	mrseq	r0, (UNDEF: 0)
    2e50:	000013e5 	andeq	r1, r0, r5, ror #7
    portBASE_TYPE_ENTER_CRITICAL();
    2e54:	11110848 	tstne	r1, r8, asr #16
        uxReturn = ( ( Queue_t * ) xQueue )->uxMessagesWaiting;
    2e58:	02000001 	andeq	r0, r0, #1
    2e5c:	00006091 	muleq	r0, r1, r0
    portBASE_TYPE_EXIT_CRITICAL();
    2e60:	0f4a0f00 	svceq	0x004a0f00
}
    2e64:	2d340000 	ldccs	0, cr0, [r4, #-0]
    2e68:	001a0000 	andseq	r0, sl, r0
{
    2e6c:	08170000 	ldmdaeq	r7, {}	@ <UNPREDICTABLE>
    2e70:	000009ad 	andeq	r0, r0, sp, lsr #19
    Queue_t * const pxQueue = xQueue;
    2e74:	000f570b 	andeq	r5, pc, fp, lsl #14
    portBASE_TYPE_ENTER_CRITICAL();
    2e78:	5c910200 	ldcpl	2, cr0, [r1], {0}
        uxReturn = ( UBaseType_t ) ( pxQueue->uxLength - pxQueue->uxMessagesWaiting );
    2e7c:	000f620b 	andeq	r6, pc, fp, lsl #4
    2e80:	58910200 	ldmpl	r1, {r9}
    2e84:	0f301000 	svceq	0x00301000
    portBASE_TYPE_EXIT_CRITICAL();
    2e88:	2dd40000 	ldclcs	0, cr0, [r4]
    return uxReturn;
    2e8c:	00080000 	andeq	r0, r8, r0
}
    2e90:	08530000 	ldmdaeq	r3, {}^	@ <UNPREDICTABLE>
    2e94:	000f3d11 	andeq	r3, pc, r1, lsl sp	@ <UNPREDICTABLE>
{
    2e98:	54910200 	ldrpl	r0, [r1], #512	@ 0x200
    2e9c:	ef060000 	svc	0x00060000
    Queue_t * const pxQueue = xQueue;
    2ea0:	05000000 	streq	r0, [r0, #-0]
    uxReturn = pxQueue->uxMessagesWaiting;
    2ea4:	000009c6 	andeq	r0, r0, r6, asr #19
    return uxReturn;
    2ea8:	0012b808 	andseq	fp, r2, r8, lsl #16
}
    2eac:	0c075c00 	stceq	12, cr5, [r7], {-0}
    2eb0:	000000ef 	andeq	r0, r0, pc, ror #1
{
    2eb4:	00002bdc 	ldrdeq	r2, [r0], -ip
    2eb8:	00000148 	andeq	r0, r0, r8, asr #2
    Queue_t * const pxQueue = xQueue;
    2ebc:	0a6d9c01 	beq	1b69ec8 <_edata+0x1b66d54>
        vPortFree( pxQueue );
    2ec0:	7e020000 	cdpvc	0, 0, cr0, cr2, cr0, {0}
    2ec4:	5c000014 	stcpl	0, cr0, [r0], {20}
}
    2ec8:	02672607 	rsbeq	r2, r7, #7340032	@ 0x700000
    2ecc:	91020000 	mrsls	r0, (UNDEF: 2)
{
    2ed0:	1292025c 	addsne	r0, r2, #92, 4	@ 0xc0000005
    2ed4:	075d0000 	ldrbeq	r0, [sp, -r0]
    return ( ( Queue_t * ) xQueue )->uxItemSize;
    2ed8:	0000a525 	andeq	sl, r0, r5, lsr #10
}
    2edc:	58910200 	ldmpl	r1, {r9}
    2ee0:	000b2802 	andeq	r2, fp, r2, lsl #16
{
    2ee4:	23075e00 	movwcs	r5, #32256	@ 0x7e00
    2ee8:	00000116 	andeq	r0, r0, r6, lsl r1
    return ( ( Queue_t * ) xQueue )->uxLength;
    2eec:	01549102 	cmpeq	r4, r2, lsl #2
}
    2ef0:	000012c3 	andeq	r1, r0, r3, asr #5
    2ef4:	ef100760 	svc	0x00100760
    2ef8:	02000000 	andeq	r0, r0, #0
{
    2efc:	8b017491 	blhi	60148 <_edata+0x5cfd4>
    2f00:	61000008 	tstvs	r0, r8
    2f04:	025b0f07 	subseq	r0, fp, #7, 30
    BaseType_t xReturn = pdFALSE;
    2f08:	91020000 	mrsls	r0, (UNDEF: 2)
    uxMessagesWaiting = pxQueue->uxMessagesWaiting;
    2f0c:	13900160 	orrsne	r0, r0, #96, 2
    if( pxQueue->uxItemSize == ( UBaseType_t ) 0 )
    2f10:	07620000 	strbeq	r0, [r2, -r0]!
    2f14:	0003330e 	andeq	r3, r3, lr, lsl #6
    else if( xPosition == queueSEND_TO_BACK )
    2f18:	68910200 	ldmvs	r1, {r9}
    2f1c:	00147d01 	andseq	r7, r4, r1, lsl #26
        ( void ) memcpy( ( void * ) pxQueue->pcWriteTo, pvItemToQueue, ( size_t ) pxQueue->uxItemSize );
    2f20:	15076300 	strne	r6, [r7, #-768]	@ 0xfffffd00
    2f24:	0000050c 	andeq	r0, r0, ip, lsl #10
    2f28:	0a709102 	beq	1c27338 <_edata+0x1c241c4>
    2f2c:	00002bf4 	strdeq	r2, [r0], -r4
        pxQueue->pcWriteTo += pxQueue->uxItemSize;
    2f30:	00000072 	andeq	r0, r0, r2, ror r0
    2f34:	00129b01 	andseq	r9, r2, r1, lsl #22
    2f38:	1f077600 	svcne	0x00077600
        if( pxQueue->pcWriteTo >= pxQueue->u.xQueue.pcTail )
    2f3c:	00000111 	andeq	r0, r0, r1, lsl r1
    2f40:	006c9102 	rsbeq	r9, ip, r2, lsl #2
    2f44:	12d10800 	sbcsne	r0, r1, #0, 16
            pxQueue->pcWriteTo = pxQueue->pcHead;
    2f48:	067b0000 	ldrbteq	r0, [fp], -r0
    2f4c:	0000ef0c 	andeq	lr, r0, ip, lsl #30
    2f50:	002aa000 	eoreq	sl, sl, r0
        ( void ) memcpy( ( void * ) pxQueue->u.xQueue.pcReadFrom, pvItemToQueue, ( size_t ) pxQueue->uxItemSize );
    2f54:	00013c00 	andeq	r3, r1, r0, lsl #24
    2f58:	ec9c0100 	ldc	1, cr0, [ip], {0}
    2f5c:	0200000a 	andeq	r0, r0, #10
    2f60:	0000147e 	andeq	r1, r0, lr, ror r4
        pxQueue->u.xQueue.pcReadFrom -= pxQueue->uxItemSize;
    2f64:	672f067b 			@ <UNDEFINED> instruction: 0x672f067b
    2f68:	02000002 	andeq	r0, r0, #2
    2f6c:	28025c91 	stmdacs	r2, {r0, r4, r7, sl, fp, ip, lr}
    2f70:	7c00000b 	stcvc	0, cr0, [r0], {11}
        if( pxQueue->u.xQueue.pcReadFrom < pxQueue->pcHead )
    2f74:	01162c06 	tsteq	r6, r6, lsl #24
    2f78:	91020000 	mrsls	r0, (UNDEF: 2)
    2f7c:	12c30158 	sbcne	r0, r3, #88, 2
            pxQueue->u.xQueue.pcReadFrom = ( pxQueue->u.xQueue.pcTail - pxQueue->uxItemSize );
    2f80:	067e0000 	ldrbteq	r0, [lr], -r0
    2f84:	0000ef10 	andeq	lr, r0, r0, lsl pc
    2f88:	74910200 	ldrvc	r0, [r1], #512	@ 0x200
    2f8c:	00088b01 	andeq	r8, r8, r1, lsl #22
        if( xPosition == queueOVERWRITE )
    2f90:	0f067f00 	svceq	0x00067f00
            if( uxMessagesWaiting > ( UBaseType_t ) 0 )
    2f94:	0000025b 	andeq	r0, r0, fp, asr r2
    2f98:	01649102 	cmneq	r4, r2, lsl #2
                --uxMessagesWaiting;
    2f9c:	0000147d 	andeq	r1, r0, sp, ror r4
    pxQueue->uxMessagesWaiting = ( UBaseType_t ) ( uxMessagesWaiting + ( UBaseType_t ) 1 );
    2fa0:	0c150680 	ldceq	6, cr0, [r5], {128}	@ 0x80
    2fa4:	02000005 	andeq	r0, r0, #5
    return xReturn;
    2fa8:	b60a7091 			@ <UNDEFINED> instruction: 0xb60a7091
}
    2fac:	6600002a 	strvs	r0, [r0], -sl, lsr #32
    2fb0:	01000000 	mrseq	r0, (UNDEF: 0)
{
    2fb4:	000013b3 			@ <UNDEFINED> instruction: 0x000013b3
    2fb8:	111f069c 			@ <UNDEFINED> instruction: 0x111f069c
    if( pxQueue->uxItemSize != ( UBaseType_t ) 0 )
    2fbc:	02000001 	andeq	r0, r0, #1
    2fc0:	00006c91 	muleq	r0, r1, ip
        pxQueue->u.xQueue.pcReadFrom += pxQueue->uxItemSize;
    2fc4:	00009e08 	andeq	r9, r0, r8, lsl #28
    2fc8:	0c05e500 	stceq	5, cr14, [r5], {-0}
    2fcc:	000000ef 	andeq	r0, r0, pc, ror #1
    2fd0:	0000295a 	andeq	r2, r0, sl, asr r9
        if( pxQueue->u.xQueue.pcReadFrom >= pxQueue->u.xQueue.pcTail )
    2fd4:	00000146 	andeq	r0, r0, r6, asr #2
    2fd8:	0b7a9c01 	bleq	1ea9fe4 <_edata+0x1ea6e70>
    2fdc:	7e020000 	cdpvc	0, 0, cr0, cr2, cr0, {0}
            pxQueue->u.xQueue.pcReadFrom = pxQueue->pcHead;
    2fe0:	e5000014 	str	r0, [r0, #-20]	@ 0xffffffec
    2fe4:	02672905 	rsbeq	r2, r7, #81920	@ 0x14000
        ( void ) memcpy( ( void * ) pvBuffer, ( void * ) pxQueue->u.xQueue.pcReadFrom, ( size_t ) pxQueue->uxItemSize );
    2fe8:	91020000 	mrsls	r0, (UNDEF: 2)
    2fec:	1292025c 	addsne	r0, r2, #92, 4	@ 0xc0000005
    2ff0:	05e60000 	strbeq	r0, [r6, #0]!
    2ff4:	0000a528 	andeq	sl, r0, r8, lsr #10
}
    2ff8:	58910200 	ldmpl	r1, {r9}
    2ffc:	000b2802 	andeq	r2, fp, r2, lsl #16
{
    3000:	2605e700 	strcs	lr, [r5], -r0, lsl #14
    3004:	00000116 	andeq	r0, r0, r6, lsl r1
    taskENTER_CRITICAL();
    3008:	01549102 	cmpeq	r4, r2, lsl #2
        int8_t cTxLock = pxQueue->cTxLock;
    300c:	000012c3 	andeq	r1, r0, r3, asr #5
    3010:	ef1005e9 	svc	0x001005e9
                if( listLIST_IS_EMPTY( &( pxQueue->xTasksWaitingToReceive ) ) == pdFALSE )
    3014:	02000000 	andeq	r0, r0, #0
    3018:	8b017491 	blhi	60264 <_edata+0x5d0f0>
                    if( xTaskRemoveFromEventList( &( pxQueue->xTasksWaitingToReceive ) ) != pdFALSE )
    301c:	ea000008 	b	3044 <prvUnlockQueue+0x46>
    3020:	025b0f05 	subseq	r0, fp, #5, 30
    3024:	91020000 	mrsls	r0, (UNDEF: 2)
    3028:	147d0164 	ldrbtne	r0, [sp], #-356	@ 0xfffffe9c
                        vTaskMissedYield();
    302c:	05eb0000 	strbeq	r0, [fp, #0]!
            --cTxLock;
    3030:	00050c15 	andeq	r0, r5, r5, lsl ip
    3034:	70910200 	addsvc	r0, r1, r0, lsl #4
        while( cTxLock > queueLOCKED_UNMODIFIED )
    3038:	0029720a 	eoreq	r7, r9, sl, lsl #4
    303c:	00006e00 	andeq	r6, r0, r0, lsl #28
    3040:	129b0100 	addsne	r0, fp, #0, 2
        pxQueue->cTxLock = queueUNLOCKED;
    3044:	06010000 	streq	r0, [r1], -r0
    3048:	0001111f 	andeq	r1, r1, pc, lsl r1
    taskEXIT_CRITICAL();
    304c:	6c910200 	ldcvs	2, cr0, [r1], {0}
    taskENTER_CRITICAL();
    3050:	3a080000 	bcc	203058 <_edata+0x1ffee4>
        int8_t cRxLock = pxQueue->cRxLock;
    3054:	3a000013 	bcc	30a8 <prvIsQueueEmpty+0x6>
    3058:	00ef0c05 	rsceq	r0, pc, r5, lsl #24
        while( cRxLock > queueLOCKED_UNMODIFIED )
    305c:	28a20000 	stmiacs	r2!, {}	@ <UNPREDICTABLE>
            if( listLIST_IS_EMPTY( &( pxQueue->xTasksWaitingToSend ) ) == pdFALSE )
    3060:	00b80000 	adcseq	r0, r8, r0
    3064:	9c010000 	stcls	0, cr0, [r1], {-0}
                if( xTaskRemoveFromEventList( &( pxQueue->xTasksWaitingToSend ) ) != pdFALSE )
    3068:	00000c6b 	andeq	r0, r0, fp, ror #24
    306c:	00147e02 	andseq	r7, r4, r2, lsl #28
    3070:	2d053a00 	vstrcs	s6, [r5, #-0]
    3074:	00000267 	andeq	r0, r0, r7, ror #4
                    vTaskMissedYield();
    3078:	024c9102 	subeq	r9, ip, #-2147483648	@ 0x80000000
                --cRxLock;
    307c:	000002d9 	ldrdeq	r0, [r0], -r9
    3080:	cb32053b 	blgt	c84574 <_edata+0xc81400>
        while( cRxLock > queueLOCKED_UNMODIFIED )
    3084:	02000009 	andeq	r0, r0, #9
    3088:	e3014891 	movw	r4, #6289	@ 0x1891
                break;
    308c:	3d000007 	stccc	0, cr0, [r0, #-28]	@ 0xffffffe4
        pxQueue->cRxLock = queueUNLOCKED;
    3090:	00ef1005 	rsceq	r1, pc, r5
    3094:	91020000 	mrsls	r0, (UNDEF: 2)
    taskEXIT_CRITICAL();
    3098:	04820174 	streq	r0, [r2], #372	@ 0x174
}
    309c:	053e0000 	ldreq	r0, [lr, #-0]!
    30a0:	00010011 	andeq	r0, r1, r1, lsl r0
{
    30a4:	6c910200 	ldcvs	2, cr0, [r1], {0}
    30a8:	00147d01 	andseq	r7, r4, r1, lsl #26
    taskENTER_CRITICAL();
    30ac:	15053f00 	strne	r3, [r5, #-3840]	@ 0xfffff100
        if( pxQueue->uxMessagesWaiting == ( UBaseType_t ) 0 )
    30b0:	0000050c 	andeq	r0, r0, ip, lsl #10
    30b4:	0e709102 	cdpeq	1, 7, cr9, cr0, cr2, {0}
            xReturn = pdTRUE;
    30b8:	000028cc 	andeq	r2, r0, ip, asr #17
            xReturn = pdFALSE;
    30bc:	0000007c 	andeq	r0, r0, ip, ror r0
    taskEXIT_CRITICAL();
    30c0:	00000c2e 	andeq	r0, r0, lr, lsr #24
    return xReturn;
    30c4:	00129b01 	andseq	r9, r2, r1, lsl #22
}
    30c8:	1b056700 	blne	15ccd0 <_edata+0x159b5c>
    30cc:	00000111 	andeq	r0, r0, r1, lsl r1
{
    30d0:	0a689102 	beq	1a274e0 <_edata+0x1a2436c>
    30d4:	000028dc 	ldrdeq	r2, [r0], -ip
    Queue_t * const pxQueue = xQueue;
    30d8:	00000062 	andeq	r0, r0, r2, rrx
    if( pxQueue->uxMessagesWaiting == ( UBaseType_t ) 0 )
    30dc:	00122901 	andseq	r2, r2, r1, lsl #18
    30e0:	1a056e00 	bne	15e8e8 <_edata+0x15b774>
        xReturn = pdTRUE;
    30e4:	000000cd 	andeq	r0, r0, sp, asr #1
        xReturn = pdFALSE;
    30e8:	0a679102 	beq	19e74f8 <_edata+0x19e4384>
    return xReturn;
    30ec:	0000291c 	andeq	r2, r0, ip, lsl r9
}
    30f0:	0000001e 	andeq	r0, r0, lr, lsl r0
    30f4:	0013e501 	andseq	lr, r3, r1, lsl #10
{
    30f8:	1105d200 	mrsne	sp, SP_usr
    30fc:	00000111 	andeq	r0, r0, r1, lsl r1
    taskENTER_CRITICAL();
    3100:	00609102 	rsbeq	r9, r0, r2, lsl #2
        if( pxQueue->uxMessagesWaiting == pxQueue->uxLength )
    3104:	4a0f0000 	bmi	3c310c <_edata+0x3bff98>
    3108:	b000000f 	andlt	r0, r0, pc
    310c:	1a000028 	bne	31b4 <_edata+0x40>
            xReturn = pdTRUE;
    3110:	65000000 	strvs	r0, [r0, #-0]
    3114:	000c5205 	andeq	r5, ip, r5, lsl #4
            xReturn = pdFALSE;
    3118:	0f570b00 	svceq	0x00570b00
    taskEXIT_CRITICAL();
    311c:	91020000 	mrsls	r0, (UNDEF: 2)
}
    3120:	0f620b5c 	svceq	0x00620b5c
    3124:	91020000 	mrsls	r0, (UNDEF: 2)
{
    3128:	30100058 	andscc	r0, r0, r8, asr r0
    312c:	4800000f 	stmdami	r0, {r0, r1, r2, r3}
    Queue_t * const pxQueue = xQueue;
    3130:	08000029 	stmdaeq	r0, {r0, r3, r5}
    if( pxQueue->uxMessagesWaiting == pxQueue->uxLength )
    3134:	dd000000 	stcle	0, cr0, [r0, #-0]
    3138:	0f3d1105 	svceq	0x003d1105
    313c:	91020000 	mrsls	r0, (UNDEF: 2)
        xReturn = pdTRUE;
    3140:	08000054 	stmdaeq	r0, {r2, r4, r6}
    3144:	000011e5 	andeq	r1, r0, r5, ror #3
        xReturn = pdFALSE;
    3148:	ef0c048f 	svc	0x000c048f
}
    314c:	d8000000 	stmdale	r0, {}	@ <UNPREDICTABLE>
    3150:	ca000027 	bgt	31f4 <_edata+0x80>
    3154:	01000000 	mrseq	r0, (UNDEF: 0)
    3158:	000d709c 	muleq	sp, ip, r0
    315c:	147e0200 	ldrbtne	r0, [lr], #-512	@ 0xfffffe00
    3160:	048f0000 	streq	r0, [pc], #0	@ 3168 <uxTopUsedPriority+0x8>
    3164:	00026734 	andeq	r6, r2, r4, lsr r7
    3168:	4c910200 	ldcmi	2, cr0, [r1], {0}
    316c:	00143802 	andseq	r3, r4, r2, lsl #16
    3170:	39049000 	stmdbcc	r4, {ip, pc}
    3174:	000000b6 	strheq	r0, [r0], -r6
    3178:	02489102 	subeq	r9, r8, #-2147483648	@ 0x80000000
    317c:	000002d9 	ldrdeq	r0, [r0], -r9
    3180:	cb390491 	blgt	e443cc <_edata+0xe41258>
    3184:	02000009 	andeq	r0, r0, #9
    3188:	39024491 	stmdbcc	r2, {r0, r4, r7, sl, lr}
    318c:	92000012 	andls	r0, r0, #18
    3190:	00fb3704 	rscseq	r3, fp, r4, lsl #14
    3194:	91020000 	mrsls	r0, (UNDEF: 2)
    3198:	07e30140 	strbeq	r0, [r3, r0, asr #2]!
    319c:	04940000 	ldreq	r0, [r4], #0
    31a0:	0000ef10 	andeq	lr, r0, r0, lsl pc
    31a4:	74910200 	ldrvc	r0, [r1], #512	@ 0x200
    31a8:	00048201 	andeq	r8, r4, r1, lsl #4
    31ac:	11049500 	tstne	r4, r0, lsl #10
    31b0:	00000100 	andeq	r0, r0, r0, lsl #2
    31b4:	016c9102 	cmneq	ip, r2, lsl #2
    31b8:	0000147d 	andeq	r1, r0, sp, ror r4
    31bc:	0c150496 	ldceq	4, cr0, [r5], {150}	@ 0x96
    31c0:	02000005 	andeq	r0, r0, #5
    31c4:	180e7091 	stmdane	lr, {r0, r4, r7, ip, sp, lr}
    31c8:	6e000028 	cdpvs	0, 0, cr0, cr0, cr8, {1}
    31cc:	33000000 	movwcc	r0, #0
    31d0:	0100000d 	tsteq	r0, sp
    31d4:	00001229 	andeq	r1, r0, r9, lsr #4
    31d8:	cd1a04b9 	ldcgt	4, cr0, [sl, #-740]	@ 0xfffffd1c
    31dc:	02000000 	andeq	r0, r0, #0
    31e0:	03016b91 	movweq	r6, #7057	@ 0x1b91
    31e4:	ba000013 	blt	3238 <_edata+0xc4>
    31e8:	01111f04 	tsteq	r1, r4, lsl #30
    31ec:	91020000 	mrsls	r0, (UNDEF: 2)
    31f0:	28620a64 	stmdacs	r2!, {r2, r5, r6, r9, fp}^
    31f4:	00200000 	eoreq	r0, r0, r0
    31f8:	e5010000 	str	r0, [r1, #-0]
    31fc:	27000013 	smladcs	r0, r3, r0, r0
    3200:	01111105 	tsteq	r1, r5, lsl #2
    3204:	91020000 	mrsls	r0, (UNDEF: 2)
    3208:	0f000060 	svceq	0x00000060
    320c:	00000f4a 	andeq	r0, r0, sl, asr #30
    3210:	000027ea 	andeq	r2, r0, sl, ror #15
    3214:	0000001a 	andeq	r0, r0, sl, lsl r0
    3218:	0d5704b5 	ldcleq	4, cr0, [r7, #-724]	@ 0xfffffd2c
    321c:	570b0000 	strpl	r0, [fp, -r0]
    3220:	0200000f 	andeq	r0, r0, #15
    3224:	620b5c91 	andvs	r5, fp, #37120	@ 0x9100
    3228:	0200000f 	andeq	r0, r0, #15
    322c:	10005891 	mulne	r0, r1, r8
    3230:	00000f30 	andeq	r0, r0, r0, lsr pc
    3234:	00002890 	muleq	r0, r0, r8
    3238:	00000008 	andeq	r0, r0, r8
    323c:	3d110532 	ldccc	5, cr0, [r1, #-200]	@ 0xffffff38
    3240:	0200000f 	andeq	r0, r0, #15
    3244:	00005491 	muleq	r0, r1, r4
    3248:	0001a008 	andeq	sl, r1, r8
    324c:	0c03b500 	stceq	5, cr11, [r3], {-0}
    3250:	000000ef 	andeq	r0, r0, pc, ror #1
    3254:	00002684 	andeq	r2, r0, r4, lsl #13
    3258:	00000154 	andeq	r0, r0, r4, asr r1
    325c:	0e039c01 	cdpeq	12, 0, cr9, cr3, cr1, {0}
    3260:	7e020000 	cdpvc	0, 0, cr0, cr2, cr0, {0}
    3264:	b5000014 	strlt	r0, [r0, #-20]	@ 0xffffffec
    3268:	02672d03 	rsbeq	r2, r7, #3, 26	@ 0xc0
    326c:	91020000 	mrsls	r0, (UNDEF: 2)
    3270:	1438025c 	ldrtne	r0, [r8], #-604	@ 0xfffffda4
    3274:	03b60000 			@ <UNDEFINED> instruction: 0x03b60000
    3278:	0000b632 	andeq	fp, r0, r2, lsr r6
    327c:	58910200 	ldmpl	r1, {r9}
    3280:	000b2802 	andeq	r2, fp, r2, lsl #16
    3284:	2a03b700 	bcs	f0e8c <_edata+0xedd18>
    3288:	00000116 	andeq	r0, r0, r6, lsl r1
    328c:	02549102 	subseq	r9, r4, #-2147483648	@ 0x80000000
    3290:	00001239 	andeq	r1, r0, r9, lsr r2
    3294:	fb3003b8 	blx	c0417e <_edata+0xc0100a>
    3298:	02000000 	andeq	r0, r0, #0
    329c:	c3015091 	movwgt	r5, #4241	@ 0x1091
    32a0:	ba000012 	blt	32f0 <_edata+0x17c>
    32a4:	00ef1003 	rsceq	r1, pc, r3
    32a8:	91020000 	mrsls	r0, (UNDEF: 2)
    32ac:	12680174 	rsbne	r0, r8, #116, 2
    32b0:	03ba0000 			@ <UNDEFINED> instruction: 0x03ba0000
    32b4:	0000ef29 	andeq	lr, r0, r9, lsr #30
    32b8:	6c910200 	ldcvs	2, cr0, [r1], {0}
    32bc:	00088b01 	andeq	r8, r8, r1, lsl #22
    32c0:	0f03bb00 	svceq	0x0003bb00
    32c4:	0000025b 	andeq	r0, r0, fp, asr r2
    32c8:	01649102 	cmneq	r4, r2, lsl #2
    32cc:	0000147d 	andeq	r1, r0, sp, ror r4
    32d0:	0c1503bc 	ldceq	3, cr0, [r5], {188}	@ 0xbc
    32d4:	02000005 	andeq	r0, r0, #5
    32d8:	14007091 	strne	r7, [r0], #-145	@ 0xffffff6f
    32dc:	00001252 	andeq	r1, r0, r2, asr r2
    32e0:	26460239 			@ <UNDEFINED> instruction: 0x26460239
    32e4:	003e0000 	eorseq	r0, lr, r0
    32e8:	9c010000 	stcls	0, cr0, [r1], {-0}
    32ec:	00000e64 	andeq	r0, r0, r4, ror #28
    32f0:	0013d702 	andseq	sp, r3, r2, lsl #14
    32f4:	36023900 	strcc	r3, [r2], -r0, lsl #18
    32f8:	00000111 	andeq	r0, r0, r1, lsl r1
    32fc:	02749102 	rsbseq	r9, r4, #-2147483648	@ 0x80000000
    3300:	000012f8 	strdeq	r1, [r0], -r8
    3304:	1136023a 	teqne	r6, sl, lsr r2
    3308:	02000001 	andeq	r0, r0, #1
    330c:	80027091 	mulhi	r2, r1, r0
    3310:	3b000013 	blcc	3364 <_edata+0x1f0>
    3314:	01272e02 			@ <UNDEFINED> instruction: 0x01272e02
    3318:	91020000 	mrsls	r0, (UNDEF: 2)
    331c:	13a7026c 			@ <UNDEFINED> instruction: 0x13a7026c
    3320:	023c0000 	eorseq	r0, ip, #0
    3324:	0000de32 	andeq	sp, r0, r2, lsr lr
    3328:	6b910200 	blvs	fe443b30 <__StackTop+0xde441b30>
    332c:	00127702 	andseq	r7, r2, r2, lsl #14
    3330:	2e023d00 	cdpcs	13, 0, cr3, cr2, cr0, {0}
    3334:	00000507 	andeq	r0, r0, r7, lsl #10
    3338:	00009102 	andeq	r9, r0, r2, lsl #2
    333c:	00011308 	andeq	r1, r1, r8, lsl #6
    3340:	1301f600 	movwne	pc, #5632	@ 0x1600	@ <UNPREDICTABLE>
    3344:	00000267 	andeq	r0, r0, r7, ror #4
    3348:	000025c8 	andeq	r2, r0, r8, asr #11
    334c:	0000007e 	andeq	r0, r0, lr, ror r0
    3350:	0ed99c01 	cdpeq	12, 13, cr9, cr9, cr1, {0}
    3354:	d7020000 	strle	r0, [r2, -r0]
    3358:	f6000013 			@ <UNDEFINED> instruction: 0xf6000013
    335c:	01113a01 	tsteq	r1, r1, lsl #20
    3360:	91020000 	mrsls	r0, (UNDEF: 2)
    3364:	12f80264 	rscsne	r0, r8, #100, 4	@ 0x40000006
    3368:	01f70000 	mvnseq	r0, r0
    336c:	0001113a 	andeq	r1, r1, sl, lsr r1
    3370:	60910200 	addsvs	r0, r1, r0, lsl #4
    3374:	0013a702 	andseq	sl, r3, r2, lsl #14
    3378:	3601f800 	strcc	pc, [r1], -r0, lsl #16
    337c:	000000de 	ldrdeq	r0, [r0], -lr
    3380:	015f9102 	cmpeq	pc, r2, lsl #2
    3384:	00001277 	andeq	r1, r0, r7, ror r2
    3388:	071301fa 			@ <UNDEFINED> instruction: 0x071301fa
    338c:	02000005 	andeq	r0, r0, #5
    3390:	0e017491 	mcreq	4, 0, r7, cr1, cr1, {4}
    3394:	fb000014 	blx	33ee <_edata+0x27a>
    3398:	00261001 	eoreq	r1, r6, r1
    339c:	91020000 	mrsls	r0, (UNDEF: 2)
    33a0:	13800170 	orrne	r0, r0, #112, 2
    33a4:	01fc0000 	mvnseq	r0, r0
    33a8:	00012713 	andeq	r2, r1, r3, lsl r7
    33ac:	6c910200 	ldcvs	2, cr0, [r1], {0}
    33b0:	14d70800 	ldrbne	r0, [r7], #2048	@ 0x800
    33b4:	012f0000 			@ <UNDEFINED> instruction: 0x012f0000
    33b8:	0000ef0c 	andeq	lr, r0, ip, lsl #30
    33bc:	0024e000 	eoreq	lr, r4, r0
    33c0:	0000e800 	andeq	lr, r0, r0, lsl #16
    33c4:	309c0100 	addscc	r0, ip, r0, lsl #2
    33c8:	0200000f 	andeq	r0, r0, #15
    33cc:	0000147e 	andeq	r1, r0, lr, ror r4
    33d0:	672e012f 	strvs	r0, [lr, -pc, lsr #2]!
    33d4:	02000002 	andeq	r0, r0, #2
    33d8:	78026c91 	stmdavc	r2, {r0, r4, r7, sl, fp, sp, lr}
    33dc:	30000012 	andcc	r0, r0, r2, lsl r0
    33e0:	00ef2b01 	rsceq	r2, pc, r1, lsl #22
    33e4:	91020000 	mrsls	r0, (UNDEF: 2)
    33e8:	07e30168 	strbeq	r0, [r3, r8, ror #2]!
    33ec:	01320000 	teqeq	r2, r0
    33f0:	0000ef10 	andeq	lr, r0, r0, lsl pc
    33f4:	74910200 	ldrvc	r0, [r1], #512	@ 0x200
    33f8:	00147d01 	andseq	r7, r4, r1, lsl #26
    33fc:	15013300 	strne	r3, [r1, #-768]	@ 0xfffffd00
    3400:	0000050c 	andeq	r0, r0, ip, lsl #10
    3404:	00709102 	rsbseq	r9, r0, r2, lsl #2
    3408:	00042a26 	andeq	r2, r4, r6, lsr #20
    340c:	1ef80200 	cdpne	2, 15, cr0, cr8, cr0, {0}
    3410:	000f4a03 	andeq	r4, pc, r3, lsl #20
    3414:	08fd2700 	ldmeq	sp!, {r8, r9, sl, sp}^
    3418:	f8020000 			@ <UNDEFINED> instruction: 0xf8020000
    341c:	0000e338 	andeq	lr, r0, r8, lsr r3
    3420:	b9280000 	stmdblt	r8!, {}	@ <UNPREDICTABLE>
    3424:	02000007 	andeq	r0, r0, #7
    3428:	00e322e4 	rsceq	r2, r3, r4, ror #5
    342c:	1c030000 	stcne	0, cr0, [r3], {-0}
    3430:	000004b4 			@ <UNDEFINED> instruction: 0x000004b4
    3434:	00e30ee6 	rsceq	r0, r3, r6, ror #29
    3438:	e61c0000 	ldr	r0, [ip], -r0
    343c:	e6000006 	str	r0, [r0], -r6
    3440:	0000e321 	andeq	lr, r0, r1, lsr #6
    3444:	Address 0x3444 is out of bounds.


Disassembly of section .debug_abbrev:

00000000 <.debug_abbrev>:
   0:	10001101 	andne	r1, r0, r1, lsl #2
   4:	12011106 	andne	r1, r1, #-2147483647	@ 0x80000001
   8:	1b0e0301 	blne	380c14 <_edata+0x37daa0>
   c:	130e250e 	movwne	r2, #58638	@ 0xe50e
  10:	00000005 	andeq	r0, r0, r5
  14:	49000501 	stmdbmi	r0, {r0, r8, sl}
  18:	02000013 	andeq	r0, r0, #19
  1c:	0e030016 	mcreq	0, 0, r0, cr3, cr6, {0}
  20:	0b3b0b3a 	bleq	ec2d10 <_edata+0xebfb9c>
  24:	13490b39 	movtne	r0, #39737	@ 0x9b39
  28:	24030000 	strcs	r0, [r3], #-0
  2c:	3e0b0b00 	vmlacc.f64	d0, d11, d0
  30:	000e030b 	andeq	r0, lr, fp, lsl #6
  34:	00260400 	eoreq	r0, r6, r0, lsl #8
  38:	00001349 	andeq	r1, r0, r9, asr #6
  3c:	0b000f05 	bleq	3c58 <_edata+0xae4>
  40:	13490421 	movtne	r0, #37921	@ 0x9421
  44:	34060000 	strcc	r0, [r6], #-0
  48:	3a0e0300 	bcc	380c50 <_edata+0x37dadc>
  4c:	0b3b0121 	bleq	ec04d8 <_edata+0xebd364>
  50:	49112139 	ldmdbmi	r1, {r0, r3, r4, r5, r8, sp}
  54:	3c193f13 	ldccc	15, cr3, [r9], {19}
  58:	07000019 	smladeq	r0, r9, r0, r0
  5c:	0e030034 	mcreq	0, 0, r0, cr3, cr4, {1}
  60:	3b01213a 	blcc	48550 <_edata+0x453dc>
  64:	490b390b 	stmdbmi	fp, {r0, r1, r3, r8, fp, ip, sp}
  68:	00180213 	andseq	r0, r8, r3, lsl r2
  6c:	012e0800 			@ <UNDEFINED> instruction: 0x012e0800
  70:	0e03193f 			@ <UNDEFINED> instruction: 0x0e03193f
  74:	053b0b3a 	ldreq	r0, [fp, #-2874]!	@ 0xfffff4c6
  78:	19270b39 	stmdbne	r7!, {r0, r3, r4, r5, r8, r9, fp}
  7c:	193c1349 	ldmdbne	ip!, {r0, r3, r6, r8, r9, ip}
  80:	00001301 	andeq	r1, r0, r1, lsl #6
  84:	03003409 	movweq	r3, #1033	@ 0x409
  88:	01213a08 			@ <UNDEFINED> instruction: 0x01213a08
  8c:	0b390b3b 	bleq	e42d80 <_edata+0xe3fc0c>
  90:	18021349 	stmdane	r2, {r0, r3, r6, r8, r9, ip}
  94:	130a0000 	movwne	r0, #40960	@ 0xa000
  98:	3c0e0300 	stccc	3, cr0, [lr], {-0}
  9c:	0b000019 	bleq	108 <_stext+0x108>
  a0:	0e030005 	cdpeq	0, 0, cr0, cr3, cr5, {0}
  a4:	3b01213a 	blcc	48594 <_edata+0x45420>
  a8:	1a21390b 	bne	84e4dc <_edata+0x84b368>
  ac:	18021349 	stmdane	r2, {r0, r3, r6, r8, r9, ip}
  b0:	110c0000 	mrsne	r0, (UNDEF: 12)
  b4:	130e2501 	movwne	r2, #58625	@ 0xe501
  b8:	1b0e030b 	blne	380cec <_edata+0x37db78>
  bc:	1201110e 	andne	r1, r1, #-2147483645	@ 0x80000003
  c0:	00171006 	andseq	r1, r7, r6
  c4:	00240d00 	eoreq	r0, r4, r0, lsl #26
  c8:	0b3e0b0b 	bleq	f82cfc <_edata+0xf7fb88>
  cc:	00000803 	andeq	r0, r0, r3, lsl #16
  d0:	4900350e 	stmdbmi	r0, {r1, r2, r3, r8, sl, ip, sp}
  d4:	0f000013 	svceq	0x00000013
  d8:	19270115 	stmdbne	r7!, {r0, r2, r4, r8}
  dc:	00001301 	andeq	r1, r0, r1, lsl #6
  e0:	0b000f10 	bleq	3d28 <_edata+0xbb4>
  e4:	1100000b 	tstne	r0, fp
  e8:	0e030034 	mcreq	0, 0, r0, cr3, cr4, {1}
  ec:	0b3b0b3a 	bleq	ec2ddc <_edata+0xebfc68>
  f0:	13490b39 	movtne	r0, #39737	@ 0x9b39
  f4:	1802193f 	stmdane	r2, {r0, r1, r2, r3, r4, r5, r8, fp, ip}
  f8:	2e120000 	cdpcs	0, 1, cr0, cr2, cr0, {0}
  fc:	03193f00 	tsteq	r9, #0, 30
 100:	3b0b3a0e 	blcc	2ce940 <_edata+0x2cb7cc>
 104:	270b3905 	strcs	r3, [fp, -r5, lsl #18]
 108:	00193c19 	andseq	r3, r9, r9, lsl ip
 10c:	00261300 	eoreq	r1, r6, r0, lsl #6
 110:	2e140000 	cdpcs	0, 1, cr0, cr4, cr0, {0}
 114:	03193f01 	tsteq	r9, #1, 30
 118:	3b0b3a0e 	blcc	2ce958 <_edata+0x2cb7e4>
 11c:	110b390b 	tstne	fp, fp, lsl #18
 120:	40061201 	andmi	r1, r6, r1, lsl #4
 124:	01197c18 	tsteq	r9, r8, lsl ip
 128:	15000013 	strne	r0, [r0, #-19]	@ 0xffffffed
 12c:	0e03012e 	cdpeq	1, 0, cr0, cr3, cr14, {1}
 130:	0b3b0b3a 	bleq	ec2e20 <_edata+0xebfcac>
 134:	19270b39 	stmdbne	r7!, {r0, r3, r4, r5, r8, r9, fp}
 138:	06120111 			@ <UNDEFINED> instruction: 0x06120111
 13c:	197c1840 	ldmdbne	ip!, {r6, fp, ip}^
 140:	00001301 	andeq	r1, r0, r1, lsl #6
 144:	03012e16 	movweq	r2, #7702	@ 0x1e16
 148:	3b0b3a0e 	blcc	2ce988 <_edata+0x2cb814>
 14c:	270b390b 	strcs	r3, [fp, -fp, lsl #18]
 150:	12011119 	andne	r1, r1, #1073741830	@ 0x40000006
 154:	7c184006 	ldcvc	0, cr4, [r8], {6}
 158:	00000019 	andeq	r0, r0, r9, lsl r0
 15c:	03000501 	movweq	r0, #1281	@ 0x501
 160:	01213a08 			@ <UNDEFINED> instruction: 0x01213a08
 164:	0b390b3b 	bleq	e42e58 <_edata+0xe3fce4>
 168:	18021349 	stmdane	r2, {r0, r3, r6, r8, r9, ip}
 16c:	05020000 	streq	r0, [r2, #-0]
 170:	3a0e0300 	bcc	380d78 <_edata+0x37dc04>
 174:	0b3b0121 	bleq	ec0600 <_edata+0xebd48c>
 178:	13490b39 	movtne	r0, #39737	@ 0x9b39
 17c:	00001802 	andeq	r1, r0, r2, lsl #16
 180:	3f012e03 	svccc	0x00012e03
 184:	3a0e0319 	bcc	380df0 <_edata+0x37dc7c>
 188:	0b3b0121 	bleq	ec0614 <_edata+0xebd4a0>
 18c:	27072139 	smladxcs	r7, r9, r1, r2
 190:	11134919 	tstne	r3, r9, lsl r9
 194:	40061201 	andmi	r1, r6, r1, lsl #4
 198:	01197a18 	tsteq	r9, r8, lsl sl
 19c:	04000013 	streq	r0, [r0], #-19	@ 0xffffffed
 1a0:	210b000f 	tstcs	fp, pc
 1a4:	00134904 	andseq	r4, r3, r4, lsl #18
 1a8:	00240500 	eoreq	r0, r4, r0, lsl #10
 1ac:	0b3e0b0b 	bleq	f82de0 <_edata+0xf7fc6c>
 1b0:	00000e03 	andeq	r0, r0, r3, lsl #28
 1b4:	25011106 	strcs	r1, [r1, #-262]	@ 0xfffffefa
 1b8:	030b130e 	movweq	r1, #45838	@ 0xb30e
 1bc:	110e1b0e 	tstne	lr, lr, lsl #22
 1c0:	10061201 	andne	r1, r6, r1, lsl #4
 1c4:	07000017 	smladeq	r0, r7, r0, r0
 1c8:	0b0b000f 	bleq	2c020c <_edata+0x2bd098>
 1cc:	26080000 	strcs	r0, [r8], -r0
 1d0:	09000000 	stmdbeq	r0, {}	@ <UNPREDICTABLE>
	b start
 1d4:	08030034 	stmdaeq	r3, {r2, r4, r5}
	b .
 1d8:	0b3b0b3a 	bleq	ec2ec8 <_edata+0xebfd54>
static void vTask1(void *pvParameters){
 1dc:	13490b39 	movtne	r0, #39737	@ 0x9b39
 1e0:	00001802 	andeq	r1, r0, r2, lsl #16
	ValueToSend = (int32_t) pvParameters;
 1e4:	0300340a 	movweq	r3, #1034	@ 0x40a
	xstatus = xQueueSendToBack(xQueue, &ValueToSend, 0);
 1e8:	3b0b3a0e 	blcc	2cea28 <_edata+0x2cb8b4>
 1ec:	490b390b 	stmdbmi	fp, {r0, r1, r3, r8, fp, ip, sp}
 1f0:	00180213 	andseq	r0, r8, r3, lsl r2
 1f4:	00240b00 	eoreq	r0, r4, r0, lsl #22
 1f8:	0b3e0b0b 	bleq	f82e2c <_edata+0xf7fcb8>
	volatile int a = 0;
 1fc:	00000803 	andeq	r0, r0, r3, lsl #16
		a++;
 200:	00340100 	eorseq	r0, r4, r0, lsl #2
 204:	213a0e03 	teqcs	sl, r3, lsl #28
 208:	39053b01 	stmdbcc	r5, {r0, r8, r9, fp, ip, sp}
static void vTask2(void *pvParameters){
 20c:	0213490b 	andseq	r4, r3, #180224	@ 0x2c000
 210:	02000018 	andeq	r0, r0, #24
	xStatus = xQueueReceive( xQueue, &lReceivedValue, 0 );
 214:	0e030005 	cdpeq	0, 0, cr0, cr3, cr5, {0}
 218:	3b01213a 	blcc	48708 <_edata+0x45594>
 21c:	490b3905 	stmdbmi	fp, {r0, r2, r8, fp, ip, sp}
 220:	00180213 	andseq	r0, r8, r3, lsl r2
 224:	010b0300 	mrseq	r0, (UNDEF: 59)
	volatile int b = 0;
 228:	06120111 			@ <UNDEFINED> instruction: 0x06120111
		b++;
 22c:	00001301 	andeq	r1, r0, r1, lsl #6
 230:	0b000f04 	bleq	3e48 <_edata+0xcd4>
 234:	13490421 	movtne	r0, #37921	@ 0x9421
{
 238:	16050000 	strne	r0, [r5], -r0
 23c:	3a0e0300 	bcc	380e44 <_edata+0x37dcd0>
	uint32_t *src = &_sidata;
 240:	390b3b0b 	stmdbcc	fp, {r0, r1, r3, r8, r9, fp, ip, sp}
	uint32_t *dst = &_sdata;
 244:	0013490b 	andseq	r4, r3, fp, lsl #18
		*dst++ = *src++;
 248:	00260600 	eoreq	r0, r6, r0, lsl #12
 24c:	00001349 	andeq	r1, r0, r9, asr #6
 250:	03000d07 	movweq	r0, #3335	@ 0xd07
 254:	3b0b3a0e 	blcc	2cea94 <_edata+0x2cb920>
	while(dst < &_edata){
 258:	490b390b 	stmdbmi	fp, {r0, r1, r3, r8, fp, ip, sp}
 25c:	000b3813 	andeq	r3, fp, r3, lsl r8
	dst = &_sbss;
 260:	00050800 	andeq	r0, r5, r0, lsl #16
	while(dst < &_ebss){
 264:	00001349 	andeq	r1, r0, r9, asr #6
		*dst++ = 0;
 268:	11010b09 	tstne	r1, r9, lsl #22
 26c:	00061201 	andeq	r1, r6, r1, lsl #4
	while(dst < &_ebss){
 270:	00240a00 	eoreq	r0, r4, r0, lsl #20
 274:	0b3e0b0b 	bleq	f82ea8 <_edata+0xf7fd34>
	xQueue = xQueueCreate( 5, sizeof( int32_t ) );
 278:	00000e03 	andeq	r0, r0, r3, lsl #28
 27c:	4900350b 	stmdbmi	r0, {r0, r1, r3, r8, sl, ip, sp}
 280:	0c000013 	stceq	0, cr0, [r0], {19}
 284:	193f012e 	ldmdbne	pc!, {r1, r2, r3, r5, r8}	@ <UNPREDICTABLE>
	if( xQueue != NULL )
 288:	213a0e03 	teqcs	sl, r3, lsl #28
 28c:	39053b01 	stmdbcc	r5, {r0, r8, r9, fp, ip, sp}
		xReturn = xTaskCreate(vTask1, "T1", configMINIMAL_STACK_SIZE, NULL, 1, NULL);
 290:	4919270b 	ldmdbmi	r9, {r0, r1, r3, r8, r9, sl, sp}
 294:	12011113 	andne	r1, r1, #-1073741820	@ 0xc0000004
 298:	7c184006 	ldcvc	0, cr4, [r8], {6}
 29c:	00130119 	andseq	r0, r3, r9, lsl r1
 2a0:	000d0d00 	andeq	r0, sp, r0, lsl #26
 2a4:	213a0e03 	teqcs	sl, r3, lsl #28
		xReturn = xTaskCreate(vTask2, "T2", configMINIMAL_STACK_SIZE, NULL, 1, NULL);
 2a8:	39053b01 	stmdbcc	r5, {r0, r8, r9, fp, ip, sp}
 2ac:	3813490b 	ldmdacc	r3, {r0, r1, r3, r8, fp, lr}
 2b0:	0e00000b 	cdpeq	0, 0, cr0, cr0, cr11, {0}
 2b4:	193f012e 	ldmdbne	pc!, {r1, r2, r3, r5, r8}	@ <UNPREDICTABLE>
 2b8:	213a0e03 	teqcs	sl, r3, lsl #28
 2bc:	39053b01 	stmdbcc	r5, {r0, r8, r9, fp, ip, sp}
		vTaskStartScheduler();
 2c0:	4919270b 	ldmdbmi	r9, {r0, r1, r3, r8, r9, sl, sp}
	return ;
 2c4:	12011113 	andne	r1, r1, #-1073741820	@ 0xc0000004
 2c8:	7a184006 	bvc	6102e8 <_edata+0x60d174>
 2cc:	00130119 	andseq	r0, r3, r9, lsl r1
 2d0:	00340f00 	eorseq	r0, r4, r0, lsl #30
 2d4:	18021331 	stmdane	r2, {r0, r4, r5, r8, r9, ip}
 2d8:	01100000 	tsteq	r0, r0
 2dc:	01134901 	tsteq	r3, r1, lsl #18
 2e0:	11000013 	tstne	r0, r3, lsl r0
 2e4:	13490021 	movtne	r0, #36897	@ 0x9021
 2e8:	00000b2f 	andeq	r0, r0, pc, lsr #22
 2ec:	03011312 	movweq	r1, #4882	@ 0x1312
 2f0:	3a0b0b0e 	bcc	2c2f30 <_edata+0x2bfdbc>
 2f4:	390b3b0b 	stmdbcc	fp, {r0, r1, r3, r8, r9, fp, ip, sp}
{
 2f8:	0013010b 	andseq	r0, r3, fp, lsl #2
 2fc:	00281300 	eoreq	r1, r8, r0, lsl #6
 300:	0b1c0e03 	bleq	703b14 <_edata+0x7009a0>
    unsigned char *ptr = (unsigned char*)dst;
 304:	2e140000 	cdpcs	0, 1, cr0, cr4, cr0, {0}
    unsigned char byte_value = (unsigned char)value;
 308:	03193f01 	tsteq	r9, #1, 30
    while( size > 0)
 30c:	01213a0e 			@ <UNDEFINED> instruction: 0x01213a0e
        *ptr = byte_value;
 310:	0b39053b 	bleq	e41804 <_edata+0xe3e690>
        ptr++;
 314:	01111927 	tsteq	r1, r7, lsr #18
 318:	18400612 	stmdane	r0, {r1, r4, r9, sl}^
        size--;
 31c:	1301197a 	movwne	r1, #6522	@ 0x197a
    while( size > 0)
 320:	2e150000 	cdpcs	0, 1, cr0, cr5, cr0, {0}
 324:	3a0e0301 	bcc	380f30 <_edata+0x37ddbc>
}
 328:	053b0121 	ldreq	r0, [fp, #-289]!	@ 0xfffffedf
 32c:	19270b39 	stmdbne	r7!, {r0, r3, r4, r5, r8, r9, fp}
 330:	06120111 			@ <UNDEFINED> instruction: 0x06120111
{
 334:	197c1840 	ldmdbne	ip!, {r6, fp, ip}^
 338:	00001301 	andeq	r1, r0, r1, lsl #6
 33c:	31011d16 	tstcc	r1, r6, lsl sp
 340:	12011113 	andne	r1, r1, #-1073741820	@ 0xc0000004
 344:	01215806 			@ <UNDEFINED> instruction: 0x01215806
 348:	0b570559 	bleq	15c18b4 <_edata+0x15be740>
    {
 34c:	2e170000 	cdpcs	0, 1, cr0, cr7, cr0, {0}
 350:	03193f01 	tsteq	r9, #1, 30
 354:	01213a0e 			@ <UNDEFINED> instruction: 0x01213a0e
 358:	2139053b 	teqcs	r9, fp, lsr r5
            pxStack = pvPortMallocStack( ( ( ( size_t ) uxStackDepth ) * sizeof( StackType_t ) ) );
 35c:	11192706 	tstne	r9, r6, lsl #14
 360:	40061201 	andmi	r1, r6, r1, lsl #4
 364:	01197c18 	tsteq	r9, r8, lsl ip
            if( pxStack != NULL )
 368:	18000013 	stmdane	r0, {r0, r1, r4}
                pxNewTCB = ( TCB_t * ) pvPortMalloc( sizeof( TCB_t ) );
 36c:	0e030034 	mcreq	0, 0, r0, cr3, cr4, {1}
 370:	3b02213a 	blcc	88860 <_edata+0x856ec>
                if( pxNewTCB != NULL )
 374:	490b390b 	stmdbmi	fp, {r0, r1, r3, r8, fp, ip, sp}
 378:	19000013 	stmdbne	r0, {r0, r1, r4}
                    ( void ) memset( ( void * ) pxNewTCB, 0x00, sizeof( TCB_t ) );
 37c:	193f012e 	ldmdbne	pc!, {r1, r2, r3, r5, r8}	@ <UNPREDICTABLE>
 380:	213a0e03 	teqcs	sl, r3, lsl #28
                    pxNewTCB->pxStack = pxStack;
 384:	39053b07 	stmdbcc	r5, {r0, r1, r2, r8, r9, fp, ip, sp}
 388:	19270621 	stmdbne	r7!, {r0, r5, r9, sl}
                    vPortFreeStack( pxStack );
 38c:	1301193c 	movwne	r1, #6460	@ 0x193c
 390:	2e1a0000 	cdpcs	0, 1, cr0, cr10, cr0, {0}
                pxNewTCB = NULL;
 394:	03193f00 	tsteq	r9, #0, 30
        if( pxNewTCB != NULL )
 398:	3b0b3a0e 	blcc	2cebd8 <_edata+0x2cba64>
 39c:	270b390b 	strcs	r3, [fp, -fp, lsl #18]
            prvInitialiseNewTask( pxTaskCode, pcName, uxStackDepth, pvParameters, uxPriority, pxCreatedTask, pxNewTCB, NULL );
 3a0:	00193c19 	andseq	r3, r9, r9, lsl ip
 3a4:	012e1b00 			@ <UNDEFINED> instruction: 0x012e1b00
 3a8:	0e03193f 			@ <UNDEFINED> instruction: 0x0e03193f
 3ac:	0b3b0b3a 	bleq	ec309c <_edata+0xebff28>
 3b0:	19270b39 	stmdbne	r7!, {r0, r3, r4, r5, r8, r9, fp}
 3b4:	193c1349 	ldmdbne	ip!, {r0, r3, r6, r8, r9, ip}
 3b8:	00001301 	andeq	r1, r0, r1, lsl #6
    }
 3bc:	3100051c 	tstcc	r0, ip, lsl r5
 3c0:	00180213 	andseq	r0, r8, r3, lsl r2
    {
 3c4:	00161d00 	andseq	r1, r6, r0, lsl #26
 3c8:	213a0e03 	teqcs	sl, r3, lsl #28
 3cc:	39053b01 	stmdbcc	r5, {r0, r8, r9, fp, ip, sp}
 3d0:	0013490b 	andseq	r4, r3, fp, lsl #18
        pxNewTCB = prvCreateTask( pxTaskCode, pcName, uxStackDepth, pvParameters, uxPriority, pxCreatedTask );
 3d4:	011d1e00 	tsteq	sp, r0, lsl #28
 3d8:	01111331 	tsteq	r1, r1, lsr r3
 3dc:	21580612 	cmpcs	r8, r2, lsl r6
 3e0:	57055901 	strpl	r5, [r5, -r1, lsl #18]
 3e4:	13013221 	movwne	r3, #4641	@ 0x1221
        if( pxNewTCB != NULL )
 3e8:	2e1f0000 	cdpcs	0, 1, cr0, cr15, cr0, {0}
 3ec:	3a0e0300 	bcc	380ff4 <_edata+0x37de80>
            prvAddNewTaskToReadyList( pxNewTCB );
 3f0:	053b0121 	ldreq	r0, [fp, #-289]!	@ 0xfffffedf
            xReturn = pdPASS;
 3f4:	270d2139 	smladxcs	sp, r9, r1, r2
 3f8:	12011119 	andne	r1, r1, #1073741830	@ 0x40000006
            xReturn = errCOULD_NOT_ALLOCATE_REQUIRED_MEMORY;
 3fc:	7a184006 	bvc	61041c <_edata+0x60d2a8>
        return xReturn;
 400:	20000019 	andcs	r0, r0, r9, lsl r0
    }
 404:	193f002e 	ldmdbne	pc!, {r1, r2, r3, r5}	@ <UNPREDICTABLE>
 408:	213a0e03 	teqcs	sl, r3, lsl #28
{
 40c:	39053b01 	stmdbcc	r5, {r0, r8, r9, fp, ip, sp}
 410:	19270621 	stmdbne	r7!, {r0, r5, r9, sl}
 414:	06120111 			@ <UNDEFINED> instruction: 0x06120111
        pxTopOfStack = &( pxNewTCB->pxStack[ uxStackDepth - ( configSTACK_DEPTH_TYPE ) 1 ] );
 418:	197a1840 	ldmdbne	sl!, {r6, fp, ip}^
 41c:	2e210000 	cdpcs	0, 2, cr0, cr1, cr0, {0}
 420:	3a0e0301 	bcc	38102c <_edata+0x37deb8>
 424:	053b0121 	ldreq	r0, [fp, #-289]!	@ 0xfffffedf
 428:	19270b39 	stmdbne	r7!, {r0, r3, r4, r5, r8, r9, fp}
        pxTopOfStack = ( StackType_t * ) ( ( ( portPOINTER_SIZE_TYPE ) pxTopOfStack ) & ( ~( ( portPOINTER_SIZE_TYPE ) portBYTE_ALIGNMENT_MASK ) ) );
 42c:	01111349 	tsteq	r1, r9, asr #6
 430:	18400612 	stmdane	r0, {r1, r4, r9, sl}^
    if( pcName != NULL )
 434:	1301197c 	movwne	r1, #6524	@ 0x197c
        for( x = ( UBaseType_t ) 0; x < ( UBaseType_t ) configMAX_TASK_NAME_LEN; x++ )
 438:	2e220000 	cdpcs	0, 2, cr0, cr2, cr0, {0}
 43c:	3a0e0301 	bcc	381048 <_edata+0x37ded4>
            pxNewTCB->pcTaskName[ x ] = pcName[ x ];
 440:	0b3b0221 	bleq	ec0ccc <_edata+0xebdb58>
 444:	271e2139 			@ <UNDEFINED> instruction: 0x271e2139
 448:	03212019 			@ <UNDEFINED> instruction: 0x03212019
 44c:	00001301 	andeq	r1, r0, r1, lsl #6
 450:	03000523 	movweq	r0, #1315	@ 0x523
            if( pcName[ x ] == ( char ) 0x00 )
 454:	02213a0e 	eoreq	r3, r1, #57344	@ 0xe000
 458:	0b390b3b 	bleq	e4314c <_edata+0xe3ffd8>
 45c:	00001349 	andeq	r1, r0, r9, asr #6
        for( x = ( UBaseType_t ) 0; x < ( UBaseType_t ) configMAX_TASK_NAME_LEN; x++ )
 460:	25011124 	strcs	r1, [r1, #-292]	@ 0xfffffedc
 464:	030b130e 	movweq	r1, #45838	@ 0xb30e
 468:	110e1b0e 	tstne	lr, lr, lsl #22
                break;
 46c:	10061201 	andne	r1, r6, r1, lsl #4
        pxNewTCB->pcTaskName[ configMAX_TASK_NAME_LEN - 1U ] = '\0';
 470:	25000017 	strcs	r0, [r0, #-23]	@ 0xffffffe9
 474:	0b0b0024 	bleq	2c050c <_edata+0x2bd398>
    if( uxPriority >= ( UBaseType_t ) configMAX_PRIORITIES )
 478:	08030b3e 	stmdaeq	r3, {r1, r2, r3, r4, r5, r8, r9, fp}
        uxPriority = ( UBaseType_t ) configMAX_PRIORITIES - ( UBaseType_t ) 1U;
 47c:	0f260000 	svceq	0x00260000
    pxNewTCB->uxPriority = uxPriority;
 480:	000b0b00 	andeq	r0, fp, r0, lsl #22
 484:	01152700 	tsteq	r5, r0, lsl #14
    vListInitialiseItem( &( pxNewTCB->xStateListItem ) );
 488:	13011927 	movwne	r1, #6439	@ 0x1927
 48c:	13280000 			@ <UNDEFINED> instruction: 0x13280000
    vListInitialiseItem( &( pxNewTCB->xEventListItem ) );
 490:	0b0e0301 	bleq	38109c <_edata+0x37df28>
 494:	3b0b3a0b 	blcc	2cecc8 <_edata+0x2cbb54>
 498:	010b3905 	tsteq	fp, r5, lsl #18
    listSET_LIST_ITEM_OWNER( &( pxNewTCB->xStateListItem ), pxNewTCB );
 49c:	29000013 	stmdbcs	r0, {r0, r1, r4}
    listSET_LIST_ITEM_VALUE( &( pxNewTCB->xEventListItem ), ( TickType_t ) configMAX_PRIORITIES - ( TickType_t ) uxPriority );
 4a0:	0b3e0104 	bleq	f808b8 <_edata+0xf7d744>
 4a4:	13490b0b 	movtne	r0, #39691	@ 0x9b0b
 4a8:	0b3b0b3a 	bleq	ec3198 <_edata+0xec0024>
    listSET_LIST_ITEM_OWNER( &( pxNewTCB->xEventListItem ), pxNewTCB );
 4ac:	13010b39 	movwne	r0, #6969	@ 0x1b39
            pxNewTCB->pxTopOfStack = pxPortInitialiseStack( pxTopOfStack, pxTaskCode, pvParameters );
 4b0:	342a0000 	strtcc	r0, [sl], #-0
 4b4:	3a0e0300 	bcc	3810bc <_edata+0x37df48>
 4b8:	39053b0b 	stmdbcc	r5, {r0, r1, r3, r8, r9, fp, ip, sp}
 4bc:	3f13490b 	svccc	0x0013490b
    if( pxCreatedTask != NULL )
 4c0:	00180219 	andseq	r0, r8, r9, lsl r2
 4c4:	012e2b00 			@ <UNDEFINED> instruction: 0x012e2b00
        *pxCreatedTask = ( TaskHandle_t ) pxNewTCB;
 4c8:	0e03193f 			@ <UNDEFINED> instruction: 0x0e03193f
}
 4cc:	053b0b3a 	ldreq	r0, [fp, #-2874]!	@ 0xfffff4c6
 4d0:	19270b39 	stmdbne	r7!, {r0, r3, r4, r5, r8, r9, fp}
    {
 4d4:	193c1349 	ldmdbne	ip!, {r0, r3, r6, r8, r9, ip}
 4d8:	00001301 	andeq	r1, r0, r1, lsl #6
        taskENTER_CRITICAL();
 4dc:	3f002e2c 	svccc	0x00002e2c
            uxCurrentNumberOfTasks = ( UBaseType_t ) ( uxCurrentNumberOfTasks + 1U );
 4e0:	3a0e0319 	bcc	38114c <_edata+0x37dfd8>
 4e4:	390b3b0b 	stmdbcc	fp, {r0, r1, r3, r8, r9, fp, ip, sp}
 4e8:	4919270b 	ldmdbmi	r9, {r0, r1, r3, r8, r9, sl, sp}
            if( pxCurrentTCB == NULL )
 4ec:	00193c13 	andseq	r3, r9, r3, lsl ip
 4f0:	012e2d00 			@ <UNDEFINED> instruction: 0x012e2d00
                pxCurrentTCB = pxNewTCB;
 4f4:	0e03193f 			@ <UNDEFINED> instruction: 0x0e03193f
                if( uxCurrentNumberOfTasks == ( UBaseType_t ) 1 )
 4f8:	0b3b0b3a 	bleq	ec31e8 <_edata+0xec0074>
 4fc:	19270b39 	stmdbne	r7!, {r0, r3, r4, r5, r8, r9, fp}
                    prvInitialiseTaskLists();
 500:	1301193c 	movwne	r1, #6460	@ 0x193c
 504:	2e2e0000 	cdpcs	0, 2, cr0, cr14, cr0, {0}
                if( xSchedulerRunning == pdFALSE )
 508:	03193f00 	tsteq	r9, #0, 30
 50c:	3b0b3a0e 	blcc	2ced4c <_edata+0x2cbbd8>
                    if( pxCurrentTCB->uxPriority <= pxNewTCB->uxPriority )
 510:	270b3905 	strcs	r3, [fp, -r5, lsl #18]
 514:	11134919 	tstne	r3, r9, lsl r9
 518:	40061201 	andmi	r1, r6, r1, lsl #4
                        pxCurrentTCB = pxNewTCB;
 51c:	00197a18 	andseq	r7, r9, r8, lsl sl
 520:	00342f00 	eorseq	r2, r4, r0, lsl #30
            uxTaskNumber++;
 524:	0b3a0803 	bleq	e82538 <_edata+0xe7f3c4>
 528:	0b39053b 	bleq	e41a1c <_edata+0xe3e8a8>
            prvAddTaskToReadyList( pxNewTCB );
 52c:	18021349 	stmdane	r2, {r0, r3, r6, r8, r9, ip}
 530:	2e300000 	cdpcs	0, 3, cr0, cr0, cr0, {0}
 534:	3a0e0301 	bcc	381140 <_edata+0x37dfcc>
 538:	390b3b0b 	stmdbcc	fp, {r0, r1, r3, r8, r9, fp, ip, sp}
 53c:	4919270b 	ldmdbmi	r9, {r0, r1, r3, r8, r9, sl, sp}
 540:	010b2013 	tsteq	fp, r3, lsl r0
 544:	31000013 	tstcc	r0, r3, lsl r0
 548:	0e03012e 	cdpeq	1, 0, cr0, cr3, cr14, {1}
 54c:	0b3b0b3a 	bleq	ec323c <_edata+0xec00c8>
 550:	19270b39 	stmdbne	r7!, {r0, r3, r4, r5, r8, r9, fp}
 554:	0b201349 	bleq	805280 <_edata+0x80210c>
 558:	01000000 	mrseq	r0, (UNDEF: 0)
 55c:	0b0b0024 	bleq	2c05f4 <_edata+0x2bd480>
 560:	0e030b3e 	vmoveq.16	d3[0], r0
 564:	0d020000 	stceq	0, cr0, [r2, #-0]
 568:	3a0e0300 	bcc	381170 <_edata+0x37dffc>
 56c:	0b3b0521 	bleq	ec19f8 <_edata+0xebe884>
 570:	13490b39 	movtne	r0, #39737	@ 0x9b39
 574:	00000b38 	andeq	r0, r0, r8, lsr fp
 578:	03001603 	movweq	r1, #1539	@ 0x603
 57c:	3b0b3a0e 	blcc	2cedbc <_edata+0x2cbc48>
 580:	490b390b 	stmdbmi	fp, {r0, r1, r3, r8, fp, ip, sp}
 584:	04000013 	streq	r0, [r0], #-19	@ 0xffffffed
 588:	0e030005 	cdpeq	0, 0, cr0, cr3, cr5, {0}
 58c:	3b01213a 	blcc	48a7c <_edata+0x45908>
 590:	490b390b 	stmdbmi	fp, {r0, r1, r3, r8, fp, ip, sp}
 594:	00180213 	andseq	r0, r8, r3, lsl r2
 598:	000f0500 	andeq	r0, pc, r0, lsl #10
 59c:	4904210b 	stmdbmi	r4, {r0, r1, r3, r8, sp}
 5a0:	06000013 			@ <UNDEFINED> instruction: 0x06000013
 5a4:	0e030034 	mcreq	0, 0, r0, cr3, cr4, {1}
 5a8:	3b01213a 	blcc	48a98 <_edata+0x45924>
 5ac:	490b390b 	stmdbmi	fp, {r0, r1, r3, r8, fp, ip, sp}
        taskEXIT_CRITICAL();
 5b0:	00180213 	andseq	r0, r8, r3, lsl r2
        if( xSchedulerRunning != pdFALSE )
 5b4:	00260700 	eoreq	r0, r6, r0, lsl #14
 5b8:	00001349 	andeq	r1, r0, r9, asr #6
            taskYIELD_ANY_CORE_IF_USING_PREEMPTION( pxNewTCB );
 5bc:	03011308 	movweq	r1, #4872	@ 0x1308
 5c0:	3a0b0b0e 	bcc	2c3200 <_edata+0x2c008c>
 5c4:	0b3b0521 	bleq	ec1a50 <_edata+0xebe8dc>
 5c8:	13010b39 	movwne	r0, #6969	@ 0x1b39
 5cc:	2e090000 	cdpcs	0, 0, cr0, cr9, cr0, {0}
 5d0:	03193f01 	tsteq	r9, #1, 30
 5d4:	01213a0e 			@ <UNDEFINED> instruction: 0x01213a0e
    }
 5d8:	21390b3b 	teqcs	r9, fp, lsr fp
 5dc:	11192706 	tstne	r9, r6, lsl #14
 5e0:	40061201 	andmi	r1, r6, r1, lsl #4
 5e4:	01197a18 	tsteq	r9, r8, lsl sl
 5e8:	0a000013 	beq	63c <prvCreateIdleTasks+0x40>
 5ec:	0e250111 	mcreq	1, 1, r0, cr5, cr1, {0}
 5f0:	0e030b13 	vmoveq.32	d3[0], r0
 5f4:	01110e1b 	tsteq	r1, fp, lsl lr
 5f8:	17100612 			@ <UNDEFINED> instruction: 0x17100612
{
 5fc:	240b0000 	strcs	r0, [fp], #-0
 600:	3e0b0b00 	vmlacc.f64	d0, d11, d0
    BaseType_t xReturn = pdPASS;
 604:	0008030b 	andeq	r0, r8, fp, lsl #6
    char cIdleName[ configMAX_TASK_NAME_LEN ] = { 0 };
 608:	000f0c00 	andeq	r0, pc, r0, lsl #24
 60c:	00000b0b 	andeq	r0, r0, fp, lsl #22
 610:	3f012e0d 	svccc	0x00012e0d
    TaskFunction_t pxIdleTaskFunction = NULL;
 614:	3a0e0319 	bcc	381280 <_edata+0x37e10c>
    for( xIdleTaskNameIndex = 0U; xIdleTaskNameIndex < ( configMAX_TASK_NAME_LEN - taskRESERVED_TASK_NAME_LENGTH ); xIdleTaskNameIndex++ )
 618:	390b3b0b 	stmdbcc	fp, {r0, r1, r3, r8, r9, fp, ip, sp}
        cIdleName[ xIdleTaskNameIndex ] = configIDLE_TASK_NAME[ xIdleTaskNameIndex ];
 61c:	4919270b 	ldmdbmi	r9, {r0, r1, r3, r8, r9, sl, sp}
 620:	12011113 	andne	r1, r1, #-1073741820	@ 0xc0000004
 624:	7a184006 	bvc	610644 <_edata+0x60d4d0>
 628:	00130119 	andseq	r0, r3, r9, lsl r1
 62c:	012e0e00 			@ <UNDEFINED> instruction: 0x012e0e00
        if( cIdleName[ xIdleTaskNameIndex ] == ( char ) 0x00 )
 630:	0e03193f 			@ <UNDEFINED> instruction: 0x0e03193f
 634:	0b3b0b3a 	bleq	ec3324 <_edata+0xec01b0>
 638:	19270b39 	stmdbne	r7!, {r0, r3, r4, r5, r8, r9, fp}
    for( xIdleTaskNameIndex = 0U; xIdleTaskNameIndex < ( configMAX_TASK_NAME_LEN - taskRESERVED_TASK_NAME_LENGTH ); xIdleTaskNameIndex++ )
 63c:	06120111 			@ <UNDEFINED> instruction: 0x06120111
 640:	197a1840 	ldmdbne	sl!, {r6, fp, ip}^
 644:	01000000 	mrseq	r0, (UNDEF: 0)
            break;
 648:	0e030034 	mcreq	0, 0, r0, cr3, cr4, {1}
    cIdleName[ xIdleTaskNameIndex ] = '\0';
 64c:	3b01213a 	blcc	48b3c <_edata+0x459c8>
 650:	490b390b 	stmdbmi	fp, {r0, r1, r3, r8, fp, ip, sp}
    for( xCoreID = ( BaseType_t ) 0; xCoreID < ( BaseType_t ) configNUMBER_OF_CORES; xCoreID++ )
 654:	00180213 	andseq	r0, r8, r3, lsl r2
 658:	00240200 	eoreq	r0, r4, r0, lsl #4
            pxIdleTaskFunction = &prvIdleTask;
 65c:	0b3e0b0b 	bleq	f83290 <_edata+0xf8011c>
            xReturn = xTaskCreate( pxIdleTaskFunction,
 660:	00000e03 	andeq	r0, r0, r3, lsl #28
 664:	03003403 	movweq	r3, #1027	@ 0x403
 668:	01213a0e 			@ <UNDEFINED> instruction: 0x01213a0e
 66c:	0b39053b 	bleq	e41b60 <_edata+0xe3e9ec>
 670:	18021349 	stmdane	r2, {r0, r3, r6, r8, r9, ip}
 674:	0d040000 	stceq	0, cr0, [r4, #-0]
 678:	3a0e0300 	bcc	381280 <_edata+0x37e10c>
        if( xReturn != pdPASS )
 67c:	390b3b0b 	stmdbcc	fp, {r0, r1, r3, r8, r9, fp, ip, sp}
 680:	3813490b 	ldmdacc	r3, {r0, r1, r3, r8, fp, lr}
    for( xCoreID = ( BaseType_t ) 0; xCoreID < ( BaseType_t ) configNUMBER_OF_CORES; xCoreID++ )
 684:	0500000b 	streq	r0, [r0, #-11]
 688:	0e030016 	mcreq	0, 0, r0, cr3, cr6, {0}
 68c:	0b3b0b3a 	bleq	ec337c <_edata+0xec0208>
            break;
 690:	13490b39 	movtne	r0, #39737	@ 0x9b39
}
 694:	0f060000 	svceq	0x00060000
 698:	04210b00 	strteq	r0, [r1], #-2816	@ 0xfffff500
 69c:	00001349 	andeq	r1, r0, r9, asr #6
 6a0:	03000507 	movweq	r0, #1287	@ 0x507
 6a4:	01213a0e 			@ <UNDEFINED> instruction: 0x01213a0e
{
 6a8:	0b39053b 	bleq	e41b9c <_edata+0xe3ea28>
 6ac:	18021349 	stmdane	r2, {r0, r3, r6, r8, r9, ip}
    xReturn = prvCreateIdleTasks();
 6b0:	05080000 	streq	r0, [r8, #-0]
    if( xReturn == pdPASS )
 6b4:	00134900 	andseq	r4, r3, r0, lsl #18
 6b8:	002e0900 	eoreq	r0, lr, r0, lsl #18
    __asm volatile
 6bc:	0e03193f 			@ <UNDEFINED> instruction: 0x0e03193f
 6c0:	3b01213a 	blcc	48bb0 <_edata+0x45a3c>
 6c4:	06213905 	strteq	r3, [r1], -r5, lsl #18
 6c8:	01111927 	tsteq	r1, r7, lsr #18
}
 6cc:	18400612 	stmdane	r0, {r1, r4, r9, sl}^
        xNextTaskUnblockTime = portMAX_DELAY;
 6d0:	0000197a 	andeq	r1, r0, sl, ror r9
 6d4:	0300340a 	movweq	r3, #1034	@ 0x40a
        xSchedulerRunning = pdTRUE;
 6d8:	01213a08 			@ <UNDEFINED> instruction: 0x01213a08
        xTickCount = ( TickType_t ) configINITIAL_TICK_COUNT;
 6dc:	0b39053b 	bleq	e41bd0 <_edata+0xe3ea5c>
 6e0:	18021349 	stmdane	r2, {r0, r3, r6, r8, r9, ip}
        ( void ) xPortStartScheduler();
 6e4:	130b0000 	movwne	r0, #45056	@ 0xb000
    ( void ) uxTopUsedPriority;
 6e8:	0b0e0301 	bleq	3812f4 <_edata+0x37e180>
}
 6ec:	3b0b3a0b 	blcc	2cef20 <_edata+0x2cbdac>
 6f0:	1021390b 	eorne	r3, r1, fp, lsl #18
 6f4:	00001301 	andeq	r1, r0, r1, lsl #6
 6f8:	3f002e0c 	svccc	0x00002e0c
 6fc:	3a0e0319 	bcc	381368 <_edata+0x37e1f4>
 700:	0b3b0521 	bleq	ec1b8c <_edata+0xebea18>
{
 704:	270d2139 	smladxcs	sp, r9, r1, r2
 708:	00193c19 	andseq	r3, r9, r9, lsl ip
    __asm volatile
 70c:	012e0d00 			@ <UNDEFINED> instruction: 0x012e0d00
 710:	0e03193f 			@ <UNDEFINED> instruction: 0x0e03193f
 714:	3b01213a 	blcc	48c04 <_edata+0x45a90>
 718:	06213905 	strteq	r3, [r1], -r5, lsl #18
}
 71c:	01111927 	tsteq	r1, r7, lsr #18
    xSchedulerRunning = pdFALSE;
 720:	18400612 	stmdane	r0, {r1, r4, r9, sl}^
    vPortEndScheduler();
 724:	1301197c 	movwne	r1, #6524	@ 0x197c
}
 728:	2e0e0000 	cdpcs	0, 0, cr0, cr14, cr0, {0}
 72c:	3a0e0301 	bcc	381338 <_edata+0x37e1c4>
 730:	053b0121 	ldreq	r0, [fp, #-289]!	@ 0xfffffedf
{
 734:	270d2139 	smladxcs	sp, r9, r1, r2
        uxSchedulerSuspended = ( UBaseType_t ) ( uxSchedulerSuspended + 1U );
 738:	12011119 	andne	r1, r1, #1073741830	@ 0x40000006
 73c:	7a184006 	bvc	61075c <_edata+0x60d5e8>
 740:	00130119 	andseq	r0, r3, r9, lsl r1
}
 744:	002e0f00 	eoreq	r0, lr, r0, lsl #30
 748:	0e03193f 			@ <UNDEFINED> instruction: 0x0e03193f
 74c:	3b01213a 	blcc	48c3c <_edata+0x45ac8>
{
 750:	08213905 	stmdaeq	r1!, {r0, r2, r8, fp, ip, sp}
 754:	13491927 	movtne	r1, #39207	@ 0x9927
    TCB_t * pxTCB = NULL;
 758:	06120111 			@ <UNDEFINED> instruction: 0x06120111
    BaseType_t xAlreadyYielded = pdFALSE;
 75c:	197a1840 	ldmdbne	sl!, {r6, fp, ip}^
        taskENTER_CRITICAL();
 760:	11100000 	tstne	r0, r0
            const BaseType_t xCoreID = ( BaseType_t ) portGET_CORE_ID();
 764:	130e2501 	movwne	r2, #58625	@ 0xe501
            uxSchedulerSuspended = ( UBaseType_t ) ( uxSchedulerSuspended - 1U );
 768:	1b0e030b 	blne	38139c <_edata+0x37e228>
 76c:	1201110e 	andne	r1, r1, #-2147483645	@ 0x80000003
            if( uxSchedulerSuspended == ( UBaseType_t ) 0U )
 770:	00171006 	andseq	r1, r7, r6
 774:	00261100 	eoreq	r1, r6, r0, lsl #2
 778:	00001349 	andeq	r1, r0, r9, asr #6
                if( uxCurrentNumberOfTasks > ( UBaseType_t ) 0U )
 77c:	0b002412 	bleq	97cc <_edata+0x6658>
 780:	030b3e0b 	movweq	r3, #48651	@ 0xbe0b
                    while( listLIST_IS_EMPTY( &xPendingReadyList ) == pdFALSE )
 784:	13000008 	movwne	r0, #8
                        pxTCB = listGET_OWNER_OF_HEAD_ENTRY( ( &xPendingReadyList ) );
 788:	0b0b000f 	bleq	2c07cc <_edata+0x2bd658>
 78c:	01140000 	tsteq	r4, r0
                        listREMOVE_ITEM( &( pxTCB->xEventListItem ) );
 790:	01134901 	tsteq	r3, r1, lsl #18
 794:	15000013 	strne	r0, [r0, #-19]	@ 0xffffffed
 798:	13490021 	movtne	r0, #36897	@ 0x9021
 79c:	0000052f 	andeq	r0, r0, pc, lsr #10
 7a0:	3f012e16 	svccc	0x00012e16
 7a4:	3a0e0319 	bcc	381410 <_edata+0x37e29c>
 7a8:	390b3b0b 	stmdbcc	fp, {r0, r1, r3, r8, r9, fp, ip, sp}
 7ac:	4919270b 	ldmdbmi	r9, {r0, r1, r3, r8, r9, sl, sp}
 7b0:	01193c13 	tsteq	r9, r3, lsl ip
 7b4:	17000013 	smladne	r0, r3, r0, r0
 7b8:	193f002e 	ldmdbne	pc!, {r1, r2, r3, r5}	@ <UNPREDICTABLE>
 7bc:	0b3a0e03 	bleq	e83fd0 <_edata+0xe80e5c>
 7c0:	0b39053b 	bleq	e41cb4 <_edata+0xe3eb40>
 7c4:	13491927 	movtne	r1, #39207	@ 0x9927
 7c8:	0000193c 	andeq	r1, r0, ip, lsr r9
                        listREMOVE_ITEM( &( pxTCB->xStateListItem ) );
 7cc:	3f002e18 	svccc	0x00002e18
 7d0:	3a0e0319 	bcc	38143c <_edata+0x37e2c8>
 7d4:	39053b0b 	stmdbcc	r5, {r0, r1, r3, r8, r9, fp, ip, sp}
 7d8:	3c19270b 	ldccc	7, cr2, [r9], {11}
 7dc:	19000019 	stmdbne	r0, {r0, r3, r4}
 7e0:	193f012e 	ldmdbne	pc!, {r1, r2, r3, r5, r8}	@ <UNPREDICTABLE>
 7e4:	0b3a0e03 	bleq	e83ff8 <_edata+0xe80e84>
 7e8:	0b39053b 	bleq	e41cdc <_edata+0xe3eb68>
 7ec:	13491927 	movtne	r1, #39207	@ 0x9927
 7f0:	06120111 			@ <UNDEFINED> instruction: 0x06120111
 7f4:	197c1840 	ldmdbne	ip!, {r6, fp, ip}^
 7f8:	00001301 	andeq	r1, r0, r1, lsl #6
 7fc:	0300051a 	movweq	r0, #1306	@ 0x51a
 800:	3b0b3a08 	blcc	2cf028 <_edata+0x2cbeb4>
 804:	490b3905 	stmdbmi	fp, {r0, r2, r8, fp, ip, sp}
 808:	00180213 	andseq	r0, r8, r3, lsl r2
                        prvAddTaskToReadyList( pxTCB );
 80c:	012e1b00 			@ <UNDEFINED> instruction: 0x012e1b00
 810:	0e03193f 			@ <UNDEFINED> instruction: 0x0e03193f
 814:	0b3b0b3a 	bleq	ec3504 <_edata+0xec0390>
 818:	19270b39 	stmdbne	r7!, {r0, r3, r4, r5, r8, r9, fp}
 81c:	01111349 	tsteq	r1, r9, asr #6
 820:	18400612 	stmdane	r0, {r1, r4, r9, sl}^
 824:	0000197c 	andeq	r1, r0, ip, ror r9
 828:	0300051c 	movweq	r0, #1308	@ 0x51c
 82c:	3b0b3a0e 	blcc	2cf06c <_edata+0x2cbef8>
 830:	490b390b 	stmdbmi	fp, {r0, r1, r3, r8, fp, ip, sp}
 834:	00180213 	andseq	r0, r8, r3, lsl r2
 838:	24010000 	strcs	r0, [r1], #-0
 83c:	3e0b0b00 	vmlacc.f64	d0, d11, d0
 840:	000e030b 	andeq	r0, lr, fp, lsl #6
 844:	00160200 	andseq	r0, r6, r0, lsl #4
 848:	0b3a0e03 	bleq	e8405c <_edata+0xe80ee8>
 84c:	0b390b3b 	bleq	e43540 <_edata+0xe403cc>
 850:	00001349 	andeq	r1, r0, r9, asr #6
 854:	0b000f03 	bleq	4468 <_edata+0x12f4>
 858:	13490421 	movtne	r0, #37921	@ 0x9421
 85c:	2e040000 	cdpcs	0, 0, cr0, cr4, cr0, {0}
 860:	03193f00 	tsteq	r9, #0, 30
 864:	01213a0e 			@ <UNDEFINED> instruction: 0x01213a0e
 868:	0b39053b 	bleq	e41d5c <_edata+0xe3ebe8>
 86c:	01111927 	tsteq	r1, r7, lsr #18
 870:	18400612 	stmdane	r0, {r1, r4, r9, sl}^
 874:	0000197a 	andeq	r1, r0, sl, ror r9
 878:	31003405 	tstcc	r0, r5, lsl #8
 87c:	00180213 	andseq	r0, r8, r3, lsl r2
 880:	011d0600 	tsteq	sp, r0, lsl #12
 884:	01111331 	tsteq	r1, r1, lsr r3
 888:	21580612 	cmpcs	r8, r2, lsl r6
                            if( pxTCB->uxPriority > pxCurrentTCB->uxPriority )
 88c:	57055901 	strpl	r5, [r5, -r1, lsl #18]
 890:	0700000b 	streq	r0, [r0, -fp]
 894:	0e030005 	cdpeq	0, 0, cr0, cr3, cr5, {0}
 898:	3b01213a 	blcc	48d88 <_edata+0x45c14>
                                xYieldPendings[ xCoreID ] = pdTRUE;
 89c:	490b390b 	stmdbmi	fp, {r0, r1, r3, r8, fp, ip, sp}
 8a0:	00180213 	andseq	r0, r8, r3, lsl r2
                    while( listLIST_IS_EMPTY( &xPendingReadyList ) == pdFALSE )
 8a4:	00260800 	eoreq	r0, r6, r0, lsl #16
 8a8:	00001349 	andeq	r1, r0, r9, asr #6
 8ac:	03003409 	movweq	r3, #1033	@ 0x409
                    if( pxTCB != NULL )
 8b0:	01213a0e 			@ <UNDEFINED> instruction: 0x01213a0e
                        prvResetNextTaskUnblockTime();
 8b4:	0b390b3b 	bleq	e435a8 <_edata+0xe40434>
                        TickType_t xPendedCounts = xPendedTicks; /* Non-volatile copy. */
 8b8:	18021349 	stmdane	r2, {r0, r3, r6, r8, r9, ip}
 8bc:	050a0000 	streq	r0, [sl, #-0]
                        if( xPendedCounts > ( TickType_t ) 0U )
 8c0:	02133100 	andseq	r3, r3, #0, 2
                                if( xTaskIncrementTick() != pdFALSE )
 8c4:	0b000018 	bleq	92c <xTaskResumeAll+0x1dc>
 8c8:	193f012e 	ldmdbne	pc!, {r1, r2, r3, r5, r8}	@ <UNPREDICTABLE>
 8cc:	213a0e03 	teqcs	sl, r3, lsl #28
                                    xYieldPendings[ xCoreID ] = pdTRUE;
 8d0:	39053b01 	stmdbcc	r5, {r0, r8, r9, fp, ip, sp}
 8d4:	19270621 	stmdbne	r7!, {r0, r5, r9, sl}
                                --xPendedCounts;
 8d8:	06120111 			@ <UNDEFINED> instruction: 0x06120111
 8dc:	197a1840 	ldmdbne	sl!, {r6, fp, ip}^
                            } while( xPendedCounts > ( TickType_t ) 0U );
 8e0:	00001301 	andeq	r1, r0, r1, lsl #6
                            xPendedTicks = 0;
 8e4:	2501110c 	strcs	r1, [r1, #-268]	@ 0xfffffef4
 8e8:	030b130e 	movweq	r1, #45838	@ 0xb30e
                    if( xYieldPendings[ xCoreID ] != pdFALSE )
 8ec:	110e1b0e 	tstne	lr, lr, lsl #22
 8f0:	10061201 	andne	r1, r6, r1, lsl #4
 8f4:	0d000017 	stceq	0, cr0, [r0, #-92]	@ 0xffffffa4
                            xAlreadyYielded = pdTRUE;
 8f8:	0b0b0024 	bleq	2c0990 <_edata+0x2bd81c>
                            taskYIELD_TASK_CORE_IF_USING_PREEMPTION( pxCurrentTCB );
 8fc:	08030b3e 	stmdaeq	r3, {r1, r2, r3, r4, r5, r8, r9, fp}
 900:	350e0000 	strcc	r0, [lr, #-0]
 904:	00134900 	andseq	r4, r3, r0, lsl #18
 908:	01150f00 	tsteq	r5, r0, lsl #30
 90c:	13011927 	movwne	r1, #6439	@ 0x1927
        taskEXIT_CRITICAL();
 910:	05100000 	ldreq	r0, [r0, #-0]
}
 914:	00134900 	andseq	r4, r3, r0, lsl #18
 918:	000f1100 	andeq	r1, pc, r0, lsl #2
 91c:	00000b0b 	andeq	r0, r0, fp, lsl #22
 920:	27001512 	smladcs	r0, r2, r5, r1
 924:	13000019 	movwne	r0, #25
 928:	193f002e 	ldmdbne	pc!, {r1, r2, r3, r5}	@ <UNPREDICTABLE>
 92c:	0b3a0e03 	bleq	e84140 <_edata+0xe80fcc>
 930:	0b39053b 	bleq	e41e24 <_edata+0xe3ecb0>
 934:	13491927 	movtne	r1, #39207	@ 0x9927
 938:	0000193c 	andeq	r1, r0, ip, lsr r9
 93c:	3f002e14 	svccc	0x00002e14
{
 940:	3a0e0319 	bcc	3815ac <_edata+0x37e438>
 944:	39053b0b 	stmdbcc	r5, {r0, r1, r3, r8, r9, fp, ip, sp}
        xTicks = xTickCount;
 948:	3c19270b 	ldccc	7, cr2, [r9], {11}
    return xTicks;
 94c:	15000019 	strne	r0, [r0, #-25]	@ 0xffffffe7
}
 950:	193f012e 	ldmdbne	pc!, {r1, r2, r3, r5, r8}	@ <UNPREDICTABLE>
 954:	0b3a0e03 	bleq	e84168 <_edata+0xe80ff4>
 958:	0b39053b 	bleq	e41e4c <_edata+0xe3ecd8>
{
 95c:	01111927 	tsteq	r1, r7, lsr #18
 960:	18400612 	stmdane	r0, {r1, r4, r9, sl}^
    uxSavedInterruptStatus = portTICK_TYPE_SET_INTERRUPT_MASK_FROM_ISR();
 964:	1301197c 	movwne	r1, #6524	@ 0x197c
        xReturn = xTickCount;
 968:	1d160000 	ldcne	0, cr0, [r6, #-0]
    return xReturn;
 96c:	11133101 	tstne	r3, r1, lsl #2
}
 970:	58061201 	stmdapl	r6, {r0, r9, ip}
 974:	5705590b 	strpl	r5, [r5, -fp, lsl #18]
 978:	0013010b 	andseq	r0, r3, fp, lsl #2
{
 97c:	012e1700 			@ <UNDEFINED> instruction: 0x012e1700
    return uxCurrentNumberOfTasks;
 980:	0e03193f 			@ <UNDEFINED> instruction: 0x0e03193f
}
 984:	053b0b3a 	ldreq	r0, [fp, #-2874]!	@ 0xfffff4c6
 988:	19270b39 	stmdbne	r7!, {r0, r3, r4, r5, r8, r9, fp}
 98c:	01111349 	tsteq	r1, r9, asr #6
{
 990:	18400612 	stmdane	r0, {r1, r4, r9, sl}^
 994:	1301197c 	movwne	r1, #6524	@ 0x197c
    pxTCB = prvGetTCBFromHandle( xTaskToQuery );
 998:	0b180000 	bleq	6009a0 <_edata+0x5fd82c>
 99c:	12011101 	andne	r1, r1, #1073741824	@ 0x40000000
 9a0:	19000006 	stmdbne	r0, {r1, r2}
 9a4:	0e030034 	mcreq	0, 0, r0, cr3, cr4, {1}
    return &( pxTCB->pcTaskName[ 0 ] );
 9a8:	053b0b3a 	ldreq	r0, [fp, #-2874]!	@ 0xfffff4c6
}
 9ac:	13490b39 	movtne	r0, #39737	@ 0x9b39
 9b0:	00001802 	andeq	r1, r0, r2, lsl #16
 9b4:	03002e1a 	movweq	r2, #3610	@ 0xe1a
 9b8:	3b0b3a0e 	blcc	2cf1f8 <_edata+0x2cc084>
{
 9bc:	270b390b 	strcs	r3, [fp, -fp, lsl #18]
 9c0:	12011119 	andne	r1, r1, #1073741830	@ 0x40000006
    vTaskSuspendAll();
 9c4:	7a184006 	bvc	6109e4 <_edata+0x60d870>
    taskENTER_CRITICAL();
 9c8:	1b000019 	blne	a34 <xTaskIncrementTick+0x44>
        xPendedTicks += xTicksToCatchUp;
 9cc:	193f002e 	ldmdbne	pc!, {r1, r2, r3, r5}	@ <UNPREDICTABLE>
 9d0:	0b3a0e03 	bleq	e841e4 <_edata+0xe81070>
 9d4:	0b390b3b 	bleq	e436c8 <_edata+0xe40554>
    taskEXIT_CRITICAL();
 9d8:	01111927 	tsteq	r1, r7, lsr #18
    xYieldOccurred = xTaskResumeAll();
 9dc:	18400612 	stmdane	r0, {r1, r4, r9, sl}^
 9e0:	0000197a 	andeq	r1, r0, sl, ror r9
}
 9e4:	03012e1c 	movweq	r2, #7708	@ 0x1e1c
 9e8:	3b0b3a0e 	blcc	2cf228 <_edata+0x2cc0b4>
 9ec:	270b390b 	strcs	r3, [fp, -fp, lsl #18]
{
 9f0:	12011119 	andne	r1, r1, #1073741830	@ 0x40000006
 9f4:	7a184006 	bvc	610a14 <_edata+0x60d8a0>
    BaseType_t xSwitchRequired = pdFALSE;
 9f8:	00130119 	andseq	r0, r3, r9, lsl r1
    if( uxSchedulerSuspended == ( UBaseType_t ) 0U )
 9fc:	011d1d00 	tsteq	sp, r0, lsl #26
 a00:	01111331 	tsteq	r1, r1, lsr r3
        const TickType_t xConstTickCount = xTickCount + ( TickType_t ) 1;
 a04:	0b580612 	bleq	1602254 <_edata+0x15ff0e0>
 a08:	0b570b59 	bleq	15c3774 <_edata+0x15c0600>
        xTickCount = xConstTickCount;
 a0c:	2e1e0000 	cdpcs	0, 1, cr0, cr14, cr0, {0}
 a10:	03193f01 	tsteq	r9, #1, 30
        if( xConstTickCount == ( TickType_t ) 0U )
 a14:	3b0b3a0e 	blcc	2cf254 <_edata+0x2cc0e0>
            taskSWITCH_DELAYED_LISTS();
 a18:	270b390b 	strcs	r3, [fp, -fp, lsl #18]
 a1c:	11134919 	tstne	r3, r9, lsl r9
 a20:	40061201 	andmi	r1, r6, r1, lsl #4
 a24:	01197a18 	tsteq	r9, r8, lsl sl
 a28:	1f000013 	svcne	0x00000013
 a2c:	0e03012e 	cdpeq	1, 0, cr0, cr3, cr14, {1}
 a30:	0b3b0b3a 	bleq	ec3720 <_edata+0xec05ac>
 a34:	19270b39 	stmdbne	r7!, {r0, r3, r4, r5, r8, r9, fp}
 a38:	13010b20 	movwne	r0, #6944	@ 0x1b20
        if( xConstTickCount >= xNextTaskUnblockTime )
 a3c:	05200000 	streq	r0, [r0, #-0]!
 a40:	3a0e0300 	bcc	381648 <_edata+0x37e4d4>
 a44:	390b3b0b 	stmdbcc	fp, {r0, r1, r3, r8, r9, fp, ip, sp}
                if( listLIST_IS_EMPTY( pxDelayedTaskList ) != pdFALSE )
 a48:	0013490b 	andseq	r4, r3, fp, lsl #18
 a4c:	012e2100 			@ <UNDEFINED> instruction: 0x012e2100
                    xNextTaskUnblockTime = portMAX_DELAY;
 a50:	0b3a0e03 	bleq	e84264 <_edata+0xe810f0>
 a54:	0b390b3b 	bleq	e43748 <_edata+0xe405d4>
                    break;
 a58:	0b201927 	bleq	806efc <_edata+0x803d88>
                    pxTCB = listGET_OWNER_OF_HEAD_ENTRY( pxDelayedTaskList );
 a5c:	34220000 	strtcc	r0, [r2], #-0
 a60:	3a0e0300 	bcc	381668 <_edata+0x37e4f4>
                    xItemValue = listGET_LIST_ITEM_VALUE( &( pxTCB->xStateListItem ) );
 a64:	390b3b0b 	stmdbcc	fp, {r0, r1, r3, r8, r9, fp, ip, sp}
 a68:	0013490b 	andseq	r4, r3, fp, lsl #18
                    if( xConstTickCount < xItemValue )
 a6c:	34010000 	strcc	r0, [r1], #-0
 a70:	3a0e0300 	bcc	381678 <_edata+0x37e504>
                        xNextTaskUnblockTime = xItemValue;
 a74:	053b0121 	ldreq	r0, [fp, #-289]!	@ 0xfffffedf
                        break;
 a78:	13490b39 	movtne	r0, #39737	@ 0x9b39
                    listREMOVE_ITEM( &( pxTCB->xStateListItem ) );
 a7c:	00001802 	andeq	r1, r0, r2, lsl #16
 a80:	03000502 	movweq	r0, #1282	@ 0x502
 a84:	01213a0e 			@ <UNDEFINED> instruction: 0x01213a0e
 a88:	0b39053b 	bleq	e41f7c <_edata+0xe3ee08>
 a8c:	18021349 	stmdane	r2, {r0, r3, r6, r8, r9, ip}
 a90:	0d030000 	stceq	0, cr0, [r3, #-0]
 a94:	3a0e0300 	bcc	38169c <_edata+0x37e528>
 a98:	390b3b0b 	stmdbcc	fp, {r0, r1, r3, r8, r9, fp, ip, sp}
 a9c:	3813490b 	ldmdacc	r3, {r0, r1, r3, r8, fp, lr}
 aa0:	0400000b 	streq	r0, [r0], #-11
 aa4:	0e030016 	mcreq	0, 0, r0, cr3, cr6, {0}
 aa8:	0b3b0b3a 	bleq	ec3798 <_edata+0xec0624>
 aac:	13490b39 	movtne	r0, #39737	@ 0x9b39
 ab0:	26050000 	strcs	r0, [r5], -r0
 ab4:	00134900 	andseq	r4, r3, r0, lsl #18
                    if( listLIST_ITEM_CONTAINER( &( pxTCB->xEventListItem ) ) != NULL )
 ab8:	000f0600 	andeq	r0, pc, r0, lsl #12
 abc:	4904210b 	stmdbmi	r4, {r0, r1, r3, r8, sp}
                        listREMOVE_ITEM( &( pxTCB->xEventListItem ) );
 ac0:	07000013 	smladeq	r0, r3, r0, r0
 ac4:	13490005 	movtne	r0, #36869	@ 0x9005
 ac8:	2e080000 	cdpcs	0, 0, cr0, cr8, cr0, {0}
 acc:	03193f01 	tsteq	r9, #1, 30
 ad0:	01213a0e 			@ <UNDEFINED> instruction: 0x01213a0e
 ad4:	0b39053b 	bleq	e41fc8 <_edata+0xe3ee54>
 ad8:	13491927 	movtne	r1, #39207	@ 0x9927
 adc:	06120111 			@ <UNDEFINED> instruction: 0x06120111
 ae0:	197c1840 	ldmdbne	ip!, {r6, fp, ip}^
 ae4:	00001301 	andeq	r1, r0, r1, lsl #6
 ae8:	0b002409 	bleq	9b14 <_edata+0x69a0>
 aec:	030b3e0b 	movweq	r3, #48651	@ 0xbe0b
 af0:	0a00000e 	beq	b30 <xTaskIncrementTick+0x140>
 af4:	0111010b 	tsteq	r1, fp, lsl #2
 af8:	00000612 	andeq	r0, r0, r2, lsl r6
 afc:	3100340b 	tstcc	r0, fp, lsl #8
                    prvAddTaskToReadyList( pxTCB );
 b00:	00180213 	andseq	r0, r8, r3, lsl r2
 b04:	01130c00 	tsteq	r3, r0, lsl #24
 b08:	0b0b0e03 	bleq	2c431c <_edata+0x2c11a8>
 b0c:	0b3b0b3a 	bleq	ec37fc <_edata+0xec0688>
 b10:	13010b39 	movwne	r0, #6969	@ 0x1b39
 b14:	2e0d0000 	cdpcs	0, 0, cr0, cr13, cr0, {0}
 b18:	03193f01 	tsteq	r9, #1, 30
 b1c:	01213a0e 			@ <UNDEFINED> instruction: 0x01213a0e
 b20:	0b39053b 	bleq	e42014 <_edata+0xe3eea0>
 b24:	13491927 	movtne	r1, #39207	@ 0x9927
 b28:	06120111 			@ <UNDEFINED> instruction: 0x06120111
 b2c:	197a1840 	ldmdbne	sl!, {r6, fp, ip}^
 b30:	00001301 	andeq	r1, r0, r1, lsl #6
 b34:	11010b0e 	tstne	r1, lr, lsl #22
 b38:	01061201 	tsteq	r6, r1, lsl #4
 b3c:	0f000013 	svceq	0x00000013
 b40:	1331011d 	teqne	r1, #1073741831	@ 0x40000007
 b44:	06120111 			@ <UNDEFINED> instruction: 0x06120111
 b48:	59012158 	stmdbpl	r1, {r3, r4, r6, r8, sp}
 b4c:	2e215705 	cdpcs	7, 2, cr5, cr1, cr5, {0}
 b50:	00001301 	andeq	r1, r0, r1, lsl #6
 b54:	31011d10 	tstcc	r1, r0, lsl sp
 b58:	12011113 	andne	r1, r1, #-1073741820	@ 0xc0000004
 b5c:	01215806 			@ <UNDEFINED> instruction: 0x01215806
 b60:	21570559 	cmpcs	r7, r9, asr r5
 b64:	11000005 	tstne	r0, r5
 b68:	13310005 	teqne	r1, #5
 b6c:	00001802 	andeq	r1, r0, r2, lsl #16
 b70:	3f012e12 	svccc	0x00012e12
 b74:	3a0e0319 	bcc	3817e0 <_edata+0x37e66c>
 b78:	39053b0b 	stmdbcc	r5, {r0, r1, r3, r8, r9, fp, ip, sp}
 b7c:	19270621 	stmdbne	r7!, {r0, r5, r9, sl}
                            if( pxTCB->uxPriority > pxCurrentTCB->uxPriority )
 b80:	1301193c 	movwne	r1, #6460	@ 0x193c
 b84:	2e130000 	cdpcs	0, 1, cr0, cr3, cr0, {0}
 b88:	3a0e0301 	bcc	381794 <_edata+0x37e620>
 b8c:	053b0121 	ldreq	r0, [fp, #-289]!	@ 0xfffffedf
                                xSwitchRequired = pdTRUE;
 b90:	27132139 			@ <UNDEFINED> instruction: 0x27132139
                if( listLIST_IS_EMPTY( pxDelayedTaskList ) != pdFALSE )
 b94:	11134919 	tstne	r3, r9, lsl r9
                if( listCURRENT_LIST_LENGTH( &( pxReadyTasksLists[ pxCurrentTCB->uxPriority ] ) ) > 1U )
 b98:	40061201 	andmi	r1, r6, r1, lsl #4
 b9c:	01197c18 	tsteq	r9, r8, lsl ip
 ba0:	14000013 	strne	r0, [r0], #-19	@ 0xffffffed
 ba4:	0e03012e 	cdpeq	1, 0, cr0, cr3, cr14, {1}
 ba8:	3b01213a 	blcc	49098 <_edata+0x45f24>
 bac:	0d213905 			@ <UNDEFINED> instruction: 0x0d213905
                    xSwitchRequired = pdTRUE;
 bb0:	01111927 	tsteq	r1, r7, lsr #18
                if( xYieldPendings[ 0 ] != pdFALSE )
 bb4:	18400612 	stmdane	r0, {r1, r4, r9, sl}^
 bb8:	1301197c 	movwne	r1, #6524	@ 0x197c
                    xSwitchRequired = pdTRUE;
 bbc:	35150000 	ldrcc	r0, [r5, #-0]
        xPendedTicks += 1U;
 bc0:	00134900 	andseq	r4, r3, r0, lsl #18
 bc4:	000d1600 	andeq	r1, sp, r0, lsl #12
 bc8:	213a0e03 	teqcs	sl, r3, lsl #28
}
 bcc:	390b3b01 	stmdbcc	fp, {r0, r8, r9, fp, ip, sp}
 bd0:	13491921 	movtne	r1, #39201	@ 0x9921
 bd4:	2e170000 	cdpcs	0, 1, cr0, cr7, cr0, {0}
 bd8:	03193f00 	tsteq	r9, #0, 30
 bdc:	07213a0e 	streq	r3, [r1, -lr, lsl #20]!
 be0:	2139053b 	teqcs	r9, fp, lsr r5
 be4:	3c192706 	ldccc	7, cr2, [r9], {6}
 be8:	18000019 	stmdane	r0, {r0, r3, r4}
 bec:	193f012e 	ldmdbne	pc!, {r1, r2, r3, r5, r8}	@ <UNPREDICTABLE>
 bf0:	0b3a0e03 	bleq	e84404 <_edata+0xe81290>
 bf4:	0b390b3b 	bleq	e438e8 <_edata+0xe40774>
 bf8:	13491927 	movtne	r1, #39207	@ 0x9927
 bfc:	1301193c 	movwne	r1, #6460	@ 0x193c
    {
 c00:	2e190000 	cdpcs	0, 1, cr0, cr9, cr0, {0}
 c04:	03193f00 	tsteq	r9, #0, 30
        if( uxSchedulerSuspended != ( UBaseType_t ) 0U )
 c08:	07213a0e 	streq	r3, [r1, -lr, lsl #20]!
 c0c:	0b39053b 	bleq	e42100 <_edata+0xe3ef8c>
            xYieldPendings[ 0 ] = pdTRUE;
 c10:	13491927 	movtne	r1, #39207	@ 0x9927
    }
 c14:	0000193c 	andeq	r1, r0, ip, lsr r9
            xYieldPendings[ 0 ] = pdFALSE;
 c18:	3f012e1a 	svccc	0x00012e1a
            taskSELECT_HIGHEST_PRIORITY_TASK();
 c1c:	3a0e0319 	bcc	381888 <_edata+0x37e714>
 c20:	053b0721 	ldreq	r0, [fp, #-1825]!	@ 0xfffff8df
        __asm volatile ( "clz %0, %1" : "=r" ( ucReturn ) : "r" ( ulBitmap ) : "memory" );
 c24:	270c2139 	smladxcs	ip, r9, r1, r2
 c28:	3c134919 			@ <UNDEFINED> instruction: 0x3c134919
 c2c:	00130119 	andseq	r0, r3, r9, lsl r1
 c30:	002e1b00 	eoreq	r1, lr, r0, lsl #22
 c34:	0e03193f 			@ <UNDEFINED> instruction: 0x0e03193f
 c38:	3b02213a 	blcc	89128 <_edata+0x85fb4>
 c3c:	0d21390b 			@ <UNDEFINED> instruction: 0x0d21390b
 c40:	193c1927 	ldmdbne	ip!, {r0, r1, r2, r5, r8, fp, ip}
 c44:	341c0000 	ldrcc	r0, [ip], #-0
 c48:	3a0e0300 	bcc	381850 <_edata+0x37e6dc>
 c4c:	0b3b0221 	bleq	ec14d8 <_edata+0xebe364>
 c50:	13490b39 	movtne	r0, #39737	@ 0x9b39
 c54:	111d0000 	tstne	sp, r0
 c58:	130e2501 	movwne	r2, #58625	@ 0xe501
 c5c:	1b0e030b 	blne	381890 <_edata+0x37e71c>
 c60:	1201110e 	andne	r1, r1, #-2147483645	@ 0x80000003
 c64:	00171006 	andseq	r1, r7, r6
 c68:	00241e00 	eoreq	r1, r4, r0, lsl #28
            portTASK_SWITCH_HOOK( pxCurrentTCB );
 c6c:	0b3e0b0b 	bleq	f838a0 <_edata+0xf8072c>
    }
 c70:	00000803 	andeq	r0, r0, r3, lsl #16
 c74:	0b000f1f 	bleq	48f8 <_edata+0x1784>
 c78:	2000000b 	andcs	r0, r0, fp
 c7c:	00000026 	andeq	r0, r0, r6, lsr #32
 c80:	03001321 	movweq	r1, #801	@ 0x321
 c84:	00193c0e 	andseq	r3, r9, lr, lsl #24
 c88:	000d2200 	andeq	r2, sp, r0, lsl #4
{
 c8c:	0b3a0803 	bleq	e82ca0 <_edata+0xe7fb2c>
 c90:	0b390b3b 	bleq	e43984 <_edata+0xe40810>
 c94:	0b381349 	bleq	e059c0 <_edata+0xe0284c>
    vListInsert( pxEventList, &( pxCurrentTCB->xEventListItem ) );
 c98:	17230000 	strne	r0, [r3, -r0]!
 c9c:	3a0b0b01 	bcc	2c38a8 <_edata+0x2c0734>
 ca0:	390b3b0b 	stmdbcc	fp, {r0, r1, r3, r8, r9, fp, ip, sp}
    prvAddCurrentTaskToDelayedList( xTicksToWait, pdTRUE );
 ca4:	0013010b 	andseq	r0, r3, fp, lsl #2
 ca8:	012e2400 			@ <UNDEFINED> instruction: 0x012e2400
}
 cac:	0e03193f 			@ <UNDEFINED> instruction: 0x0e03193f
 cb0:	0b3b0b3a 	bleq	ec39a0 <_edata+0xec082c>
 cb4:	19270b39 	stmdbne	r7!, {r0, r3, r4, r5, r8, r9, fp}
{
 cb8:	1301193c 	movwne	r1, #6460	@ 0x193c
 cbc:	2e250000 	cdpcs	0, 2, cr0, cr5, cr0, {0}
 cc0:	03193f01 	tsteq	r9, #1, 30
    listSET_LIST_ITEM_VALUE( &( pxCurrentTCB->xEventListItem ), xItemValue | taskEVENT_LIST_ITEM_VALUE_IN_USE );
 cc4:	3b0b3a0e 	blcc	2cf504 <_edata+0x2cc390>
 cc8:	270b3905 	strcs	r3, [fp, -r5, lsl #18]
 ccc:	12011119 	andne	r1, r1, #1073741830	@ 0x40000006
    listINSERT_END( pxEventList, &( pxCurrentTCB->xEventListItem ) );
 cd0:	7c184006 	ldcvc	0, cr4, [r8], {6}
 cd4:	00130119 	andseq	r0, r3, r9, lsl r1
 cd8:	012e2600 			@ <UNDEFINED> instruction: 0x012e2600
 cdc:	0b3a0e03 	bleq	e844f0 <_edata+0xe8137c>
 ce0:	0b390b3b 	bleq	e439d4 <_edata+0xe40860>
 ce4:	0b201927 	bleq	807188 <_edata+0x804014>
 ce8:	00001301 	andeq	r1, r0, r1, lsl #6
 cec:	03000527 	movweq	r0, #1319	@ 0x527
 cf0:	3b0b3a0e 	blcc	2cf530 <_edata+0x2cc3bc>
 cf4:	490b390b 	stmdbmi	fp, {r0, r1, r3, r8, fp, ip, sp}
 cf8:	28000013 	stmdacs	r0, {r0, r1, r4}
 cfc:	0e03012e 	cdpeq	1, 0, cr0, cr3, cr14, {1}
 d00:	0b3b0b3a 	bleq	ec39f0 <_edata+0xec087c>
 d04:	19270b39 	stmdbne	r7!, {r0, r3, r4, r5, r8, r9, fp}
 d08:	0b201349 	bleq	805a34 <_edata+0x8028c0>
 d0c:	Address 0xd0c is out of bounds.


Disassembly of section .debug_aranges:

00000000 <.debug_aranges>:
   0:	0000001c 	andeq	r0, r0, ip, lsl r0
   4:	00000002 	andeq	r0, r0, r2
   8:	00040000 	andeq	r0, r4, r0
   c:	00000000 	andeq	r0, r0, r0
  10:	000001d4 	ldrdeq	r0, [r0], -r4
  14:	00000006 	andeq	r0, r0, r6
	...
  20:	0000001c 	andeq	r0, r0, ip, lsl r0
  24:	00260002 	eoreq	r0, r6, r2
  28:	00040000 	andeq	r0, r4, r0
  2c:	00000000 	andeq	r0, r0, r0
  30:	000001dc 	ldrdeq	r0, [r0], -ip
  34:	0000011c 	andeq	r0, r0, ip, lsl r1
	...
  40:	0000001c 	andeq	r0, r0, ip, lsl r0
  44:	03640002 	cmneq	r4, #2
  48:	00040000 	andeq	r0, r4, r0
  4c:	00000000 	andeq	r0, r0, r0
  50:	000002f8 	strdeq	r0, [r0], -r8
  54:	00000052 	andeq	r0, r0, r2, asr r0
	...
  60:	0000001c 	andeq	r0, r0, ip, lsl r0
  64:	04510002 	ldrbeq	r0, [r1], #-2
  68:	00040000 	andeq	r0, r4, r0
  6c:	00000000 	andeq	r0, r0, r0
  70:	0000034c 	andeq	r0, r0, ip, asr #6
  74:	000018ec 	andeq	r1, r0, ip, ror #17
	...
  80:	0000001c 	andeq	r0, r0, ip, lsl r0
  84:	1a630002 	bne	18c0094 <_edata+0x18bcf20>
  88:	00040000 	andeq	r0, r4, r0
  8c:	00000000 	andeq	r0, r0, r0
  90:	00001c38 	andeq	r1, r0, r8, lsr ip
  94:	0000015e 	andeq	r0, r0, lr, asr r1
	...
  a0:	0000001c 	andeq	r0, r0, ip, lsl r0
  a4:	1d090002 	stcne	0, cr0, [r9, #-8]
  a8:	00040000 	andeq	r0, r4, r0
  ac:	00000000 	andeq	r0, r0, r0
  b0:	00001d98 	muleq	r0, r8, sp
  b4:	000004e8 	andeq	r0, r0, r8, ror #9
	...
  c0:	0000001c 	andeq	r0, r0, ip, lsl r0
  c4:	21c10002 	biccs	r0, r1, r2
  c8:	00040000 	andeq	r0, r4, r0
  cc:	00000000 	andeq	r0, r0, r0
  d0:	00002280 	andeq	r2, r0, r0, lsl #5
  d4:	00000260 	andeq	r0, r0, r0, ror #4
	...
  e0:	0000001c 	andeq	r0, r0, ip, lsl r0
  e4:	24d80002 	ldrbcs	r0, [r8], #2
  e8:	00040000 	andeq	r0, r4, r0
  ec:	00000000 	andeq	r0, r0, r0
  f0:	000024e0 	andeq	r2, r0, r0, ror #9
  f4:	00000c76 	andeq	r0, r0, r6, ror ip
	...

Disassembly of section .debug_str:

00000000 <.debug_str>:
       0:	746f6f62 	strbtvc	r6, [pc], #-3938	@ 8 <_stext+0x8>
       4:	4400532e 	strmi	r5, [r0], #-814	@ 0xfffffcd2
       8:	54525c3a 	ldrbpl	r5, [r2], #-3130	@ 0xfffff3c6
       c:	705c534f 	subsvc	r5, ip, pc, asr #6
      10:	0074726f 	rsbseq	r7, r4, pc, ror #4
      14:	20554e47 	subscs	r4, r5, r7, asr #28
      18:	32205341 	eorcc	r5, r0, #67108865	@ 0x4000001
      1c:	0035342e 	eorseq	r3, r5, lr, lsr #8
      20:	6164735f 	cmnvs	r4, pc, asr r3
      24:	56006174 			@ <UNDEFINED> instruction: 0x56006174
      28:	65756c61 	ldrbvs	r6, [r5, #-3169]!	@ 0xfffff39f
      2c:	65536f54 	ldrbvs	r6, [r3, #-3924]	@ 0xfffff0ac
      30:	5f00646e 	svcpl	0x0000646e
      34:	6e69755f 	mcrvs	5, 3, r7, cr9, cr15, {2}
      38:	745f3874 	ldrbvc	r3, [pc], #-2164	@ 40 <_stext+0x40>
      3c:	62655f00 	rsbvs	r5, r5, #0, 30
      40:	54007373 	strpl	r7, [r0], #-883	@ 0xfffffc8d
      44:	546b6369 	strbtpl	r6, [fp], #-873	@ 0xfffffc97
      48:	5f657079 	svcpl	0x00657079
      4c:	61540074 	cmpvs	r4, r4, ror r0
      50:	61486b73 	hvcvs	34483	@ 0x86b3
      54:	656c646e 	strbvs	r6, [ip, #-1134]!	@ 0xfffffb92
      58:	6c00745f 	stcvs	4, cr7, [r0], {95}	@ 0x5f
      5c:	65636552 	strbvs	r6, [r3, #-1362]!	@ 0xfffffaae
      60:	64657669 	strbtvs	r7, [r5], #-1641	@ 0xfffff997
      64:	756c6156 	strbvc	r6, [ip, #-342]!	@ 0xfffffeaa
      68:	74730065 	ldrbtvc	r0, [r3], #-101	@ 0xffffff9b
      6c:	2e747261 	cdpcs	2, 7, cr7, cr4, cr1, {3}
      70:	75510063 	ldrbvc	r0, [r1, #-99]	@ 0xffffff9d
      74:	48657565 	stmdami	r5!, {r0, r2, r5, r6, r8, sl, ip, sp, lr}^
      78:	6c646e61 	stclvs	14, cr6, [r4], #-388	@ 0xfffffe7c
      7c:	00745f65 	rsbseq	r5, r4, r5, ror #30
      80:	73615476 	cmnvc	r1, #1979711488	@ 0x76000000
      84:	6174536b 	cmnvs	r4, fp, ror #6
      88:	63537472 	cmpvs	r3, #1912602624	@ 0x72000000
      8c:	75646568 	strbvc	r6, [r4, #-1384]!	@ 0xfffffa98
      90:	0072656c 	rsbseq	r6, r2, ip, ror #10
      94:	726f6873 	rsbvc	r6, pc, #7536640	@ 0x730000
      98:	6e692074 	mcrvs	0, 3, r2, cr9, cr4, {3}
      9c:	51780074 	cmnpl	r8, r4, ror r0
      a0:	65756575 	ldrbvs	r6, [r5, #-1397]!	@ 0xfffffa8b
      a4:	65636552 	strbvs	r6, [r3, #-1362]!	@ 0xfffffaae
      a8:	00657669 	rsbeq	r7, r5, r9, ror #12
      ac:	73615476 	cmnvc	r1, #1979711488	@ 0x76000000
      b0:	7600316b 	strvc	r3, [r0], -fp, ror #2
      b4:	6b736154 	blvs	1cd860c <_edata+0x1cd5498>
      b8:	5f5f0032 	svcpl	0x005f0032
      bc:	33746e69 	cmncc	r4, #1680	@ 0x690
      c0:	00745f32 	rsbseq	r5, r4, r2, lsr pc
      c4:	6b736154 	blvs	1cd861c <_edata+0x1cd54a8>
      c8:	636e7546 	cmnvs	lr, #293601280	@ 0x11800000
      cc:	6e6f6974 			@ <UNDEFINED> instruction: 0x6e6f6974
      d0:	5100745f 	tstpl	r0, pc, asr r4
      d4:	65756575 	ldrbvs	r6, [r5, #-1397]!	@ 0xfffffa8b
      d8:	69666544 	stmdbvs	r6!, {r2, r6, r8, sl, sp, lr}^
      dc:	6974696e 	ldmdbvs	r4!, {r1, r2, r3, r5, r6, r8, fp, sp, lr}^
      e0:	75006e6f 	strvc	r6, [r0, #-3695]	@ 0xfffff191
      e4:	6769736e 	strbvs	r7, [r9, -lr, ror #6]!
      e8:	2064656e 	rsbcs	r6, r4, lr, ror #10
      ec:	72616863 	rsbvc	r6, r1, #6488064	@ 0x630000
      f0:	64655f00 	strbtvs	r5, [r5], #-3840	@ 0xfffff100
      f4:	00617461 	rsbeq	r7, r1, r1, ror #8
      f8:	6469735f 	strbtvs	r7, [r9], #-863	@ 0xfffffca1
      fc:	00617461 	rsbeq	r7, r1, r1, ror #8
     100:	726f6873 	rsbvc	r6, pc, #7536640	@ 0x730000
     104:	6e752074 	mrcvs	0, 3, r2, cr5, cr4, {3}
     108:	6e676973 			@ <UNDEFINED> instruction: 0x6e676973
     10c:	69206465 	stmdbvs	r0!, {r0, r2, r5, r6, sl, sp, lr}
     110:	7800746e 	stmdavc	r0, {r1, r2, r3, r5, r6, sl, ip, sp, lr}
     114:	75657551 	strbvc	r7, [r5, #-1361]!	@ 0xfffffaaf
     118:	6e654765 	cdpvs	7, 6, cr4, cr5, cr5, {3}
     11c:	63697265 	cmnvs	r9, #1342177286	@ 0x50000006
     120:	61657243 	cmnvs	r5, r3, asr #4
     124:	5f006574 	svcpl	0x00006574
     128:	6e69755f 	mcrvs	5, 3, r7, cr9, cr15, {2}
     12c:	5f323374 	svcpl	0x00323374
     130:	73740074 	cmnvc	r4, #116	@ 0x74
     134:	7361546b 	cmnvc	r1, #1795162112	@ 0x6b000000
     138:	6e6f436b 	cdpvs	3, 6, cr4, cr15, cr11, {3}
     13c:	6c6f7274 	stclvs	2, cr7, [pc], #-464	@ ffffff74 <__StackTop+0xdfffdf74>
     140:	636f6c42 	cmnvs	pc, #16896	@ 0x4200
     144:	7453006b 	ldrbvc	r0, [r3], #-107	@ 0xffffff95
     148:	546b6361 	strbtpl	r6, [fp], #-865	@ 0xfffffc9f
     14c:	5f657079 	svcpl	0x00657079
     150:	74730074 	ldrbtvc	r0, [r3], #-116	@ 0xffffff8c
     154:	00747261 	rsbseq	r7, r4, r1, ror #4
     158:	61747378 	cmnvs	r4, r8, ror r3
     15c:	00737574 	rsbseq	r7, r3, r4, ror r5
     160:	7362735f 	cmnvc	r2, #2080374785	@ 0x7c000001
     164:	6f6c0073 	svcvs	0x006c0073
     168:	6c20676e 	stcvs	7, cr6, [r0], #-440	@ 0xfffffe48
     16c:	20676e6f 	rsbcs	r6, r7, pc, ror #28
     170:	69736e75 	ldmdbvs	r3!, {r0, r2, r4, r5, r6, r9, sl, fp, sp, lr}^
     174:	64656e67 	strbtvs	r6, [r5], #-3687	@ 0xfffff199
     178:	746e6920 	strbtvc	r6, [lr], #-2336	@ 0xfffff6e0
     17c:	74537800 	ldrbvc	r7, [r3], #-2048	@ 0xfffff800
     180:	73757461 	cmnvc	r5, #1627389952	@ 0x61000000
     184:	6e6f6c00 	cdpvs	12, 6, cr6, cr15, cr0, {0}
     188:	6f6c2067 	svcvs	0x006c2067
     18c:	6920676e 	stmdbvs	r0!, {r1, r2, r3, r5, r6, r8, r9, sl, sp, lr}
     190:	7000746e 	andvc	r7, r0, lr, ror #8
     194:	72615076 	rsbvc	r5, r1, #118	@ 0x76
     198:	74656d61 	strbtvc	r6, [r5], #-3425	@ 0xfffff29f
     19c:	00737265 	rsbseq	r7, r3, r5, ror #4
     1a0:	65755178 	ldrbvs	r5, [r5, #-376]!	@ 0xfffffe88
     1a4:	65476575 	strbvs	r6, [r7, #-1397]	@ 0xfffffa8b
     1a8:	6972656e 	ldmdbvs	r2!, {r1, r2, r3, r5, r6, r8, sl, sp, lr}^
     1ac:	6e655363 	cdpvs	3, 6, cr5, cr5, cr3, {3}
     1b0:	4e470064 	cdpmi	0, 4, cr0, cr7, cr4, {3}
     1b4:	31432055 	qdaddcc	r2, r5, r3
     1b8:	33312037 	teqcc	r1, #55	@ 0x37
     1bc:	302e332e 	eorcc	r3, lr, lr, lsr #6
     1c0:	746d2d20 	strbtvc	r2, [sp], #-3360	@ 0xfffff2e0
     1c4:	626d7568 	rsbvs	r7, sp, #104, 10	@ 0x1a000000
     1c8:	636d2d20 	cmnvs	sp, #32, 26	@ 0x800
     1cc:	633d7570 	teqvs	sp, #112, 10	@ 0x1c000000
     1d0:	6574726f 	ldrbvs	r7, [r4, #-623]!	@ 0xfffffd91
	b start
     1d4:	336d2d78 	cmncc	sp, #120, 26	@ 0x1e00
	b .
     1d8:	666d2d20 	strbtvs	r2, [sp], -r0, lsr #26
static void vTask1(void *pvParameters){
     1dc:	74616f6c 	strbtvc	r6, [r1], #-3948	@ 0xfffff094
     1e0:	6962612d 	stmdbvs	r2!, {r0, r2, r3, r5, r8, sp, lr}^
	ValueToSend = (int32_t) pvParameters;
     1e4:	666f733d 			@ <UNDEFINED> instruction: 0x666f733d
	xstatus = xQueueSendToBack(xQueue, &ValueToSend, 0);
     1e8:	6d2d2074 	stcvs	0, cr2, [sp, #-464]!	@ 0xfffffe30
     1ec:	68637261 	stmdavs	r3!, {r0, r5, r6, r9, ip, sp, lr}^
     1f0:	6d72613d 	ldclvs	1, cr6, [r2, #-244]!	@ 0xffffff0c
     1f4:	6d2d3776 	stcvs	7, cr3, [sp, #-472]!	@ 0xfffffe28
     1f8:	00672d20 	rsbeq	r2, r7, r0, lsr #26
	volatile int a = 0;
     1fc:	676e6f6c 	strbvs	r6, [lr, -ip, ror #30]!
		a++;
     200:	756f6420 	strbvc	r6, [pc, #-1056]!	@ fffffde8 <__StackTop+0xdfffdde8>
     204:	00656c62 	rsbeq	r6, r5, r2, ror #24
     208:	73614255 	cmnvc	r1, #1342177285	@ 0x50000005
static void vTask2(void *pvParameters){
     20c:	70795465 	rsbsvc	r5, r9, r5, ror #8
     210:	00745f65 	rsbseq	r5, r4, r5, ror #30
	xStatus = xQueueReceive( xQueue, &lReceivedValue, 0 );
     214:	73615478 	cmnvc	r1, #120, 8	@ 0x78000000
     218:	6572436b 	ldrbvs	r4, [r2, #-875]!	@ 0xfffffc95
     21c:	00657461 	rsbeq	r7, r5, r1, ror #8
     220:	74726f50 	ldrbtvc	r6, [r2], #-3920	@ 0xfffff0b0
     224:	636e7546 	cmnvs	lr, #293601280	@ 0x11800000
	volatile int b = 0;
     228:	6e6f6974 			@ <UNDEFINED> instruction: 0x6e6f6974
		b++;
     22c:	00632e73 	rsbeq	r2, r3, r3, ror lr
     230:	657a6973 	ldrbvs	r6, [sl, #-2419]!	@ 0xfffff68d
     234:	6d656d00 	stclvs	13, cr6, [r5, #-0]
{
     238:	00746573 	rsbseq	r6, r4, r3, ror r5
     23c:	636d656d 	cmnvs	sp, #457179136	@ 0x1b400000
	uint32_t *src = &_sidata;
     240:	62007970 	andvs	r7, r0, #112, 18	@ 0x1c0000
	uint32_t *dst = &_sdata;
     244:	5f657479 	svcpl	0x00657479
		*dst++ = *src++;
     248:	756c6176 	strbvc	r6, [ip, #-374]!	@ 0xfffffe8a
     24c:	43780065 	cmnmi	r8, #101	@ 0x65
     250:	4965726f 	stmdbmi	r5!, {r0, r1, r2, r3, r5, r6, r9, ip, sp, lr}^
     254:	63700044 	cmnvs	r0, #68	@ 0x44
	while(dst < &_edata){
     258:	6b736154 	blvs	1cd87b0 <_edata+0x1cd563c>
     25c:	656d614e 	strbvs	r6, [sp, #-334]!	@ 0xfffffeb2
	dst = &_sbss;
     260:	4e787500 	cdpmi	5, 7, cr7, cr8, cr0, {0}
	while(dst < &_ebss){
     264:	65626d75 	strbvs	r6, [r2, #-3445]!	@ 0xfffff28b
		*dst++ = 0;
     268:	49664f72 	stmdbmi	r6!, {r1, r4, r5, r6, r8, r9, sl, fp, lr}^
     26c:	736d6574 	cmnvc	sp, #116, 10	@ 0x1d000000
	while(dst < &_ebss){
     270:	6f507600 	svcvs	0x00507600
     274:	78457472 	stmdavc	r5, {r1, r4, r5, r6, sl, ip, sp, lr}^
	xQueue = xQueueCreate( 5, sizeof( int32_t ) );
     278:	72437469 	subvc	r7, r3, #1761607680	@ 0x69000000
     27c:	63697469 	cmnvs	r9, #1761607680	@ 0x69000000
     280:	78006c61 	stmdavc	r0, {r0, r5, r6, sl, fp, sp, lr}
     284:	74726f50 	ldrbtvc	r6, [r2], #-3920	@ 0xfffff0b0
	if( xQueue != NULL )
     288:	72617453 	rsbvc	r7, r1, #1392508928	@ 0x53000000
     28c:	68635374 	stmdavs	r3!, {r2, r4, r5, r6, r8, r9, ip, lr}^
		xReturn = xTaskCreate(vTask1, "T1", configMINIMAL_STACK_SIZE, NULL, 1, NULL);
     290:	6c756465 	ldclvs	4, cr6, [r5], #-404	@ 0xfffffe6c
     294:	75007265 	strvc	r7, [r0, #-613]	@ 0xfffffd9b
     298:	69725078 	ldmdbvs	r2!, {r3, r4, r5, r6, ip, lr}^
     29c:	7469726f 	strbtvc	r7, [r9], #-623	@ 0xfffffd91
     2a0:	78700079 	ldmdavc	r0!, {r0, r3, r4, r5, r6}^
     2a4:	736e6f43 	cmnvc	lr, #268	@ 0x10c
		xReturn = xTaskCreate(vTask2, "T2", configMINIMAL_STACK_SIZE, NULL, 1, NULL);
     2a8:	73694c74 	cmnvc	r9, #116, 24	@ 0x7400
     2ac:	6c750074 	ldclvs	0, cr0, [r5], #-464	@ 0xfffffe30
     2b0:	73746942 	cmnvc	r4, #1081344	@ 0x108000
     2b4:	6c436f54 	mcrrvs	15, 5, r6, r3, cr4
     2b8:	4f726165 	svcmi	0x00726165
     2bc:	6978456e 	ldmdbvs	r8!, {r1, r2, r3, r5, r6, r8, sl, lr}^
		vTaskStartScheduler();
     2c0:	78750074 	ldmdavc	r5!, {r2, r4, r5, r6}^
	return ;
     2c4:	6b736154 	blvs	1cd881c <_edata+0x1cd56a8>
     2c8:	4e746547 	cdpmi	5, 7, cr6, cr4, cr7, {2}
     2cc:	65626d75 	strbvs	r6, [r2, #-3445]!	@ 0xfffff28b
     2d0:	54664f72 	strbtpl	r4, [r6], #-3954	@ 0xfffff08e
     2d4:	736b7361 	cmnvc	fp, #-2080374783	@ 0x84000001
     2d8:	48787000 	ldmdami	r8!, {ip, sp, lr}^
     2dc:	65686769 	strbvs	r6, [r8, #-1897]!	@ 0xfffff897
     2e0:	69725072 	ldmdbvs	r2!, {r1, r4, r5, r6, ip, lr}^
     2e4:	7469726f 	strbtvc	r7, [r9], #-623	@ 0xfffffd91
     2e8:	73615479 	cmnvc	r1, #2030043136	@ 0x79000000
     2ec:	6b6f576b 	blvs	1bd60a0 <_edata+0x1bd2f2c>
     2f0:	65006e65 	strvs	r6, [r0, #-3685]	@ 0xfffff19b
     2f4:	63416f4e 	movtvs	r6, #8014	@ 0x1f4e
{
     2f8:	6e6f6974 			@ <UNDEFINED> instruction: 0x6e6f6974
     2fc:	54787500 	ldrbtpl	r7, [r8], #-1280	@ 0xfffffb00
     300:	6552706f 	ldrbvs	r7, [r2, #-111]	@ 0xffffff91
    unsigned char *ptr = (unsigned char*)dst;
     304:	50796461 	rsbspl	r6, r9, r1, ror #8
    unsigned char byte_value = (unsigned char)value;
     308:	726f6972 	rsbvc	r6, pc, #1867776	@ 0x1c8000
    while( size > 0)
     30c:	00797469 	rsbseq	r7, r9, r9, ror #8
        *ptr = byte_value;
     310:	65447870 	strbvs	r7, [r4, #-2160]	@ 0xfffff790
        ptr++;
     314:	6579616c 	ldrbvs	r6, [r9, #-364]!	@ 0xfffffe94
     318:	73694c64 	cmnvc	r9, #100, 24	@ 0x6400
        size--;
     31c:	78700074 	ldmdavc	r0!, {r2, r4, r5, r6}^
    while( size > 0)
     320:	6e657645 	cdpvs	6, 6, cr7, cr5, cr5, {2}
     324:	73694c74 	cmnvc	r9, #116, 24	@ 0x7400
}
     328:	53780074 	cmnpl	r8, #116	@ 0x74
     32c:	64656863 	strbtvs	r6, [r5], #-2147	@ 0xfffff79d
     330:	72656c75 	rsbvc	r6, r5, #29952	@ 0x7500
{
     334:	6e6e7552 	mcrvs	5, 3, r7, cr14, cr2, {2}
     338:	00676e69 	rsbeq	r6, r7, r9, ror #28
     33c:	6e497870 	mcrvs	8, 2, r7, cr9, cr0, {3}
     340:	00786564 	rsbseq	r6, r8, r4, ror #10
     344:	4d495478 	stclmi	4, cr5, [r9, #-480]	@ 0xfffffe20
     348:	554f5f45 	strbpl	r5, [pc, #-3909]	@ fffff40b <__StackTop+0xdfffd40b>
    {
     34c:	6c750054 	ldclvs	0, cr0, [r5], #-336	@ 0xfffffeb0
     350:	73746942 	cmnvc	r4, #1081344	@ 0x108000
     354:	6c436f54 	mcrrvs	15, 5, r6, r3, cr4
     358:	00726165 	rsbseq	r6, r2, r5, ror #2
            pxStack = pvPortMallocStack( ( ( ( size_t ) uxStackDepth ) * sizeof( StackType_t ) ) );
     35c:	6e655078 	mcrvs	0, 3, r5, cr5, cr8, {3}
     360:	43646564 	cmnmi	r4, #100, 10	@ 0x19000000
     364:	746e756f 	strbtvc	r7, [lr], #-1391	@ 0xfffffa91
            if( pxStack != NULL )
     368:	4c780073 	ldclmi	0, cr0, [r8], #-460	@ 0xfffffe34
                pxNewTCB = ( TCB_t * ) pvPortMalloc( sizeof( TCB_t ) );
     36c:	5f545349 	svcpl	0x00545349
     370:	4d455449 	stclmi	4, cr5, [r5, #-292]	@ 0xfffffedc
                if( pxNewTCB != NULL )
     374:	52787000 	rsbspl	r7, r8, #0
     378:	79646165 	stmdbvc	r4!, {r0, r2, r5, r6, r8, sp, lr}^
                    ( void ) memset( ( void * ) pxNewTCB, 0x00, sizeof( TCB_t ) );
     37c:	6b736154 	blvs	1cd88d4 <_edata+0x1cd5760>
     380:	73694c73 	cmnvc	r9, #29440	@ 0x7300
                    pxNewTCB->pxStack = pxStack;
     384:	75007374 	strvc	r7, [r0, #-884]	@ 0xfffffc8c
     388:	69724f63 	ldmdbvs	r2!, {r0, r1, r5, r6, r8, r9, sl, fp, lr}^
                    vPortFreeStack( pxStack );
     38c:	616e6967 	cmnvs	lr, r7, ror #18
     390:	746f4e6c 	strbtvc	r4, [pc], #-3692	@ 398 <prvCreateTask+0x4c>
                pxNewTCB = NULL;
     394:	53796669 	cmnpl	r9, #110100480	@ 0x6900000
        if( pxNewTCB != NULL )
     398:	65746174 	ldrbvs	r6, [r4, #-372]!	@ 0xfffffe8c
     39c:	61547600 	cmpvs	r4, r0, lsl #12
            prvInitialiseNewTask( pxTaskCode, pcName, uxStackDepth, pvParameters, uxPriority, pxCreatedTask, pxNewTCB, NULL );
     3a0:	65536b73 	ldrbvs	r6, [r3, #-2931]	@ 0xfffff48d
     3a4:	6d695474 	stclvs	4, cr5, [r9, #-464]!	@ 0xfffffe30
     3a8:	74754f65 	ldrbtvc	r4, [r5], #-3941	@ 0xfffff09b
     3ac:	74617453 	strbtvc	r7, [r1], #-1107	@ 0xfffffbad
     3b0:	54780065 	ldrbtpl	r0, [r8], #-101	@ 0xffffff9b
     3b4:	476b7361 	strbmi	r7, [fp, -r1, ror #6]!
     3b8:	72656e65 	rsbvc	r6, r5, #1616	@ 0x650
    }
     3bc:	6f4e6369 	svcvs	0x004e6369
     3c0:	79666974 	stmdbvc	r6!, {r2, r4, r5, r6, r8, fp, sp, lr}^
    {
     3c4:	6d6f7246 	stclvs	2, cr7, [pc, #-280]!	@ 2b4 <start+0x7c>
     3c8:	00525349 	subseq	r5, r2, r9, asr #6
     3cc:	65695978 	strbvs	r5, [r9, #-2424]!	@ 0xfffff688
     3d0:	6550646c 	ldrbvs	r6, [r0, #-1132]	@ 0xfffffb94
        pxNewTCB = prvCreateTask( pxTaskCode, pcName, uxStackDepth, pvParameters, uxPriority, pxCreatedTask );
     3d4:	6e69646e 	cdpvs	4, 6, cr6, cr9, cr14, {3}
     3d8:	78007367 	stmdavc	r0, {r0, r1, r2, r5, r6, r8, r9, ip, sp, lr}
     3dc:	6b736154 	blvs	1cd8934 <_edata+0x1cd57c0>
     3e0:	72636e49 	rsbvc	r6, r3, #1168	@ 0x490
     3e4:	6e656d65 	cdpvs	13, 6, cr6, cr5, cr5, {3}
        if( pxNewTCB != NULL )
     3e8:	63695474 	cmnvs	r9, #116, 8	@ 0x74000000
     3ec:	6c75006b 	ldclvs	0, cr0, [r5], #-428	@ 0xfffffe54
            prvAddNewTaskToReadyList( pxNewTCB );
     3f0:	6d746942 			@ <UNDEFINED> instruction: 0x6d746942
            xReturn = pdPASS;
     3f4:	78007061 	stmdavc	r0, {r0, r5, r6, ip, sp, lr}
     3f8:	616c6544 	cmnvs	ip, r4, asr #10
            xReturn = errCOULD_NOT_ALLOCATE_REQUIRED_MEMORY;
     3fc:	54646579 	strbtpl	r6, [r4], #-1401	@ 0xfffffa87
        return xReturn;
     400:	4c6b7361 	stclmi	3, cr7, [fp], #-388	@ 0xfffffe7c
    }
     404:	31747369 	cmncc	r4, r9, ror #6
     408:	65447800 	strbvs	r7, [r4, #-2048]	@ 0xfffff800
{
     40c:	6579616c 	ldrbvs	r6, [r9, #-364]!	@ 0xfffffe94
     410:	73615464 	cmnvc	r1, #100, 8	@ 0x64000000
     414:	73694c6b 	cmnvc	r9, #27392	@ 0x6b00
        pxTopOfStack = &( pxNewTCB->pxStack[ uxStackDepth - ( configSTACK_DEPTH_TYPE ) 1 ] );
     418:	78003274 	stmdavc	r0, {r2, r4, r5, r6, r9, ip, sp}
     41c:	7265764f 	rsbvc	r7, r5, #82837504	@ 0x4f00000
     420:	776f6c66 	strbvc	r6, [pc, -r6, ror #24]!
     424:	6e756f43 	cdpvs	15, 7, cr6, cr5, cr3, {2}
     428:	50760074 	rsbspl	r0, r6, r4, ror r0
        pxTopOfStack = ( StackType_t * ) ( ( ( portPOINTER_SIZE_TYPE ) pxTopOfStack ) & ( ~( ( portPOINTER_SIZE_TYPE ) portBYTE_ALIGNMENT_MASK ) ) );
     42c:	5374726f 	cmnpl	r4, #-268435450	@ 0xf0000006
     430:	41427465 	cmpmi	r2, r5, ror #8
    if( pcName != NULL )
     434:	52504553 	subspl	r4, r0, #348127232	@ 0x14c00000
        for( x = ( UBaseType_t ) 0; x < ( UBaseType_t ) configMAX_TASK_NAME_LEN; x++ )
     438:	50760049 	rsbspl	r0, r6, r9, asr #32
     43c:	4574726f 	ldrbmi	r7, [r4, #-623]!	@ 0xfffffd91
            pxNewTCB->pcTaskName[ x ] = pcName[ x ];
     440:	7265746e 	rsbvc	r7, r5, #1845493760	@ 0x6e000000
     444:	74697243 	strbtvc	r7, [r9], #-579	@ 0xfffffdbd
     448:	6c616369 	stclvs	3, cr6, [r1], #-420	@ 0xfffffe5c
     44c:	61547800 	cmpvs	r4, r0, lsl #16
     450:	61436b73 	hvcvs	14003	@ 0x36b3
            if( pcName[ x ] == ( char ) 0x00 )
     454:	55686374 	strbpl	r6, [r8, #-884]!	@ 0xfffffc8c
     458:	63695470 	cmnvs	r9, #112, 8	@ 0x70000000
     45c:	7500736b 	strvc	r7, [r0, #-875]	@ 0xfffffc95
        for( x = ( UBaseType_t ) 0; x < ( UBaseType_t ) configMAX_TASK_NAME_LEN; x++ )
     460:	7261506c 	rsbvc	r5, r1, #108	@ 0x6c
     464:	74656d61 	strbtvc	r6, [r5], #-3425	@ 0xfffff29f
     468:	00737265 	rsbseq	r7, r3, r5, ror #4
                break;
     46c:	6e497875 	mcrvs	8, 2, r7, cr9, cr5, {3}
        pxNewTCB->pcTaskName[ configMAX_TASK_NAME_LEN - 1U ] = '\0';
     470:	54786564 	ldrbtpl	r6, [r8], #-1380	@ 0xfffffa9c
     474:	656c436f 	strbvs	r4, [ip, #-879]!	@ 0xfffffc91
    if( uxPriority >= ( UBaseType_t ) configMAX_PRIORITIES )
     478:	74007261 	strvc	r7, [r0], #-609	@ 0xfffffd9f
        uxPriority = ( UBaseType_t ) configMAX_PRIORITIES - ( UBaseType_t ) 1U;
     47c:	43546b73 	cmpmi	r4, #117760	@ 0x1cc00
    pxNewTCB->uxPriority = uxPriority;
     480:	78750042 	ldmdavc	r5!, {r1, r6}^
     484:	65766153 	ldrbvs	r6, [r6, #-339]!	@ 0xfffffead
    vListInitialiseItem( &( pxNewTCB->xStateListItem ) );
     488:	746e4964 	strbtvc	r4, [lr], #-2404	@ 0xfffff69c
     48c:	75727265 	ldrbvc	r7, [r2, #-613]!	@ 0xfffffd9b
    vListInitialiseItem( &( pxNewTCB->xEventListItem ) );
     490:	74537470 	ldrbvc	r7, [r3], #-1136	@ 0xfffffb90
     494:	73757461 	cmnvc	r5, #1627389952	@ 0x61000000
     498:	4e637500 	cdpmi	5, 6, cr7, cr3, cr0, {0}
    listSET_LIST_ITEM_OWNER( &( pxNewTCB->xStateListItem ), pxNewTCB );
     49c:	6669746f 	strbtvs	r7, [r9], -pc, ror #8
    listSET_LIST_ITEM_VALUE( &( pxNewTCB->xEventListItem ), ( TickType_t ) configMAX_PRIORITIES - ( TickType_t ) uxPriority );
     4a0:	61745379 	cmnvs	r4, r9, ror r3
     4a4:	75006574 	strvc	r6, [r0, #-1396]	@ 0xfffffa8c
     4a8:	73694c78 	cmnvc	r9, #120, 24	@ 0x7800
    listSET_LIST_ITEM_OWNER( &( pxNewTCB->xEventListItem ), pxNewTCB );
     4ac:	6d655274 	stclvs	2, cr5, [r5, #-464]!	@ 0xfffffe30
            pxNewTCB->pxTopOfStack = pxPortInitialiseStack( pxTopOfStack, pxTaskCode, pvParameters );
     4b0:	0065766f 	rsbeq	r7, r5, pc, ror #12
     4b4:	724f6c75 	subvc	r6, pc, #29952	@ 0x7500
     4b8:	6e696769 	cdpvs	7, 6, cr6, cr9, cr9, {3}
     4bc:	41426c61 	cmpmi	r2, r1, ror #24
    if( pxCreatedTask != NULL )
     4c0:	52504553 	subspl	r4, r0, #348127232	@ 0x14c00000
     4c4:	54780049 	ldrbtpl	r0, [r8], #-73	@ 0xffffffb7
        *pxCreatedTask = ( TaskHandle_t ) pxNewTCB;
     4c8:	476b7361 	strbmi	r7, [fp, -r1, ror #6]!
}
     4cc:	72656e65 	rsbvc	r6, r5, #1616	@ 0x650
     4d0:	6f4e6369 	svcvs	0x004e6369
    {
     4d4:	79666974 	stmdbvc	r6!, {r2, r4, r5, r6, r8, fp, sp, lr}^
     4d8:	55787000 	ldrbpl	r7, [r8, #-0]!
        taskENTER_CRITICAL();
     4dc:	6f6c626e 	svcvs	0x006c626e
            uxCurrentNumberOfTasks = ( UBaseType_t ) ( uxCurrentNumberOfTasks + 1U );
     4e0:	64656b63 	strbtvs	r6, [r5], #-2915	@ 0xfffff49d
     4e4:	00424354 	subeq	r4, r2, r4, asr r3
     4e8:	656c4378 	strbvs	r4, [ip, #-888]!	@ 0xfffffc88
            if( pxCurrentTCB == NULL )
     4ec:	6f437261 	svcvs	0x00437261
     4f0:	4f746e75 	svcmi	0x00746e75
                pxCurrentTCB = pxNewTCB;
     4f4:	6978456e 	ldmdbvs	r8!, {r1, r2, r3, r5, r6, r8, sl, lr}^
                if( uxCurrentNumberOfTasks == ( UBaseType_t ) 1 )
     4f8:	72700074 	rsbsvc	r0, r0, #116	@ 0x74
     4fc:	65724376 	ldrbvs	r4, [r2, #-886]!	@ 0xfffffc8a
                    prvInitialiseTaskLists();
     500:	54657461 	strbtpl	r7, [r5], #-1121	@ 0xfffffb9f
     504:	006b7361 	rsbeq	r7, fp, r1, ror #6
                if( xSchedulerRunning == pdFALSE )
     508:	616c4578 	smcvs	50264	@ 0xc458
     50c:	64657370 	strbtvs	r7, [r5], #-880	@ 0xfffffc90
                    if( pxCurrentTCB->uxPriority <= pxNewTCB->uxPriority )
     510:	656d6954 	strbvs	r6, [sp, #-2388]!	@ 0xfffff6ac
     514:	65536500 	ldrbvs	r6, [r3, #-1280]	@ 0xfffffb00
     518:	6c615674 	stclvs	6, cr5, [r1], #-464	@ 0xfffffe30
                        pxCurrentTCB = pxNewTCB;
     51c:	69576575 	ldmdbvs	r7, {r0, r2, r4, r5, r6, r8, sl, sp, lr}^
     520:	764f6874 			@ <UNDEFINED> instruction: 0x764f6874
            uxTaskNumber++;
     524:	72777265 	rsbsvc	r7, r7, #1342177286	@ 0x50000006
     528:	00657469 	rsbeq	r7, r5, r9, ror #8
            prvAddTaskToReadyList( pxNewTCB );
     52c:	73615478 	cmnvc	r1, #120, 8	@ 0x78000000
     530:	7465476b 	strbtvc	r4, [r5], #-1899	@ 0xfffff895
     534:	6b636954 	blvs	18daa8c <_edata+0x18d7918>
     538:	6e756f43 	cdpvs	15, 7, cr6, cr5, cr3, {2}
     53c:	6f724674 	svcvs	0x00724674
     540:	5253496d 	subspl	r4, r3, #1785856	@ 0x1b4000
     544:	426c7500 	rsbmi	r7, ip, #0, 10
     548:	54737469 	ldrbtpl	r7, [r3], #-1129	@ 0xfffffb97
     54c:	656c436f 	strbvs	r4, [ip, #-879]!	@ 0xfffffc91
     550:	6e4f7261 	cdpvs	2, 4, cr7, cr15, cr1, {3}
     554:	72746e45 	rsbsvc	r6, r4, #1104	@ 0x450
     558:	49780079 	ldmdbmi	r8!, {r0, r3, r4, r5, r6}^
     55c:	54656c64 	strbtpl	r6, [r5], #-3172	@ 0xfffff39c
     560:	4e6b7361 	cdpmi	3, 6, cr7, cr11, cr1, {3}
     564:	49656d61 	stmdbmi	r5!, {r0, r5, r6, r8, sl, fp, sp, lr}^
     568:	7865646e 	stmdavc	r5!, {r1, r2, r3, r5, r6, sl, sp, lr}^
     56c:	65507800 	ldrbvs	r7, [r0, #-2048]	@ 0xfffff800
     570:	6e69646e 	cdpvs	4, 6, cr6, cr9, cr14, {3}
     574:	61655267 	cmnvs	r5, r7, ror #4
     578:	694c7964 	stmdbvs	ip, {r2, r5, r6, r8, fp, ip, sp, lr}^
     57c:	70007473 	andvc	r7, r0, r3, ror r4
     580:	6e497672 	mcrvs	6, 2, r7, cr9, cr2, {3}
     584:	61697469 	cmnvs	r9, r9, ror #8
     588:	6573696c 	ldrbvs	r6, [r3, #-2412]!	@ 0xfffff694
     58c:	6b736154 	blvs	1cd8ae4 <_edata+0x1cd5970>
     590:	7473694c 	ldrbtvc	r6, [r3], #-2380	@ 0xfffff6b4
     594:	78700073 	ldmdavc	r0!, {r0, r1, r4, r5, r6}^
     598:	76657250 			@ <UNDEFINED> instruction: 0x76657250
     59c:	73756f69 	cmnvc	r5, #420	@ 0x1a4
     5a0:	61547600 	cmpvs	r4, r0, lsl #12
     5a4:	65526b73 	ldrbvs	r6, [r2, #-2931]	@ 0xfffff48d
     5a8:	53746573 	cmnpl	r4, #482344960	@ 0x1cc00000
     5ac:	65746174 	ldrbvs	r6, [r4, #-372]!	@ 0xfffffe8c
        taskEXIT_CRITICAL();
     5b0:	54787000 	ldrbtpl	r7, [r8], #-0
        if( xSchedulerRunning != pdFALSE )
     5b4:	00706d65 	rsbseq	r6, r0, r5, ror #26
     5b8:	6f547875 	svcvs	0x00547875
            taskYIELD_ANY_CORE_IF_USING_PREEMPTION( pxNewTCB );
     5bc:	65735570 	ldrbvs	r5, [r3, #-1392]!	@ 0xfffffa90
     5c0:	69725064 	ldmdbvs	r2!, {r2, r5, r6, ip, lr}^
     5c4:	7469726f 	strbtvc	r7, [r9], #-623	@ 0xfffffd91
     5c8:	54760079 	ldrbtpl	r0, [r6], #-121	@ 0xffffff87
     5cc:	536b7361 	cmnpl	fp, #-2080374783	@ 0x84000001
     5d0:	65707375 	ldrbvs	r7, [r0, #-885]!	@ 0xfffffc8b
     5d4:	6c41646e 	mcrrvs	4, 6, r6, r1, cr14
    }
     5d8:	7875006c 	ldmdavc	r5!, {r2, r3, r5, r6}^
     5dc:	63617453 	cmnvs	r1, #1392508928	@ 0x53000000
     5e0:	7065446b 	rsbvc	r4, r5, fp, ror #8
     5e4:	65006874 	strvs	r6, [r0, #-2164]	@ 0xfffff78c
     5e8:	69746f4e 	ldmdbvs	r4!, {r1, r2, r3, r6, r8, r9, sl, fp, sp, lr}^
     5ec:	63417966 	movtvs	r7, #6502	@ 0x1966
     5f0:	6e6f6974 			@ <UNDEFINED> instruction: 0x6e6f6974
     5f4:	7a697300 	bvc	1a5d1fc <_edata+0x1a5a088>
     5f8:	00745f65 	rsbseq	r5, r4, r5, ror #30
{
     5fc:	636e4965 	cmnvs	lr, #1654784	@ 0x194000
     600:	656d6572 	strbvs	r6, [sp, #-1394]!	@ 0xfffffa8e
    BaseType_t xReturn = pdPASS;
     604:	7800746e 	stmdavc	r0, {r1, r2, r3, r5, r6, sl, ip, sp, lr}
    char cIdleName[ configMAX_TASK_NAME_LEN ] = { 0 };
     608:	494e494d 	stmdbmi	lr, {r0, r2, r3, r6, r8, fp, lr}^
     60c:	53494c5f 	movtpl	r4, #40031	@ 0x9c5f
     610:	54495f54 	strbpl	r5, [r9], #-3924	@ 0xfffff0ac
    TaskFunction_t pxIdleTaskFunction = NULL;
     614:	78004d45 	stmdavc	r0, {r0, r2, r6, r8, sl, fp, lr}
    for( xIdleTaskNameIndex = 0U; xIdleTaskNameIndex < ( configMAX_TASK_NAME_LEN - taskRESERVED_TASK_NAME_LENGTH ); xIdleTaskNameIndex++ )
     618:	6b636954 	blvs	18dab70 <_edata+0x18d79fc>
        cIdleName[ xIdleTaskNameIndex ] = configIDLE_TASK_NAME[ xIdleTaskNameIndex ];
     61c:	6e756f43 	cdpvs	15, 7, cr6, cr5, cr3, {2}
     620:	4c780074 	ldclmi	0, cr0, [r8], #-464	@ 0xfffffe30
     624:	00545349 	subseq	r5, r4, r9, asr #6
     628:	73615476 	cmnvc	r1, #1979711488	@ 0x76000000
     62c:	646e456b 	strbtvs	r4, [lr], #-1387	@ 0xfffffa95
        if( cIdleName[ xIdleTaskNameIndex ] == ( char ) 0x00 )
     630:	65686353 	strbvs	r6, [r8, #-851]!	@ 0xfffffcad
     634:	656c7564 	strbvs	r7, [ip, #-1380]!	@ 0xfffffa9c
     638:	43780072 	cmnmi	r8, #114	@ 0x72
    for( xIdleTaskNameIndex = 0U; xIdleTaskNameIndex < ( configMAX_TASK_NAME_LEN - taskRESERVED_TASK_NAME_LENGTH ); xIdleTaskNameIndex++ )
     63c:	74736e6f 	ldrbtvc	r6, [r3], #-3695	@ 0xfffff191
     640:	6b636954 	blvs	18dab98 <_edata+0x18d7a24>
     644:	6e756f43 	cdpvs	15, 7, cr6, cr5, cr3, {2}
            break;
     648:	63700074 	cmnvs	r0, #116	@ 0x74
    cIdleName[ xIdleTaskNameIndex ] = '\0';
     64c:	656d614e 	strbvs	r6, [sp, #-334]!	@ 0xfffffeb2
     650:	4f787000 	svcmi	0x00787000
    for( xCoreID = ( BaseType_t ) 0; xCoreID < ( BaseType_t ) configNUMBER_OF_CORES; xCoreID++ )
     654:	66726576 			@ <UNDEFINED> instruction: 0x66726576
     658:	44776f6c 	ldrbtmi	r6, [r7], #-3948	@ 0xfffff094
            pxIdleTaskFunction = &prvIdleTask;
     65c:	79616c65 	stmdbvc	r1!, {r0, r2, r5, r6, sl, fp, sp, lr}^
            xReturn = xTaskCreate( pxIdleTaskFunction,
     660:	61546465 	cmpvs	r4, r5, ror #8
     664:	694c6b73 	stmdbvs	ip, {r0, r1, r4, r5, r6, r8, r9, fp, sp, lr}^
     668:	76007473 			@ <UNDEFINED> instruction: 0x76007473
     66c:	6b736154 	blvs	1cd8bc4 <_edata+0x1cd5a50>
     670:	63616c50 	cmnvs	r1, #80, 24	@ 0x5000
     674:	456e4f65 	strbmi	r4, [lr, #-3941]!	@ 0xfffff09b
     678:	746e6576 	strbtvc	r6, [lr], #-1398	@ 0xfffffa8a
        if( xReturn != pdPASS )
     67c:	7473694c 	ldrbtvc	r6, [r3], #-2380	@ 0xfffff6b4
     680:	4e6c7500 	cdpmi	5, 6, cr7, cr12, cr0, {0}
    for( xCoreID = ( BaseType_t ) 0; xCoreID < ( BaseType_t ) configNUMBER_OF_CORES; xCoreID++ )
     684:	6669746f 	strbtvs	r7, [r9], -pc, ror #8
     688:	56646569 	strbtpl	r6, [r4], -r9, ror #10
     68c:	65756c61 	ldrbvs	r6, [r5, #-3169]!	@ 0xfffff39f
            break;
     690:	61547600 	cmpvs	r4, r0, lsl #12
}
     694:	65526b73 	ldrbvs	r6, [r2, #-2931]	@ 0xfffff48d
     698:	65766f6d 	ldrbvs	r6, [r6, #-3949]!	@ 0xfffff093
     69c:	6d6f7246 	stclvs	2, cr7, [pc, #-280]!	@ 58c <prvAddNewTaskToReadyList+0xb8>
     6a0:	726f6e55 	rsbvc	r6, pc, #1360	@ 0x550
     6a4:	65726564 	ldrbvs	r6, [r2, #-1380]!	@ 0xfffffa9c
{
     6a8:	65764564 	ldrbvs	r4, [r6, #-1380]!	@ 0xfffffa9c
     6ac:	694c746e 	stmdbvs	ip, {r1, r2, r3, r5, r6, sl, ip, sp, lr}^
    xReturn = prvCreateIdleTasks();
     6b0:	78007473 	stmdavc	r0, {r0, r1, r4, r5, r6, sl, ip, sp, lr}
    if( xReturn == pdPASS )
     6b4:	6b736154 	blvs	1cd8c0c <_edata+0x1cd5a98>
     6b8:	6f6d6552 	svcvs	0x006d6552
    __asm volatile
     6bc:	72466576 	subvc	r6, r6, #494927872	@ 0x1d800000
     6c0:	76456d6f 	strbvc	r6, [r5], -pc, ror #26
     6c4:	4c746e65 	ldclmi	14, cr6, [r4], #-404	@ 0xfffffe6c
     6c8:	00747369 	rsbseq	r7, r4, r9, ror #6
}
     6cc:	74655365 	strbtvc	r5, [r5], #-869	@ 0xfffffc9b
        xNextTaskUnblockTime = portMAX_DELAY;
     6d0:	756c6156 	strbvc	r6, [ip, #-342]!	@ 0xfffffeaa
     6d4:	74695765 	strbtvc	r5, [r9], #-1893	@ 0xfffff89b
        xSchedulerRunning = pdTRUE;
     6d8:	74756f68 	ldrbtvc	r6, [r5], #-3944	@ 0xfffff098
        xTickCount = ( TickType_t ) configINITIAL_TICK_COUNT;
     6dc:	7265764f 	rsbvc	r7, r5, #82837504	@ 0x4f00000
     6e0:	74697277 	strbtvc	r7, [r9], #-631	@ 0xfffffd89
        ( void ) xPortStartScheduler();
     6e4:	6c750065 	ldclvs	0, cr0, [r5], #-404	@ 0xfffffe6c
    ( void ) uxTopUsedPriority;
     6e8:	4277654e 	rsbsmi	r6, r7, #327155712	@ 0x13800000
}
     6ec:	50455341 	subpl	r5, r5, r1, asr #6
     6f0:	78004952 	stmdavc	r0, {r1, r4, r6, r8, fp, lr}
     6f4:	6b736154 	blvs	1cd8c4c <_edata+0x1cd5ad8>
     6f8:	656e6547 	strbvs	r6, [lr, #-1351]!	@ 0xfffffab9
     6fc:	4e636972 			@ <UNDEFINED> instruction: 0x4e636972
     700:	6669746f 	strbtvs	r7, [r9], -pc, ror #8
{
     704:	69615779 	stmdbvs	r1!, {r0, r3, r4, r5, r6, r8, r9, sl, ip, lr}^
     708:	72700074 	rsbsvc	r0, r0, #116	@ 0x74
    __asm volatile
     70c:	6c644976 			@ <UNDEFINED> instruction: 0x6c644976
     710:	73615465 	cmnvc	r1, #1694498816	@ 0x65000000
     714:	4c78006b 	ldclmi	0, cr0, [r8], #-428	@ 0xfffffe54
     718:	45747369 	ldrbmi	r7, [r4, #-873]!	@ 0xfffffc97
}
     71c:	7500646e 	strvc	r6, [r0, #-1134]	@ 0xfffffb92
    xSchedulerRunning = pdFALSE;
     720:	7361546c 	cmnvc	r1, #108, 8	@ 0x6c000000
    vPortEndScheduler();
     724:	6e65476b 	cdpvs	7, 6, cr4, cr5, cr11, {3}
}
     728:	63697265 	cmnvs	r9, #1342177286	@ 0x50000006
     72c:	69746f4e 	ldmdbvs	r4!, {r1, r2, r3, r6, r8, r9, sl, fp, sp, lr}^
     730:	61547966 	cmpvs	r4, r6, ror #18
{
     734:	4d00656b 	stcmi	5, cr6, [r0, #-428]	@ 0xfffffe54
        uxSchedulerSuspended = ( UBaseType_t ) ( uxSchedulerSuspended + 1U );
     738:	4c696e69 	stclmi	14, cr6, [r9], #-420	@ 0xfffffe5c
     73c:	49747369 	ldmdbmi	r4!, {r0, r3, r5, r6, r8, r9, ip, sp, lr}^
     740:	5f6d6574 	svcpl	0x006d6574
}
     744:	72700074 	rsbsvc	r0, r0, #116	@ 0x74
     748:	64644176 	strbtvs	r4, [r4], #-374	@ 0xfffffe8a
     74c:	5477654e 	ldrbtpl	r6, [r7], #-1358	@ 0xfffffab2
{
     750:	546b7361 	strbtpl	r7, [fp], #-865	@ 0xfffffc9f
     754:	6165526f 	cmnvs	r5, pc, ror #4
    TCB_t * pxTCB = NULL;
     758:	694c7964 	stmdbvs	ip, {r2, r5, r6, r8, fp, ip, sp, lr}^
    BaseType_t xAlreadyYielded = pdFALSE;
     75c:	70007473 	andvc	r7, r0, r3, ror r4
        taskENTER_CRITICAL();
     760:	72437672 	subvc	r7, r3, #119537664	@ 0x7200000
            const BaseType_t xCoreID = ( BaseType_t ) portGET_CORE_ID();
     764:	65746165 	ldrbvs	r6, [r4, #-357]!	@ 0xfffffe9b
            uxSchedulerSuspended = ( UBaseType_t ) ( uxSchedulerSuspended - 1U );
     768:	656c6449 	strbvs	r6, [ip, #-1097]!	@ 0xfffffbb7
     76c:	6b736154 	blvs	1cd8cc4 <_edata+0x1cd5b50>
            if( uxSchedulerSuspended == ( UBaseType_t ) 0U )
     770:	78700073 	ldmdavc	r0!, {r0, r1, r4, r5, r6}^
     774:	5477654e 	ldrbtpl	r6, [r7], #-1358	@ 0xfffffab2
     778:	70004243 	andvc	r4, r0, r3, asr #4
                if( uxCurrentNumberOfTasks > ( UBaseType_t ) 0U )
     77c:	73615478 	cmnvc	r1, #120, 8	@ 0x78000000
     780:	646f436b 	strbtvs	r4, [pc], #-875	@ 788 <xTaskResumeAll+0x38>
                    while( listLIST_IS_EMPTY( &xPendingReadyList ) == pdFALSE )
     784:	59780065 	ldmdbpl	r8!, {r0, r2, r5, r6}^
                        pxTCB = listGET_OWNER_OF_HEAD_ENTRY( ( &xPendingReadyList ) );
     788:	646c6569 	strbtvs	r6, [ip], #-1385	@ 0xfffffa97
     78c:	7563634f 	strbvc	r6, [r3, #-847]!	@ 0xfffffcb1
                        listREMOVE_ITEM( &( pxTCB->xEventListItem ) );
     790:	64657272 	strbtvs	r7, [r5], #-626	@ 0xfffffd8e
     794:	6d654d00 	stclvs	13, cr4, [r5, #-0]
     798:	5279726f 	rsbspl	r7, r9, #-268435450	@ 0xf0000006
     79c:	6f696765 	svcvs	0x00696765
     7a0:	00745f6e 	rsbseq	r5, r4, lr, ror #30
     7a4:	78654e78 	stmdavc	r5!, {r3, r4, r5, r6, r9, sl, fp, lr}^
     7a8:	73615474 	cmnvc	r1, #116, 8	@ 0x74000000
     7ac:	626e556b 	rsbvs	r5, lr, #448790528	@ 0x1ac00000
     7b0:	6b636f6c 	blvs	18dc568 <_edata+0x18d93f4>
     7b4:	656d6954 	strbvs	r6, [sp, #-2388]!	@ 0xfffff6ac
     7b8:	506c7500 	rsbpl	r7, ip, r0, lsl #10
     7bc:	5274726f 	rsbspl	r7, r4, #-268435450	@ 0xf0000006
     7c0:	65736961 	ldrbvs	r6, [r3, #-2401]!	@ 0xfffff69f
     7c4:	45534142 	ldrbmi	r4, [r3, #-322]	@ 0xfffffebe
     7c8:	00495250 	subeq	r5, r9, r0, asr r2
                        listREMOVE_ITEM( &( pxTCB->xStateListItem ) );
     7cc:	6f507870 	svcvs	0x00507870
     7d0:	6e497472 	mcrvs	4, 2, r7, cr9, cr2, {3}
     7d4:	61697469 	cmnvs	r9, r9, ror #8
     7d8:	6573696c 	ldrbvs	r6, [r3, #-2412]!	@ 0xfffff694
     7dc:	63617453 	cmnvs	r1, #1392508928	@ 0x53000000
     7e0:	7875006b 	ldmdavc	r5!, {r0, r1, r3, r5, r6}^
     7e4:	75746552 	ldrbvc	r6, [r4, #-1362]!	@ 0xfffffaae
     7e8:	75006e72 	strvc	r6, [r0, #-3698]	@ 0xfffff18e
     7ec:	7465526c 	strbtvc	r5, [r5], #-620	@ 0xfffffd94
     7f0:	006e7275 	rsbeq	r7, lr, r5, ror r2
     7f4:	61546c75 	cmpvs	r4, r5, ror ip
     7f8:	65476b73 	strbvs	r6, [r7, #-2931]	@ 0xfffff48d
     7fc:	6972656e 	ldmdbvs	r2!, {r1, r2, r3, r5, r6, r8, sl, sp, lr}^
     800:	746f4e63 	strbtvc	r4, [pc], #-3683	@ 808 <xTaskResumeAll+0xb8>
     804:	56796669 	ldrbtpl	r6, [r9], -r9, ror #12
     808:	65756c61 	ldrbvs	r6, [r5, #-3169]!	@ 0xfffff39f
                        prvAddTaskToReadyList( pxTCB );
     80c:	61656c43 	cmnvs	r5, r3, asr #24
     810:	63750072 	cmnvs	r5, #114	@ 0x72
     814:	74726f50 	ldrbtvc	r6, [r2], #-3920	@ 0xfffff0b0
     818:	6e756f43 	cdpvs	15, 7, cr6, cr5, cr3, {2}
     81c:	61654c74 	smcvs	21700	@ 0x54c4
     820:	676e6964 	strbvs	r6, [lr, -r4, ror #18]!
     824:	6f72655a 	svcvs	0x0072655a
     828:	6c750073 	ldclvs	0, cr0, [r5], #-460	@ 0xfffffe34
     82c:	676e654c 	strbvs	r6, [lr, -ip, asr #10]!
     830:	6e496874 	mcrvs	8, 2, r6, cr9, cr4, {3}
     834:	65747942 	ldrbvs	r7, [r4, #-2370]!	@ 0xfffff6be
     838:	72700073 	rsbsvc	r0, r0, #115	@ 0x73
     83c:	73655276 	cmnvc	r5, #1610612743	@ 0x60000007
     840:	654e7465 	strbvs	r7, [lr, #-1125]	@ 0xfffffb9b
     844:	61547478 	cmpvs	r4, r8, ror r4
     848:	6e556b73 	vmovvs.s8	r6, d5[3]
     84c:	636f6c62 	cmnvs	pc, #25088	@ 0x6200
     850:	6d69546b 	stclvs	4, cr5, [r9, #-428]!	@ 0xfffffe54
     854:	54780065 	ldrbtpl	r0, [r8], #-101	@ 0xffffff9b
     858:	4f656d69 	svcmi	0x00656d69
     85c:	746e456e 	strbtvc	r4, [lr], #-1390	@ 0xfffffa92
     860:	6e697265 	cdpvs	2, 6, cr7, cr9, cr5, {3}
     864:	78700067 	ldmdavc	r0!, {r0, r1, r2, r5, r6}^
     868:	7478654e 	ldrbtvc	r6, [r8], #-1358	@ 0xfffffab2
     86c:	6c757000 	ldclvs	0, cr7, [r5], #-0
     870:	76657250 			@ <UNDEFINED> instruction: 0x76657250
     874:	73756f69 	cmnvc	r5, #420	@ 0x1a4
     878:	69746f4e 	ldmdbvs	r4!, {r1, r2, r3, r6, r8, r9, sl, fp, sp, lr}^
     87c:	61636966 	cmnvs	r3, r6, ror #18
     880:	6e6f6974 			@ <UNDEFINED> instruction: 0x6e6f6974
     884:	756c6156 	strbvc	r6, [ip, #-342]!	@ 0xfffffeaa
     888:	78700065 	ldmdavc	r0!, {r0, r2, r5, r6}^
                            if( pxTCB->uxPriority > pxCurrentTCB->uxPriority )
     88c:	656d6954 	strbvs	r6, [sp, #-2388]!	@ 0xfffff6ac
     890:	0074754f 	rsbseq	r7, r4, pc, asr #10
     894:	462f2e2e 	strtmi	r2, [pc], -lr, lsr #28
     898:	52656572 	rsbpl	r6, r5, #478150656	@ 0x1c800000
                                xYieldPendings[ xCoreID ] = pdTRUE;
     89c:	2d534f54 	ldclcs	15, cr4, [r3, #-336]	@ 0xfffffeb0
     8a0:	6e72654b 	cdpvs	5, 7, cr6, cr2, cr11, {2}
                    while( listLIST_IS_EMPTY( &xPendingReadyList ) == pdFALSE )
     8a4:	742f6c65 	strtvc	r6, [pc], #-3173	@ 8ac <xTaskResumeAll+0x15c>
     8a8:	736b7361 	cmnvc	fp, #-2080374783	@ 0x84000001
     8ac:	7800632e 	stmdavc	r0, {r1, r2, r3, r5, r8, r9, sp, lr}
                    if( pxTCB != NULL )
     8b0:	6b736154 	blvs	1cd8e08 <_edata+0x1cd5c94>
                        prvResetNextTaskUnblockTime();
     8b4:	54746547 	ldrbtpl	r6, [r4], #-1351	@ 0xfffffab9
                        TickType_t xPendedCounts = xPendedTicks; /* Non-volatile copy. */
     8b8:	436b6369 	cmnmi	fp, #-1543503871	@ 0xa4000001
     8bc:	746e756f 	strbtvc	r7, [lr], #-1391	@ 0xfffffa91
                        if( xPendedCounts > ( TickType_t ) 0U )
     8c0:	6d695400 	stclvs	4, cr5, [r9, #-0]
                                if( xTaskIncrementTick() != pdFALSE )
     8c4:	74754f65 	ldrbtvc	r4, [r5], #-3941	@ 0xfffff09b
     8c8:	7600745f 			@ <UNDEFINED> instruction: 0x7600745f
     8cc:	6b736154 	blvs	1cd8e24 <_edata+0x1cd5cb0>
                                    xYieldPendings[ xCoreID ] = pdTRUE;
     8d0:	65746e49 	ldrbvs	r6, [r4, #-3657]!	@ 0xfffff1b7
     8d4:	6c616e72 	stclvs	14, cr6, [r1], #-456	@ 0xfffffe38
                                --xPendedCounts;
     8d8:	54746553 	ldrbtpl	r6, [r4], #-1363	@ 0xfffffaad
     8dc:	4f656d69 	svcmi	0x00656d69
                            } while( xPendedCounts > ( TickType_t ) 0U );
     8e0:	74537475 	ldrbvc	r7, [r3], #-1141	@ 0xfffffb8b
                            xPendedTicks = 0;
     8e4:	00657461 	rsbeq	r7, r5, r1, ror #8
     8e8:	61547875 	cmpvs	r4, r5, ror r8
                    if( xYieldPendings[ xCoreID ] != pdFALSE )
     8ec:	754e6b73 	strbvc	r6, [lr, #-2931]	@ 0xfffff48d
     8f0:	7265626d 	rsbvc	r6, r5, #-805306362	@ 0xd0000006
     8f4:	63416500 	movtvs	r6, #5376	@ 0x1500
                            xAlreadyYielded = pdTRUE;
     8f8:	6e6f6974 			@ <UNDEFINED> instruction: 0x6e6f6974
                            taskYIELD_TASK_CORE_IF_USING_PREEMPTION( pxCurrentTCB );
     8fc:	4e6c7500 	cdpmi	5, 6, cr7, cr12, cr0, {0}
     900:	614d7765 	cmpvs	sp, r5, ror #14
     904:	61566b73 	cmpvs	r6, r3, ror fp
     908:	0065756c 	rsbeq	r7, r5, ip, ror #10
     90c:	61547875 	cmpvs	r4, r5, ror r8
        taskEXIT_CRITICAL();
     910:	65526b73 	ldrbvs	r6, [r2, #-2931]	@ 0xfffff48d
}
     914:	45746573 	ldrbmi	r6, [r4, #-1395]!	@ 0xfffffa8d
     918:	746e6576 	strbtvc	r6, [lr], #-1398	@ 0xfffffa8a
     91c:	6d657449 	stclvs	4, cr7, [r5, #-292]!	@ 0xfffffedc
     920:	756c6156 	strbvc	r6, [ip, #-342]!	@ 0xfffffeaa
     924:	694c0065 	stmdbvs	ip, {r0, r2, r5, r6}^
     928:	745f7473 	ldrbvc	r7, [pc], #-1139	@ 930 <xTaskResumeAll+0x1e0>
     92c:	61547800 	cmpvs	r4, r0, lsl #16
     930:	6f546b73 	svcvs	0x00546b73
     934:	72657551 	rsbvc	r7, r5, #339738624	@ 0x14400000
     938:	54780079 	ldrbtpl	r0, [r8], #-121	@ 0xffffff87
     93c:	546b7361 	strbtpl	r7, [fp], #-865	@ 0xfffffc9f
{
     940:	746f4e6f 	strbtvc	r4, [pc], #-3695	@ 948 <xTaskGetTickCount+0x8>
     944:	00796669 	rsbseq	r6, r9, r9, ror #12
        xTicks = xTickCount;
     948:	73615478 	cmnvc	r1, #120, 8	@ 0x78000000
    return xTicks;
     94c:	5365006b 	cmnpl	r5, #107	@ 0x6b
}
     950:	69427465 	stmdbvs	r2, {r0, r2, r5, r6, sl, ip, sp, lr}^
     954:	78007374 	stmdavc	r0, {r2, r4, r5, r6, r8, r9, ip, sp, lr}
     958:	4f4d454d 	svcmi	0x004d454d
{
     95c:	525f5952 	subspl	r5, pc, #1343488	@ 0x148000
     960:	4f494745 	svcmi	0x00494745
    uxSavedInterruptStatus = portTICK_TYPE_SET_INTERRUPT_MASK_FROM_ISR();
     964:	5476004e 	ldrbtpl	r0, [r6], #-78	@ 0xffffffb2
        xReturn = xTickCount;
     968:	536b7361 	cmnpl	fp, #-2080374783	@ 0x84000001
    return xReturn;
     96c:	63746977 	cmnvs	r4, #1949696	@ 0x1dc000
}
     970:	6e6f4368 	cdpvs	3, 6, cr4, cr15, cr8, {3}
     974:	74786574 	ldrbtvc	r6, [r8], #-1396	@ 0xfffffa8c
     978:	754e7800 	strbvc	r7, [lr, #-2048]	@ 0xfffff800
{
     97c:	4f664f6d 	svcmi	0x00664f6d
    return uxCurrentNumberOfTasks;
     980:	66726576 			@ <UNDEFINED> instruction: 0x66726576
}
     984:	73776f6c 	cmnvc	r7, #108, 30	@ 0x1b0
     988:	43767000 	cmnmi	r6, #0
     98c:	61746e6f 	cmnvs	r4, pc, ror #28
{
     990:	72656e69 	rsbvc	r6, r5, #1680	@ 0x690
     994:	43787000 	cmnmi	r8, #0
    pxTCB = prvGetTCBFromHandle( xTaskToQuery );
     998:	65727275 	ldrbvs	r7, [r2, #-629]!	@ 0xfffffd8b
     99c:	4354746e 	cmpmi	r4, #1845493760	@ 0x6e000000
     9a0:	53780042 	cmnpl	r8, #66	@ 0x42
     9a4:	6c756f68 	ldclvs	15, cr6, [r5], #-416	@ 0xfffffe60
    return &( pxTCB->pcTaskName[ 0 ] );
     9a8:	6f6c4264 	svcvs	0x006c4264
}
     9ac:	63006b63 	movwvs	r6, #2915	@ 0xb63
     9b0:	656c6449 	strbvs	r6, [ip, #-1097]!	@ 0xfffffbb7
     9b4:	656d614e 	strbvs	r6, [sp, #-334]!	@ 0xfffffeb2
     9b8:	694c7600 	stmdbvs	ip, {r9, sl, ip, sp, lr}^
{
     9bc:	6e497473 	mcrvs	4, 2, r7, cr9, cr3, {3}
     9c0:	61697469 	cmnvs	r9, r9, ror #8
    vTaskSuspendAll();
     9c4:	6573696c 	ldrbvs	r6, [r3, #-2412]!	@ 0xfffff694
    taskENTER_CRITICAL();
     9c8:	6d657449 	stclvs	4, cr7, [r5, #-292]!	@ 0xfffffedc
        xPendedTicks += xTicksToCatchUp;
     9cc:	76727000 	ldrbtvc	r7, [r2], -r0
     9d0:	74696e49 	strbtvc	r6, [r9], #-3657	@ 0xfffff1b7
     9d4:	696c6169 	stmdbvs	ip!, {r0, r3, r5, r6, r8, sp, lr}^
    taskEXIT_CRITICAL();
     9d8:	654e6573 	strbvs	r6, [lr, #-1395]	@ 0xfffffa8d
    xYieldOccurred = xTaskResumeAll();
     9dc:	73615477 	cmnvc	r1, #1996488704	@ 0x77000000
     9e0:	4978006b 	ldmdbmi	r8!, {r0, r1, r3, r5, r6}^
}
     9e4:	566d6574 			@ <UNDEFINED> instruction: 0x566d6574
     9e8:	65756c61 	ldrbvs	r6, [r5, #-3169]!	@ 0xfffff39f
     9ec:	61547800 	cmpvs	r4, r0, lsl #16
{
     9f0:	65526b73 	ldrbvs	r6, [r2, #-2931]	@ 0xfffff48d
     9f4:	656d7573 	strbvs	r7, [sp, #-1395]!	@ 0xfffffa8d
    BaseType_t xSwitchRequired = pdFALSE;
     9f8:	006c6c41 	rsbeq	r6, ip, r1, asr #24
    if( uxSchedulerSuspended == ( UBaseType_t ) 0U )
     9fc:	65447870 	strbvs	r7, [r4, #-2160]	@ 0xfffff790
     a00:	6579616c 	ldrbvs	r6, [r9, #-364]!	@ 0xfffffe94
        const TickType_t xConstTickCount = xTickCount + ( TickType_t ) 1;
     a04:	73615464 	cmnvc	r1, #100, 8	@ 0x64000000
     a08:	73694c6b 	cmnvc	r9, #27392	@ 0x6b00
        xTickCount = xConstTickCount;
     a0c:	53780074 	cmnpl	r8, #116	@ 0x74
     a10:	63746977 	cmnvs	r4, #1949696	@ 0x1dc000
        if( xConstTickCount == ( TickType_t ) 0U )
     a14:	71655268 	cmnvc	r5, r8, ror #4
            taskSWITCH_DELAYED_LISTS();
     a18:	65726975 	ldrbvs	r6, [r2, #-2421]!	@ 0xfffff68b
     a1c:	78700064 	ldmdavc	r0!, {r2, r5, r6}^
     a20:	63617453 	cmnvs	r1, #1392508928	@ 0x53000000
     a24:	6c75006b 	ldclvs	0, cr0, [r5], #-428	@ 0xfffffe54
     a28:	756c6156 	strbvc	r6, [ip, #-342]!	@ 0xfffffeaa
     a2c:	54780065 	ldrbtpl	r0, [r8], #-101	@ 0xffffff9b
     a30:	436b7361 	cmnmi	fp, #-2080374783	@ 0x84000001
     a34:	6b636568 	blvs	18d9fdc <_edata+0x18d6e68>
     a38:	54726f46 	ldrbtpl	r6, [r2], #-3910	@ 0xfffff0ba
        if( xConstTickCount >= xNextTaskUnblockTime )
     a3c:	4f656d69 	svcmi	0x00656d69
     a40:	76007475 			@ <UNDEFINED> instruction: 0x76007475
     a44:	74726f50 	ldrbtvc	r6, [r2], #-3920	@ 0xfffff0b0
                if( listLIST_IS_EMPTY( pxDelayedTaskList ) != pdFALSE )
     a48:	65657246 	strbvs	r7, [r5, #-582]!	@ 0xfffffdba
     a4c:	49787000 	ldmdbmi	r8!, {ip, sp, lr}^
                    xNextTaskUnblockTime = portMAX_DELAY;
     a50:	54656c64 	strbtpl	r6, [r5], #-3172	@ 0xfffff39c
     a54:	466b7361 	strbtmi	r7, [fp], -r1, ror #6
                    break;
     a58:	74636e75 	strbtvc	r6, [r3], #-3701	@ 0xfffff18b
                    pxTCB = listGET_OWNER_OF_HEAD_ENTRY( pxDelayedTaskList );
     a5c:	006e6f69 	rsbeq	r6, lr, r9, ror #30
     a60:	65526375 	ldrbvs	r6, [r2, #-885]	@ 0xfffffc8b
                    xItemValue = listGET_LIST_ITEM_VALUE( &( pxTCB->xStateListItem ) );
     a64:	6e727574 	mrcvs	5, 3, r7, cr2, cr4, {3}
     a68:	6c757000 	ldclvs	0, cr7, [r5], #-0
                    if( xConstTickCount < xItemValue )
     a6c:	69746f4e 	ldmdbvs	r4!, {r1, r2, r3, r6, r8, r9, sl, fp, sp, lr}^
     a70:	61636966 	cmnvs	r3, r6, ror #18
                        xNextTaskUnblockTime = xItemValue;
     a74:	6e6f6974 			@ <UNDEFINED> instruction: 0x6e6f6974
                        break;
     a78:	756c6156 	strbvc	r6, [ip, #-342]!	@ 0xfffffeaa
                    listREMOVE_ITEM( &( pxTCB->xStateListItem ) );
     a7c:	54760065 	ldrbtpl	r0, [r6], #-101	@ 0xffffff9b
     a80:	4d6b7361 	stclmi	3, cr7, [fp, #-388]!	@ 0xfffffe7c
     a84:	65737369 	ldrbvs	r7, [r3, #-873]!	@ 0xfffffc97
     a88:	65695964 	strbvs	r5, [r9, #-2404]!	@ 0xfffff69c
     a8c:	7600646c 	strvc	r6, [r0], -ip, ror #8
     a90:	74726f50 	ldrbtvc	r6, [r2], #-3920	@ 0xfffff0b0
     a94:	73696152 	cmnvc	r9, #-2147483628	@ 0x80000014
     a98:	53414265 	movtpl	r4, #4709	@ 0x1265
     a9c:	49525045 	ldmdbmi	r2, {r0, r2, r6, ip, lr}^
     aa0:	54637000 	strbtpl	r7, [r3], #-0
     aa4:	476b7361 	strbmi	r7, [fp, -r1, ror #6]!
     aa8:	614e7465 	cmpvs	lr, r5, ror #8
     aac:	7800656d 	stmdavc	r0, {r0, r2, r3, r5, r6, r8, sl, sp, lr}
     ab0:	6b636954 	blvs	18db008 <_edata+0x18d7e94>
     ab4:	43780073 	cmnmi	r8, #115	@ 0x73
                    if( listLIST_ITEM_CONTAINER( &( pxTCB->xEventListItem ) ) != NULL )
     ab8:	6c426e61 	mcrrvs	14, 6, r6, r2, cr1
     abc:	496b636f 	stmdbmi	fp!, {r0, r1, r2, r3, r5, r6, r8, r9, sp, lr}^
                        listREMOVE_ITEM( &( pxTCB->xEventListItem ) );
     ac0:	6665646e 	strbtvs	r6, [r5], -lr, ror #8
     ac4:	74696e69 	strbtvc	r6, [r9], #-3689	@ 0xfffff197
     ac8:	00796c65 	rsbseq	r6, r9, r5, ror #24
     acc:	61427670 	hvcvs	10080	@ 0x2760
     ad0:	64416573 	strbvs	r6, [r1], #-1395	@ 0xfffffa8d
     ad4:	73657264 	cmnvc	r5, #100, 4	@ 0x40000006
     ad8:	54760073 	ldrbtpl	r0, [r6], #-115	@ 0xffffff8d
     adc:	476b7361 	strbmi	r7, [fp, -r1, ror #6]!
     ae0:	72656e65 	rsbvc	r6, r5, #1616	@ 0x650
     ae4:	6f4e6369 	svcvs	0x004e6369
     ae8:	79666974 	stmdbvc	r6!, {r2, r4, r5, r6, r8, fp, sp, lr}^
     aec:	65766947 	ldrbvs	r6, [r6, #-2375]!	@ 0xfffff6b9
     af0:	6d6f7246 	stclvs	2, cr7, [pc, #-280]!	@ 9e0 <xTaskCatchUpTicks+0x24>
     af4:	00525349 	subseq	r5, r2, r9, asr #6
     af8:	73615476 	cmnvc	r1, #1979711488	@ 0x76000000
     afc:	616c506b 	cmnvs	ip, fp, rrx
                    prvAddTaskToReadyList( pxTCB );
     b00:	6e4f6563 	cdpvs	5, 4, cr6, cr15, cr3, {3}
     b04:	726f6e55 	rsbvc	r6, pc, #1360	@ 0x550
     b08:	65726564 	ldrbvs	r6, [r2, #-1380]!	@ 0xfffffa9c
     b0c:	65764564 	ldrbvs	r4, [r6, #-1380]!	@ 0xfffffa9c
     b10:	694c746e 	stmdbvs	ip, {r1, r2, r3, r5, r6, sl, ip, sp, lr}^
     b14:	76007473 			@ <UNDEFINED> instruction: 0x76007473
     b18:	7473694c 	ldrbtvc	r6, [r3], #-2380	@ 0xfffff6b4
     b1c:	74696e49 	strbtvc	r6, [r9], #-3657	@ 0xfffff1b7
     b20:	696c6169 	stmdbvs	ip!, {r0, r3, r5, r6, r8, sp, lr}^
     b24:	70006573 	andvc	r6, r0, r3, ror r5
     b28:	63695478 	cmnvs	r9, #120, 8	@ 0x78000000
     b2c:	6f54736b 	svcvs	0x0054736b
     b30:	74696157 	strbtvc	r6, [r9], #-343	@ 0xfffffea9
     b34:	694c7600 	stmdbvs	ip, {r9, sl, ip, sp, lr}^
     b38:	6e497473 	mcrvs	4, 2, r7, cr9, cr3, {3}
     b3c:	74726573 	ldrbtvc	r6, [r2], #-1395	@ 0xfffffa8d
     b40:	54787500 	ldrbtpl	r7, [r8], #-1280	@ 0xfffffb00
     b44:	7250706f 	subsvc	r7, r0, #111	@ 0x6f
     b48:	69726f69 	ldmdbvs	r2!, {r0, r3, r5, r6, r8, r9, sl, fp, sp, lr}^
     b4c:	54007974 	strpl	r7, [r0], #-2420	@ 0xfffff68c
     b50:	745f4243 	ldrbvc	r4, [pc], #-579	@ b58 <xTaskIncrementTick+0x168>
     b54:	4f767000 	svcmi	0x00767000
     b58:	72656e77 	rsbvc	r6, r5, #1904	@ 0x770
     b5c:	6c417800 	mcrrvs	8, 0, r7, r1, cr0
     b60:	64616572 	strbtvs	r6, [r1], #-1394	@ 0xfffffa8e
     b64:	65695979 	strbvs	r5, [r9, #-2425]!	@ 0xfffff687
     b68:	6465646c 	strbtvs	r6, [r5], #-1132	@ 0xfffffb94
     b6c:	61547800 	cmpvs	r4, r0, lsl #16
     b70:	65476b73 	strbvs	r6, [r7, #-2931]	@ 0xfffff48d
     b74:	72754374 	rsbsvc	r4, r5, #116, 6	@ 0xd0000001
     b78:	746e6572 	strbtvc	r6, [lr], #-1394	@ 0xfffffa8e
     b7c:	6b736154 	blvs	1cd90d4 <_edata+0x1cd5f60>
                            if( pxTCB->uxPriority > pxCurrentTCB->uxPriority )
     b80:	646e6148 	strbtvs	r6, [lr], #-328	@ 0xfffffeb8
     b84:	7000656c 	andvc	r6, r0, ip, ror #10
     b88:	65764578 	ldrbvs	r4, [r6, #-1400]!	@ 0xfffffa88
     b8c:	694c746e 	stmdbvs	ip, {r1, r2, r3, r5, r6, sl, ip, sp, lr}^
                                xSwitchRequired = pdTRUE;
     b90:	74497473 	strbvc	r7, [r9], #-1139	@ 0xfffffb8d
                if( listLIST_IS_EMPTY( pxDelayedTaskList ) != pdFALSE )
     b94:	78006d65 	stmdavc	r0, {r0, r2, r5, r6, r8, sl, fp, sp, lr}
                if( listCURRENT_LIST_LENGTH( &( pxReadyTasksLists[ pxCurrentTCB->uxPriority ] ) ) > 1U )
     b98:	646e6550 	strbtvs	r6, [lr], #-1360	@ 0xfffffab0
     b9c:	69546465 	ldmdbvs	r4, {r0, r2, r5, r6, sl, sp, lr}^
     ba0:	00736b63 	rsbseq	r6, r3, r3, ror #22
     ba4:	63695478 	cmnvs	r9, #120, 8	@ 0x78000000
     ba8:	6f54736b 	svcvs	0x0054736b
     bac:	63746143 	cmnvs	r4, #-1073741808	@ 0xc0000010
                    xSwitchRequired = pdTRUE;
     bb0:	00705568 	rsbseq	r5, r0, r8, ror #10
                if( xYieldPendings[ 0 ] != pdFALSE )
     bb4:	67655278 			@ <UNDEFINED> instruction: 0x67655278
     bb8:	736e6f69 	cmnvc	lr, #420	@ 0x1a4
                    xSwitchRequired = pdTRUE;
     bbc:	76727000 	ldrbtvc	r7, [r2], -r0
        xPendedTicks += 1U;
     bc0:	43646441 	cmnmi	r4, #1090519040	@ 0x41000000
     bc4:	65727275 	ldrbvs	r7, [r2, #-629]!	@ 0xfffffd8b
     bc8:	6154746e 	cmpvs	r4, lr, ror #8
}
     bcc:	6f546b73 	svcvs	0x00546b73
     bd0:	616c6544 	cmnvs	ip, r4, asr #10
     bd4:	4c646579 	stclmi	5, cr6, [r4], #-484	@ 0xfffffe1c
     bd8:	00747369 	rsbseq	r7, r4, r9, ror #6
     bdc:	73615478 	cmnvc	r1, #120, 8	@ 0x78000000
     be0:	7465476b 	strbtvc	r4, [r5], #-1899	@ 0xfffff895
     be4:	72727543 	rsbsvc	r7, r2, #281018368	@ 0x10c00000
     be8:	54746e65 	ldrbtpl	r6, [r4], #-3685	@ 0xfffff19b
     bec:	486b7361 	stmdami	fp!, {r0, r5, r6, r8, r9, ip, sp, lr}^
     bf0:	6c646e61 	stclvs	14, cr6, [r4], #-388	@ 0xfffffe7c
     bf4:	726f4665 	rsbvc	r4, pc, #105906176	@ 0x6500000
     bf8:	65726f43 	ldrbvs	r6, [r2, #-3907]!	@ 0xfffff0bd
     bfc:	43787500 	cmnmi	r8, #0, 10
    {
     c00:	65727275 	ldrbvs	r7, [r2, #-629]!	@ 0xfffffd8b
     c04:	754e746e 	strbvc	r7, [lr, #-1134]	@ 0xfffffb92
        if( uxSchedulerSuspended != ( UBaseType_t ) 0U )
     c08:	7265626d 	rsbvc	r6, r5, #-805306362	@ 0xd0000006
     c0c:	6154664f 	cmpvs	r4, pc, asr #12
            xYieldPendings[ 0 ] = pdTRUE;
     c10:	00736b73 	rsbseq	r6, r3, r3, ror fp
    }
     c14:	6d695478 	stclvs	4, cr5, [r9, #-480]!	@ 0xfffffe20
            xYieldPendings[ 0 ] = pdFALSE;
     c18:	576f5465 	strbpl	r5, [pc, -r5, ror #8]!
            taskSELECT_HIGHEST_PRIORITY_TASK();
     c1c:	00656b61 	rsbeq	r6, r5, r1, ror #22
     c20:	61745378 	cmnvs	r4, r8, ror r3
        __asm volatile ( "clz %0, %1" : "=r" ( ucReturn ) : "r" ( ulBitmap ) : "memory" );
     c24:	694c6574 	stmdbvs	ip, {r2, r4, r5, r6, r8, sl, sp, lr}^
     c28:	74497473 	strbvc	r7, [r9], #-1139	@ 0xfffffb8d
     c2c:	70006d65 	andvc	r6, r0, r5, ror #26
     c30:	42435478 	submi	r5, r3, #120, 8	@ 0x78000000
     c34:	61547800 	cmpvs	r4, r0, lsl #16
     c38:	65476b73 	strbvs	r6, [r7, #-2931]	@ 0xfffff48d
     c3c:	6972656e 	ldmdbvs	r2!, {r1, r2, r3, r5, r6, r8, sl, sp, lr}^
     c40:	746f4e63 	strbtvc	r4, [pc], #-3683	@ c48 <vTaskSwitchContext+0x48>
     c44:	53796669 	cmnpl	r9, #110100480	@ 0x6900000
     c48:	65746174 	ldrbvs	r6, [r4, #-372]!	@ 0xfffffe8c
     c4c:	61656c43 	cmnvs	r5, r3, asr #24
     c50:	78750072 	ldmdavc	r5!, {r1, r4, r5, r6}^
     c54:	65686353 	strbvs	r6, [r8, #-851]!	@ 0xfffffcad
     c58:	656c7564 	strbvs	r7, [ip, #-1380]!	@ 0xfffffa9c
     c5c:	73755372 	cmnvc	r5, #-939524095	@ 0xc8000001
     c60:	646e6570 	strbtvs	r6, [lr], #-1392	@ 0xfffffa90
     c64:	78006465 	stmdavc	r0, {r0, r2, r5, r6, sl, sp, lr}
     c68:	656c6449 	strbvs	r6, [ip, #-1097]!	@ 0xfffffbb7
            portTASK_SWITCH_HOOK( pxCurrentTCB );
     c6c:	6b736154 	blvs	1cd91c4 <_edata+0x1cd6050>
    }
     c70:	646e6148 	strbtvs	r6, [lr], #-328	@ 0xfffffeb8
     c74:	0073656c 	rsbseq	r6, r3, ip, ror #10
     c78:	6f547870 	svcvs	0x00547870
     c7c:	53664f70 	cmnpl	r6, #112, 30	@ 0x1c0
     c80:	6b636174 	blvs	18d9258 <_edata+0x18d60e4>
     c84:	50767000 	rsbspl	r7, r6, r0
     c88:	4d74726f 	ldclmi	2, cr7, [r4, #-444]!	@ 0xfffffe44
{
     c8c:	6f6c6c61 	svcvs	0x006c6c61
     c90:	50760063 	rsbspl	r0, r6, r3, rrx
     c94:	4574726f 	ldrbmi	r7, [r4, #-623]!	@ 0xfffffd91
    vListInsert( pxEventList, &( pxCurrentTCB->xEventListItem ) );
     c98:	6353646e 	cmpvs	r3, #1845493760	@ 0x6e000000
     c9c:	75646568 	strbvc	r6, [r4, #-1384]!	@ 0xfffffa98
     ca0:	0072656c 	rsbseq	r6, r2, ip, ror #10
    prvAddCurrentTaskToDelayedList( xTicksToWait, pdTRUE );
     ca4:	694c7870 	stmdbvs	ip, {r4, r5, r6, fp, ip, sp, lr}^
     ca8:	75007473 	strvc	r7, [r0, #-1139]	@ 0xfffffb8d
}
     cac:	646e4978 	strbtvs	r4, [lr], #-2424	@ 0xfffff688
     cb0:	6f547865 	svcvs	0x00547865
     cb4:	69746f4e 	ldmdbvs	r4!, {r1, r2, r3, r6, r8, r9, sl, fp, sp, lr}^
{
     cb8:	70007966 	andvc	r7, r0, r6, ror #18
     cbc:	65724378 	ldrbvs	r4, [r2, #-888]!	@ 0xfffffc88
     cc0:	64657461 	strbtvs	r7, [r5], #-1121	@ 0xfffffb9f
    listSET_LIST_ITEM_VALUE( &( pxCurrentTCB->xEventListItem ), xItemValue | taskEVENT_LIST_ITEM_VALUE_IN_USE );
     cc4:	6b736154 	blvs	1cd921c <_edata+0x1cd60a8>
     cc8:	76727000 	ldrbtvc	r7, [r2], -r0
     ccc:	63656843 	cmnvs	r5, #4390912	@ 0x430000
    listINSERT_END( pxEventList, &( pxCurrentTCB->xEventListItem ) );
     cd0:	7361546b 	cmnvc	r1, #1795162112	@ 0x6b000000
     cd4:	6157736b 	cmpvs	r7, fp, ror #6
     cd8:	6e697469 	cdpvs	4, 6, cr7, cr9, cr9, {3}
     cdc:	72655467 	rsbvc	r5, r5, #1728053248	@ 0x67000000
     ce0:	616e696d 	cmnvs	lr, sp, ror #18
     ce4:	6e6f6974 			@ <UNDEFINED> instruction: 0x6e6f6974
     ce8:	4f787000 	svcmi	0x00787000
     cec:	66726576 			@ <UNDEFINED> instruction: 0x66726576
     cf0:	44776f6c 	ldrbtmi	r6, [r7], #-3948	@ 0xfffff094
     cf4:	79616c65 	stmdbvc	r1!, {r0, r2, r5, r6, sl, fp, sp, lr}^
     cf8:	694c6465 	stmdbvs	ip, {r0, r2, r5, r6, sl, sp, lr}^
     cfc:	75007473 	strvc	r7, [r0, #-1139]	@ 0xfffffb8d
     d00:	646e4978 	strbtvs	r4, [lr], #-2424	@ 0xfffff688
     d04:	6f547865 	svcvs	0x00547865
     d08:	74696157 	strbtvc	r6, [r9], #-343	@ 0xfffffea9
     d0c:	2e006e4f 	cdpcs	14, 0, cr6, cr0, cr15, {2}
     d10:	72462f2e 	subvc	r2, r6, #46, 30	@ 0xb8
    prvAddCurrentTaskToDelayedList( xTicksToWait, pdTRUE );
     d14:	54526565 	ldrbpl	r6, [r2], #-1381	@ 0xfffffa9b
     d18:	4b2d534f 	blmi	b55a5c <_edata+0xb528e8>
}
     d1c:	656e7265 	strbvs	r7, [lr, #-613]!	@ 0xfffffd9b
     d20:	696c2f6c 	stmdbvs	ip!, {r2, r3, r5, r6, r8, r9, sl, fp, sp}^
     d24:	632e7473 			@ <UNDEFINED> instruction: 0x632e7473
{
     d28:	49787000 	ldmdbmi	r8!, {ip, sp, lr}^
     d2c:	546d6574 	strbtpl	r6, [sp], #-1396	@ 0xfffffa8c
    pxUnblockedTCB = listGET_OWNER_OF_HEAD_ENTRY( pxEventList );
     d30:	6d65526f 	stclvs	2, cr5, [r5, #-444]!	@ 0xfffffe44
     d34:	0065766f 	rsbeq	r7, r5, pc, ror #12
    listREMOVE_ITEM( &( pxUnblockedTCB->xEventListItem ) );
     d38:	73694c76 	cmnvc	r9, #30208	@ 0x7600
     d3c:	736e4974 	cmnvc	lr, #116, 18	@ 0x1d0000
     d40:	45747265 	ldrbmi	r7, [r4, #-613]!	@ 0xfffffd9b
     d44:	7800646e 	stmdavc	r0, {r1, r2, r3, r5, r6, sl, sp, lr}
     d48:	756c6156 	strbvc	r6, [ip, #-342]!	@ 0xfffffeaa
     d4c:	49664f65 	stmdbmi	r6!, {r0, r2, r5, r6, r8, r9, sl, fp, lr}^
     d50:	7265736e 	rsbvc	r7, r5, #-1207959551	@ 0xb8000001
     d54:	6e6f6974 			@ <UNDEFINED> instruction: 0x6e6f6974
     d58:	49787000 	ldmdbmi	r8!, {ip, sp, lr}^
     d5c:	006d6574 	rsbeq	r6, sp, r4, ror r5
     d60:	74497870 	strbvc	r7, [r9], #-2160	@ 0xfffff790
     d64:	74617265 	strbtvc	r7, [r1], #-613	@ 0xfffffd9b
     d68:	7000726f 	andvc	r7, r0, pc, ror #4
     d6c:	77654e78 			@ <UNDEFINED> instruction: 0x77654e78
     d70:	7473694c 	ldrbtvc	r6, [r3], #-2380	@ 0xfffff6b4
     d74:	6d657449 	stclvs	4, cr7, [r5, #-292]!	@ 0xfffffedc
    if( uxSchedulerSuspended == ( UBaseType_t ) 0U )
     d78:	50787000 	rsbspl	r7, r8, r0
     d7c:	69766572 	ldmdbvs	r6!, {r1, r4, r5, r6, r8, sl, sp, lr}^
        listREMOVE_ITEM( &( pxUnblockedTCB->xStateListItem ) );
     d80:	4273756f 	rsbsmi	r7, r3, #465567744	@ 0x1bc00000
     d84:	6b636f6c 	blvs	18dcb3c <_edata+0x18d99c8>
     d88:	48787000 	ldmdami	r8!, {ip, sp, lr}^
     d8c:	53706165 	cmnpl	r0, #1073741849	@ 0x40000019
     d90:	73746174 	cmnvc	r4, #116, 2
     d94:	694d7800 	stmdbvs	sp, {fp, ip, sp, lr}^
     d98:	756d696e 	strbvc	r6, [sp, #-2414]!	@ 0xfffff692
     d9c:	6576456d 	ldrbvs	r4, [r6, #-1389]!	@ 0xfffffa93
     da0:	65724672 	ldrbvs	r4, [r2, #-1650]!	@ 0xfffff98e
     da4:	74794265 	ldrbtvc	r4, [r9], #-613	@ 0xfffffd9b
     da8:	65527365 	ldrbvs	r7, [r2, #-869]	@ 0xfffffc9b
     dac:	6e69616d 	cdpvs	1, 6, cr6, cr9, cr13, {3}
     db0:	00676e69 	rsbeq	r6, r7, r9, ror #28
     db4:	70616548 	rsbvc	r6, r1, r8, asr #10
     db8:	74617453 	strbtvc	r7, [r1], #-1107	@ 0xfffffbad
        prvAddTaskToReadyList( pxUnblockedTCB );
     dbc:	00745f73 	rsbseq	r5, r4, r3, ror pc
     dc0:	654e7870 	strbvs	r7, [lr, #-2160]	@ 0xfffff790
     dc4:	72467478 	subvc	r7, r6, #120, 8	@ 0x78000000
     dc8:	6c426565 	mcrrvs	5, 6, r6, r2, cr5
     dcc:	006b636f 	rsbeq	r6, fp, pc, ror #6
     dd0:	6c427870 	mcrrvs	8, 7, r7, r2, cr0
     dd4:	006b636f 	rsbeq	r6, fp, pc, ror #6
     dd8:	6e694d78 	mcrvs	13, 3, r4, cr9, cr8, {3}
     ddc:	657a6953 	ldrbvs	r6, [sl, #-2387]!	@ 0xfffff6ad
     de0:	754e7800 	strbvc	r7, [lr, #-2048]	@ 0xfffff800
     de4:	7265626d 	rsbvc	r6, r5, #-805306362	@ 0xd0000006
     de8:	7246664f 	subvc	r6, r6, #82837504	@ 0x4f00000
     dec:	6c426565 	mcrrvs	5, 6, r6, r2, cr5
     df0:	736b636f 	cmnvc	fp, #-1140850687	@ 0xbc000001
     df4:	45787000 	ldrbmi	r7, [r8, #-0]!
     df8:	7000646e 	andvc	r6, r0, lr, ror #8
     dfc:	6e497672 	mcrvs	6, 2, r7, cr9, cr2, {3}
     e00:	74726573 	ldrbtvc	r6, [r2], #-1395	@ 0xfffffa8d
     e04:	636f6c42 	cmnvs	pc, #16896	@ 0x4200
     e08:	746e496b 	strbtvc	r4, [lr], #-2411	@ 0xfffff695
     e0c:	6572466f 	ldrbvs	r4, [r2, #-1647]!	@ 0xfffff991
     e10:	73694c65 	cmnvc	r9, #25856	@ 0x6500
     e14:	50780074 	rsbspl	r0, r8, r4, ror r0
     e18:	5274726f 	rsbspl	r7, r4, #-268435450	@ 0xf0000006
     e1c:	74657365 	strbtvc	r7, [r5], #-869	@ 0xfffffc9b
     e20:	70616548 	rsbvc	r6, r1, r8, asr #10
     e24:	696e694d 	stmdbvs	lr!, {r0, r2, r3, r6, r8, fp, sp, lr}^
     e28:	456d756d 	strbmi	r7, [sp, #-1389]!	@ 0xfffffa93
     e2c:	46726576 			@ <UNDEFINED> instruction: 0x46726576
     e30:	48656572 	stmdami	r5!, {r1, r4, r5, r6, r8, sl, sp, lr}^
     e34:	53706165 	cmnpl	r0, #1073741849	@ 0x40000019
     e38:	00657a69 	rsbeq	r7, r5, r9, ror #20
     e3c:	4c425f41 	mcrrmi	15, 4, r5, r2, cr1
        listINSERT_END( &( xPendingReadyList ), &( pxUnblockedTCB->xEventListItem ) );
     e40:	5f4b434f 	svcpl	0x004b434f
     e44:	4b4e494c 	blmi	139337c <_edata+0x1390208>
     e48:	53787500 	cmnpl	r8, #0, 10
     e4c:	74726174 	ldrbtvc	r6, [r2], #-372	@ 0xfffffe8c
     e50:	72646441 	rsbvc	r6, r4, #1090519040	@ 0x41000000
     e54:	00737365 	rsbseq	r7, r3, r5, ror #6
     e58:	7a695378 	bvc	1a55c40 <_edata+0x1a52acc>
     e5c:	53664f65 	cmnpl	r6, #404	@ 0x194
     e60:	6c6c616d 	stclvs	1, cr6, [ip], #-436	@ 0xfffffe4c
     e64:	46747365 	ldrbtmi	r7, [r4], -r5, ror #6
     e68:	42656572 	rsbmi	r6, r5, #478150656	@ 0x1c800000
     e6c:	6b636f6c 	blvs	18dcc24 <_edata+0x18d9ab0>
     e70:	79426e49 	stmdbvc	r2, {r0, r3, r6, r9, sl, fp, sp, lr}^
     e74:	00736574 	rsbseq	r6, r3, r4, ror r5
        if( pxUnblockedTCB->uxPriority > pxCurrentTCB->uxPriority )
     e78:	61654878 	smcvs	21640	@ 0x5488
     e7c:	72745370 	rsbsvc	r5, r4, #112, 6	@ 0xc0000001
     e80:	53746375 	cmnpl	r4, #-738197503	@ 0xd4000001
     e84:	00657a69 	rsbeq	r7, r5, r9, ror #20
            xReturn = pdTRUE;
     e88:	6c6c4178 	stclvs	1, cr4, [ip], #-480	@ 0xfffffe20
            xYieldPendings[ 0 ] = pdTRUE;
     e8c:	7461636f 	strbtvc	r6, [r1], #-879	@ 0xfffffc91
     e90:	6c426465 	mcrrvs	4, 6, r6, r2, cr5
            xReturn = pdFALSE;
     e94:	536b636f 	cmnpl	fp, #-1140850687	@ 0xbc000001
}
     e98:	00657a69 	rsbeq	r7, r5, r9, ror #20
     e9c:	6e457875 	mcrvs	8, 2, r7, cr5, cr5, {3}
     ea0:	64644164 	strbtvs	r4, [r4], #-356	@ 0xfffffe9c
     ea4:	73736572 	cmnvc	r3, #478150656	@ 0x1c800000
     ea8:	4e787000 	cdpmi	0, 7, cr7, cr8, cr0, {0}
     eac:	6c427765 	mcrrvs	7, 6, r7, r2, cr5
     eb0:	4c6b636f 	stclmi	3, cr6, [fp], #-444	@ 0xfffffe44
     eb4:	006b6e69 	rsbeq	r6, fp, r9, ror #28
     eb8:	726f5078 	rsbvc	r5, pc, #120	@ 0x78
{
     ebc:	74654774 	strbtvc	r4, [r5], #-1908	@ 0xfffff88c
     ec0:	65657246 	strbvs	r7, [r5, #-582]!	@ 0xfffffdba
     ec4:	70616548 	rsbvc	r6, r1, r8, asr #10
    listSET_LIST_ITEM_VALUE( pxEventListItem, xItemValue | taskEVENT_LIST_ITEM_VALUE_IN_USE );
     ec8:	657a6953 	ldrbvs	r6, [sl, #-2387]!	@ 0xfffff6ad
     ecc:	64417800 	strbvs	r7, [r1], #-2048	@ 0xfffff800
    pxUnblockedTCB = listGET_LIST_ITEM_OWNER( pxEventListItem );
     ed0:	69746964 	ldmdbvs	r4!, {r2, r5, r6, r8, fp, sp, lr}^
     ed4:	6c616e6f 	stclvs	14, cr6, [r1], #-444	@ 0xfffffe44
    listREMOVE_ITEM( pxEventListItem );
     ed8:	75716552 	ldrbvc	r6, [r1, #-1362]!	@ 0xfffffaae
     edc:	64657269 	strbtvs	r7, [r5], #-617	@ 0xfffffd97
     ee0:	657a6953 	ldrbvs	r6, [sl, #-2387]!	@ 0xfffff6ad
     ee4:	52767000 	rsbspl	r7, r6, #0
     ee8:	72757465 	rsbsvc	r7, r5, #1694498816	@ 0x65000000
     eec:	5076006e 	rsbspl	r0, r6, lr, rrx
     ef0:	4874726f 	ldmdami	r4!, {r0, r1, r2, r3, r5, r6, r9, ip, sp, lr}^
     ef4:	52706165 	rsbspl	r6, r0, #1073741849	@ 0x40000019
     ef8:	74657365 	strbtvc	r7, [r5], #-869	@ 0xfffffc9b
     efc:	74617453 	strbtvc	r7, [r1], #-1107	@ 0xfffffbad
     f00:	4d780065 	ldclmi	0, cr0, [r8, #-404]!	@ 0xfffffe6c
     f04:	69537861 	ldmdbvs	r3, {r0, r5, r6, fp, ip, sp, lr}^
     f08:	7800657a 	stmdavc	r0, {r1, r3, r4, r5, r6, r8, sl, sp, lr}
     f0c:	74726f50 	ldrbtvc	r6, [r2], #-3920	@ 0xfffff0b0
     f10:	4d746547 	ldclmi	5, cr6, [r4, #-284]!	@ 0xfffffee4
    listREMOVE_ITEM( &( pxUnblockedTCB->xStateListItem ) );
     f14:	6d696e69 	stclvs	14, cr6, [r9, #-420]!	@ 0xfffffe5c
     f18:	76456d75 			@ <UNDEFINED> instruction: 0x76456d75
     f1c:	72467265 	subvc	r7, r6, #1342177286	@ 0x50000006
     f20:	65486565 	strbvs	r6, [r8, #-1381]	@ 0xfffffa9b
     f24:	69537061 	ldmdbvs	r3, {r0, r5, r6, ip, sp, lr}^
     f28:	4200657a 	andmi	r6, r0, #511705088	@ 0x1e800000
     f2c:	6b636f6c 	blvs	18dcce4 <_edata+0x18d9b70>
     f30:	6b6e694c 	blvs	1b9b468 <_edata+0x1b982f4>
     f34:	7800745f 	stmdavc	r0, {r0, r1, r2, r3, r4, r6, sl, ip, sp, lr}
     f38:	626d754e 	rsbvs	r7, sp, #327155712	@ 0x13800000
     f3c:	664f7265 	strbvs	r7, [pc], -r5, ror #4
     f40:	63637553 	cmnvs	r3, #348127232	@ 0x14c00000
     f44:	66737365 	ldrbtvs	r7, [r3], -r5, ror #6
     f48:	6c416c75 	mcrrvs	12, 7, r6, r1, cr5
     f4c:	61636f6c 	cmnvs	r3, ip, ror #30
    prvAddTaskToReadyList( pxUnblockedTCB );
     f50:	6e6f6974 			@ <UNDEFINED> instruction: 0x6e6f6974
     f54:	41780073 	cmnmi	r8, r3, ror r0
     f58:	6c696176 	stclvs	1, cr6, [r9], #-472	@ 0xfffffe28
     f5c:	656c6261 	strbvs	r6, [ip, #-609]!	@ 0xfffffd9f
     f60:	70616548 	rsbvc	r6, r1, r8, asr #10
     f64:	63617053 	cmnvs	r1, #83	@ 0x53
     f68:	426e4965 	rsbmi	r4, lr, #1654784	@ 0x194000
     f6c:	73657479 	cmnvc	r5, #2030043136	@ 0x79000000
     f70:	50767000 	rsbspl	r7, r6, r0
     f74:	4374726f 	cmnmi	r4, #-268435450	@ 0xf0000006
     f78:	6f6c6c61 	svcvs	0x006c6c61
     f7c:	2e2e0063 	cdpcs	0, 2, cr0, cr14, cr3, {3}
     f80:	6572462f 	ldrbvs	r4, [r2, #-1583]!	@ 0xfffff9d1
     f84:	4f545265 	svcmi	0x00545265
     f88:	654b2d53 	strbvs	r2, [fp, #-3411]	@ 0xfffff2ad
     f8c:	6c656e72 	stclvs	14, cr6, [r5], #-456	@ 0xfffffe38
     f90:	726f702f 	rsbvc	r7, pc, #47	@ 0x2f
     f94:	6c626174 	stclvs	1, cr6, [r2], #-464	@ 0xfffffe30
     f98:	654d2f65 	strbvs	r2, [sp, #-3941]	@ 0xfffff09b
     f9c:	6e614d6d 	cdpvs	13, 6, cr4, cr1, cr13, {3}
     fa0:	65682f67 	strbvs	r2, [r8, #-3943]!	@ 0xfffff099
     fa4:	345f7061 	ldrbcc	r7, [pc], #-97	@ fac <vTaskRemoveFromUnorderedEventList+0xf0>
     fa8:	7800632e 	stmdavc	r0, {r1, r2, r3, r5, r8, r9, sp, lr}
     fac:	65657246 	strbvs	r7, [r5, #-582]!	@ 0xfffffdba
     fb0:	65747942 	ldrbvs	r7, [r4, #-2370]!	@ 0xfffff6be
     fb4:	6d655273 	stclvs	2, cr5, [r5, #-460]!	@ 0xfffffe34
     fb8:	696e6961 	stmdbvs	lr!, {r0, r5, r6, r8, fp, sp, lr}^
     fbc:	7800676e 	stmdavc	r0, {r1, r2, r3, r5, r6, r8, r9, sl, sp, lr}
     fc0:	657a6953 	ldrbvs	r6, [sl, #-2387]!	@ 0xfffff6ad
     fc4:	614c664f 	cmpvs	ip, pc, asr #12
     fc8:	73656772 	cmnvc	r5, #29884416	@ 0x1c80000
     fcc:	65724674 	ldrbvs	r4, [r2, #-1652]!	@ 0xfffff98c
     fd0:	6f6c4265 	svcvs	0x006c4265
        if( pxUnblockedTCB->uxPriority > pxCurrentTCB->uxPriority )
     fd4:	6e496b63 	vmlsvs.f64	d22, d9, d19
     fd8:	65747942 	ldrbvs	r7, [r4, #-2370]!	@ 0xfffff6be
     fdc:	72700073 	rsbsvc	r0, r0, #115	@ 0x73
            xYieldPendings[ 0 ] = pdTRUE;
     fe0:	61654876 	smcvs	21638	@ 0x5486
     fe4:	696e4970 	stmdbvs	lr!, {r4, r5, r6, r8, fp, lr}^
}
     fe8:	78700074 	ldmdavc	r0!, {r2, r4, r5, r6}^
     fec:	636f6c42 	cmnvs	pc, #16896	@ 0x4200
     ff0:	496f546b 	stmdbmi	pc!, {r0, r1, r3, r5, r6, sl, ip, lr}^	@ <UNPREDICTABLE>
     ff4:	7265736e 	rsbvc	r7, r5, #-1207959551	@ 0xb8000001
     ff8:	54780074 	ldrbtpl	r0, [r8], #-116	@ 0xffffff8c
     ffc:	6c61746f 	stclvs	4, cr7, [r1], #-444	@ 0xfffffe44
{
    1000:	70616548 	rsbvc	r6, r1, r8, asr #10
    1004:	657a6953 	ldrbvs	r6, [sl, #-2387]!	@ 0xfffff6ad
    taskENTER_CRITICAL();
    1008:	754e7800 	strbvc	r7, [lr, #-2048]	@ 0xfffff800
        pxTimeOut->xOverflowCount = xNumOfOverflows;
    100c:	7265626d 	rsbvc	r6, r5, #-805306362	@ 0xd0000006
    1010:	7553664f 	ldrbvc	r6, [r3, #-1615]	@ 0xfffff9b1
        pxTimeOut->xTimeOnEntering = xTickCount;
    1014:	73656363 	cmnvc	r5, #-1946157055	@ 0x8c000001
    1018:	6c756673 	ldclvs	6, cr6, [r5], #-460	@ 0xfffffe34
    taskEXIT_CRITICAL();
    101c:	65657246 	strbvs	r7, [r5, #-582]!	@ 0xfffffdba
}
    1020:	42780073 	rsbsmi	r0, r8, #115	@ 0x73
    1024:	6b636f6c 	blvs	18dcddc <_edata+0x18d9c68>
    1028:	657a6953 	ldrbvs	r6, [sl, #-2387]!	@ 0xfffff6ad
    102c:	74537800 	ldrbvc	r7, [r3], #-2048	@ 0xfffff800
{
    1030:	00747261 	rsbseq	r7, r4, r1, ror #4
    1034:	6f6c4278 	svcvs	0x006c4278
    pxTimeOut->xOverflowCount = xNumOfOverflows;
    1038:	00736b63 	rsbseq	r6, r3, r3, ror #22
    103c:	6d754e78 	ldclvs	14, cr4, [r5, #-480]!	@ 0xfffffe20
    pxTimeOut->xTimeOnEntering = xTickCount;
    1040:	46787000 	ldrbtmi	r7, [r8], -r0
    1044:	74737269 	ldrbtvc	r7, [r3], #-617	@ 0xfffffd97
}
    1048:	65657246 	strbvs	r7, [r5, #-582]!	@ 0xfffffdba
    104c:	636f6c42 	cmnvs	pc, #16896	@ 0x4200
    1050:	5778006b 	ldrbpl	r0, [r8, -fp, rrx]!
    1054:	65746e61 	ldrbvs	r6, [r4, #-3681]!	@ 0xfffff19f
    1058:	7a695364 	bvc	1a55df0 <_edata+0x1a52c7c>
{
    105c:	50760065 	rsbspl	r0, r6, r5, rrx
    1060:	4974726f 	ldmdbmi	r4!, {r0, r1, r2, r3, r5, r6, r9, ip, sp, lr}^
    1064:	6974696e 	ldmdbvs	r4!, {r1, r2, r3, r5, r6, r8, fp, sp, lr}^
    taskENTER_CRITICAL();
    1068:	73696c61 	cmnvc	r9, #24832	@ 0x6100
        const TickType_t xConstTickCount = xTickCount;
    106c:	6f6c4265 	svcvs	0x006c4265
        const TickType_t xElapsedTime = xConstTickCount - pxTimeOut->xTimeOnEntering;
    1070:	00736b63 	rsbseq	r6, r3, r3, ror #22
    1074:	726f5076 	rsbvc	r5, pc, #118	@ 0x76
    1078:	74654774 	strbtvc	r4, [r5], #-1908	@ 0xfffff88c
        if( ( xNumOfOverflows != pxTimeOut->xOverflowCount ) && ( xConstTickCount >= pxTimeOut->xTimeOnEntering ) )
    107c:	70616548 	rsbvc	r6, r1, r8, asr #10
    1080:	74617453 	strbtvc	r7, [r1], #-1107	@ 0xfffffbad
    1084:	78700073 	ldmdavc	r0!, {r0, r1, r4, r5, r6}^
    1088:	6b6e694c 	blvs	1b9b5c0 <_edata+0x1b9844c>
    108c:	48637500 	stmdami	r3!, {r8, sl, ip, sp, lr}^
            xReturn = pdTRUE;
    1090:	00706165 	rsbseq	r6, r0, r5, ror #2
            *pxTicksToWait = ( TickType_t ) 0;
    1094:	6f437870 	svcvs	0x00437870
    1098:	78006564 	stmdavc	r0, {r2, r5, r6, r8, sl, sp, lr}
        else if( xElapsedTime < *pxTicksToWait )
    109c:	74726f50 	ldrbtvc	r6, [r2], #-3920	@ 0xfffff0b0
    10a0:	646e6550 	strbtvs	r6, [lr], #-1360	@ 0xfffffab0
    10a4:	61485653 	cmpvs	r8, r3, asr r6
            *pxTicksToWait -= xElapsedTime;
    10a8:	656c646e 	strbvs	r6, [ip, #-1134]!	@ 0xfffffb92
    10ac:	72700072 	rsbsvc	r0, r0, #114	@ 0x72
    10b0:	73615476 	cmnvc	r1, #1979711488	@ 0x76000000
            vTaskInternalSetTimeOutState( pxTimeOut );
    10b4:	6978456b 	ldmdbvs	r8!, {r0, r1, r3, r5, r6, r8, sl, lr}^
            xReturn = pdFALSE;
    10b8:	72724574 	rsbsvc	r4, r2, #116, 10	@ 0x1d000000
    10bc:	7500726f 	strvc	r7, [r0, #-623]	@ 0xfffffd91
            *pxTicksToWait = ( TickType_t ) 0;
    10c0:	6d75446c 	ldclvs	4, cr4, [r5, #-432]!	@ 0xfffffe50
            xReturn = pdTRUE;
    10c4:	7800796d 	stmdavc	r0, {r0, r2, r3, r5, r6, r8, fp, ip, sp, lr}
    taskEXIT_CRITICAL();
    10c8:	74726f50 	ldrbtvc	r6, [r2], #-3920	@ 0xfffff0b0
    return xReturn;
    10cc:	54737953 	ldrbtpl	r7, [r3], #-2387	@ 0xfffff6ad
}
    10d0:	486b6369 	stmdami	fp!, {r0, r3, r5, r6, r8, r9, sp, lr}^
    10d4:	6c646e61 	stclvs	14, cr6, [r4], #-388	@ 0xfffffe7c
    10d8:	75007265 	strvc	r7, [r0, #-613]	@ 0xfffffd9b
    10dc:	69724378 	ldmdbvs	r2!, {r3, r4, r5, r6, r8, r9, lr}^
{
    10e0:	61636974 	smcvs	13972	@ 0x3694
    xYieldPendings[ portGET_CORE_ID() ] = pdTRUE;
    10e4:	73654e6c 	cmnvc	r5, #108, 28	@ 0x6c0
    10e8:	676e6974 			@ <UNDEFINED> instruction: 0x676e6974
}
    10ec:	6f507600 	svcvs	0x00507600
    10f0:	65537472 	ldrbvs	r7, [r3, #-1138]	@ 0xfffffb8e
    10f4:	54707574 	ldrbtpl	r7, [r0], #-1396	@ 0xfffffa8c
{
    10f8:	72656d69 	rsbvc	r6, r5, #6720	@ 0x1a40
    10fc:	65746e49 	ldrbvs	r6, [r4, #-3657]!	@ 0xfffff1b7
        prvCheckTasksWaitingTermination();
    1100:	70757272 	rsbsvc	r7, r5, r2, ror r2
            if( listCURRENT_LIST_LENGTH( &( pxReadyTasksLists[ tskIDLE_PRIORITY ] ) ) > ( UBaseType_t ) configNUMBER_OF_CORES )
    1104:	2e2e0074 	mcrcs	0, 1, r0, cr14, cr4, {3}
    1108:	6572462f 	ldrbvs	r4, [r2, #-1583]!	@ 0xfffff9d1
                taskYIELD();
    110c:	4f545265 	svcmi	0x00545265
    1110:	654b2d53 	strbvs	r2, [fp, #-3411]	@ 0xfffff2ad
    1114:	6c656e72 	stclvs	14, cr6, [r5], #-456	@ 0xfffffe38
    1118:	726f702f 	rsbvc	r7, pc, #47	@ 0x2f
        prvCheckTasksWaitingTermination();
    111c:	6c626174 	stclvs	1, cr6, [r2], #-464	@ 0xfffffe30
    1120:	43472f65 	movtmi	r2, #32613	@ 0x7f65
    1124:	52412f43 	subpl	r2, r1, #268	@ 0x10c
{
    1128:	4d435f4d 	stclmi	15, cr5, [r3, #-308]	@ 0xfffffecc
    112c:	6f702f33 	svcvs	0x00702f33
    for( uxPriority = ( UBaseType_t ) 0U; uxPriority < ( UBaseType_t ) configMAX_PRIORITIES; uxPriority++ )
    1130:	632e7472 			@ <UNDEFINED> instruction: 0x632e7472
        vListInitialise( &( pxReadyTasksLists[ uxPriority ] ) );
    1134:	56787000 	ldrbtpl	r7, [r8], -r0
    1138:	6f746365 	svcvs	0x00746365
    113c:	62615472 	rsbvs	r5, r1, #1912602624	@ 0x72000000
    1140:	7000656c 	andvc	r6, r0, ip, ror #10
    1144:	4974726f 	ldmdbmi	r4!, {r0, r1, r2, r3, r5, r6, r9, ip, sp, lr}^
    for( uxPriority = ( UBaseType_t ) 0U; uxPriority < ( UBaseType_t ) configMAX_PRIORITIES; uxPriority++ )
    1148:	745f5253 	ldrbvc	r5, [pc], #-595	@ 1150 <prvInitialiseTaskLists+0x28>
    114c:	6f507600 	svcvs	0x00507600
    1150:	56537472 			@ <UNDEFINED> instruction: 0x56537472
    vListInitialise( &xDelayedTaskList1 );
    1154:	6e614843 	cdpvs	8, 6, cr4, cr1, cr3, {2}
    1158:	72656c64 	rsbvc	r6, r5, #100, 24	@ 0x6400
    vListInitialise( &xDelayedTaskList2 );
    115c:	76727000 	ldrbtvc	r7, [r2], -r0
    vListInitialise( &xPendingReadyList );
    1160:	74726f50 	ldrbtvc	r6, [r2], #-3920	@ 0xfffff0b0
    1164:	72617453 	rsbvc	r7, r1, #1392508928	@ 0x53000000
    pxDelayedTaskList = &xDelayedTaskList1;
    1168:	72694674 	rsbvc	r4, r9, #116, 12	@ 0x7400000
    pxOverflowDelayedTaskList = &xDelayedTaskList2;
    116c:	61547473 	cmpvs	r4, r3, ror r4
    1170:	53006b73 	movwpl	r6, #2931	@ 0xb73
}
    1174:	70616d65 	rsbvc	r6, r1, r5, ror #26
    1178:	65726f68 	ldrbvs	r6, [r2, #-3944]!	@ 0xfffff098
    117c:	61746144 	cmnvs	r4, r4, asr #2
    1180:	6d655300 	stclvs	3, cr5, [r5, #-0]
    1184:	6f687061 	svcvs	0x00687061
    1188:	61446572 	hvcvs	18002	@ 0x4652
    118c:	745f6174 	ldrbvc	r6, [pc], #-372	@ 1194 <prvCheckTasksWaitingTermination>
    1190:	75517800 	ldrbvc	r7, [r1, #-2048]	@ 0xfffff800
{
    1194:	52657565 	rsbpl	r7, r5, #423624704	@ 0x19400000
}
    1198:	69656365 	stmdbvs	r5!, {r0, r2, r5, r6, r8, r9, sp, lr}^
    119c:	72466576 	subvc	r6, r6, #494927872	@ 0x1d800000
{
    11a0:	53496d6f 	movtpl	r6, #40303	@ 0x9d6f
    if( listLIST_IS_EMPTY( pxDelayedTaskList ) != pdFALSE )
    11a4:	54780052 	ldrbtpl	r0, [r8], #-82	@ 0xffffffae
    11a8:	736b7361 	cmnvc	fp, #-2080374783	@ 0x84000001
    11ac:	74696157 	strbtvc	r6, [r9], #-343	@ 0xfffffea9
        xNextTaskUnblockTime = portMAX_DELAY;
    11b0:	54676e69 	strbtpl	r6, [r7], #-3689	@ 0xfffff197
    11b4:	6365526f 	cmnvs	r5, #-268435450	@ 0xf0000006
        xNextTaskUnblockTime = listGET_ITEM_VALUE_OF_HEAD_ENTRY( pxDelayedTaskList );
    11b8:	65766965 	ldrbvs	r6, [r6, #-2405]!	@ 0xfffff69b
    11bc:	2f2e2e00 	svccs	0x002e2e00
    11c0:	65657246 	strbvs	r7, [r5, #-582]!	@ 0xfffffdba
}
    11c4:	534f5452 	movtpl	r5, #62546	@ 0xf452
    11c8:	72654b2d 	rsbvc	r4, r5, #46080	@ 0xb400
    11cc:	2f6c656e 	svccs	0x006c656e
    11d0:	75657571 	strbvc	r7, [r5, #-1393]!	@ 0xfffffa8f
        {
    11d4:	00632e65 	rsbeq	r2, r3, r5, ror #28
    11d8:	65755176 	ldrbvs	r5, [r5, #-374]!	@ 0xfffffe8a
            xReturn = pxCurrentTCB;
    11dc:	65446575 	strbvs	r6, [r4, #-1397]	@ 0xfffffa8b
            return xReturn;
    11e0:	6574656c 	ldrbvs	r6, [r4, #-1388]!	@ 0xfffffa94
        }
    11e4:	75517800 	ldrbvc	r7, [r1, #-2048]	@ 0xfffff800
    11e8:	47657565 	strbmi	r7, [r5, -r5, ror #10]!
    11ec:	72656e65 	rsbvc	r6, r5, #1616	@ 0x650
    {
    11f0:	65536369 	ldrbvs	r6, [r3, #-873]	@ 0xfffffc97
    11f4:	7246646e 	subvc	r6, r6, #1845493760	@ 0x6e000000
        TaskHandle_t xReturn = NULL;
    11f8:	53496d6f 	movtpl	r6, #40303	@ 0x9d6f
        if( taskVALID_CORE_ID( xCoreID ) != pdFALSE )
    11fc:	54780052 	ldrbtpl	r0, [r8], #-82	@ 0xffffffae
    1200:	736b7361 	cmnvc	fp, #-2080374783	@ 0x84000001
    1204:	74696157 	strbtvc	r6, [r9], #-343	@ 0xfffffea9
                xReturn = pxCurrentTCB;
    1208:	54676e69 	strbtpl	r6, [r7], #-3689	@ 0xfffff197
    120c:	6e65536f 	cdpvs	3, 6, cr5, cr5, cr15, {3}
    }
    1210:	78750064 	ldmdavc	r5!, {r2, r5, r6}^
    1214:	75657551 	strbvc	r7, [r5, #-1361]!	@ 0xfffffaaf
    1218:	61705365 	cmnvs	r0, r5, ror #6
    121c:	41736563 	cmnmi	r3, r3, ror #10
{
    1220:	6c696176 	stclvs	1, cr6, [r9], #-472	@ 0xfffffe28
    1224:	656c6261 	strbvs	r6, [ip, #-609]!	@ 0xfffffd9f
    uxReturn = listGET_LIST_ITEM_VALUE( &( pxCurrentTCB->xEventListItem ) );
    1228:	78546300 	ldmdavc	r4, {r8, r9, sp, lr}^
    122c:	6b636f4c 	blvs	18dcf64 <_edata+0x18d9df0>
    listSET_LIST_ITEM_VALUE( &( pxCurrentTCB->xEventListItem ), ( ( TickType_t ) configMAX_PRIORITIES - ( TickType_t ) pxCurrentTCB->uxPriority ) );
    1230:	65755100 	ldrbvs	r5, [r5, #-256]!	@ 0xffffff00
    1234:	745f6575 	ldrbvc	r6, [pc], #-1397	@ 123c <uxTaskResetEventItemValue+0x1c>
    1238:	6f437800 	svcvs	0x00437800
    123c:	6f507970 	svcvs	0x00507970
}
    1240:	69746973 	ldmdbvs	r4!, {r0, r1, r4, r5, r6, r8, fp, sp, lr}^
    1244:	70006e6f 	andvc	r6, r0, pc, ror #28
    1248:	61655263 	cmnvs	r5, r3, ror #4
    124c:	6f724664 	svcvs	0x00724664
    {
    1250:	7270006d 	rsbsvc	r0, r0, #109	@ 0x6d
    1254:	696e4976 	stmdbvs	lr!, {r1, r2, r4, r5, r6, r8, fp, lr}^
    1258:	6c616974 			@ <UNDEFINED> instruction: 0x6c616974
        BaseType_t xAlreadyYielded, xShouldBlock = pdFALSE;
    125c:	4e657369 	cdpmi	3, 6, cr7, cr5, cr9, {3}
        if( ( pxCurrentTCB->ulNotifiedValue[ uxIndexToWaitOn ] == 0U ) && ( xTicksToWait > ( TickType_t ) 0 ) )
    1260:	75517765 	ldrbvc	r7, [r1, #-1893]	@ 0xfffff89b
    1264:	00657565 	rsbeq	r7, r5, r5, ror #10
    1268:	65695978 	strbvs	r5, [r9, #-2424]!	@ 0xfffff688
    126c:	6552646c 	ldrbvs	r6, [r2, #-1132]	@ 0xfffffb94
    1270:	72697571 	rsbvc	r7, r9, #473956352	@ 0x1c400000
    1274:	70006465 	andvc	r6, r0, r5, ror #8
            vTaskSuspendAll();
    1278:	77654e78 			@ <UNDEFINED> instruction: 0x77654e78
                taskENTER_CRITICAL();
    127c:	75657551 	strbvc	r7, [r5, #-1361]!	@ 0xfffffaaf
                    if( pxCurrentTCB->ulNotifiedValue[ uxIndexToWaitOn ] == 0U )
    1280:	72700065 	rsbsvc	r0, r0, #101	@ 0x65
    1284:	51734976 	cmnpl	r3, r6, ror r9
    1288:	65756575 	ldrbvs	r6, [r5, #-1397]!	@ 0xfffffa8b
    128c:	74706d45 	ldrbtvc	r6, [r0], #-3397	@ 0xfffff2bb
    1290:	76700079 			@ <UNDEFINED> instruction: 0x76700079
                        pxCurrentTCB->ucNotifyState[ uxIndexToWaitOn ] = taskWAITING_NOTIFICATION;
    1294:	66667542 	strbtvs	r7, [r6], -r2, asr #10
    1298:	75007265 	strvc	r7, [r0, #-613]	@ 0xfffffd9b
    129c:	73654d78 	cmnvc	r5, #120, 26	@ 0x1e00
                        xShouldBlock = pdTRUE;
    12a0:	65676173 	strbvs	r6, [r7, #-371]!	@ 0xfffffe8d
                taskEXIT_CRITICAL();
    12a4:	69615773 	stmdbvs	r1!, {r0, r1, r4, r5, r6, r8, r9, sl, ip, lr}^
                if( xShouldBlock == pdTRUE )
    12a8:	676e6974 			@ <UNDEFINED> instruction: 0x676e6974
    12ac:	65537800 	ldrbvs	r7, [r3, #-2048]	@ 0xfffff800
                    prvAddCurrentTaskToDelayedList( xTicksToWait, pdTRUE );
    12b0:	6870616d 	ldmdavs	r0!, {r0, r2, r3, r5, r6, r8, sp, lr}^
    12b4:	0065726f 	rsbeq	r7, r5, pc, ror #4
            xAlreadyYielded = xTaskResumeAll();
    12b8:	65755178 	ldrbvs	r5, [r5, #-376]!	@ 0xfffffe88
            if( ( xShouldBlock == pdTRUE ) && ( xAlreadyYielded == pdFALSE ) )
    12bc:	65506575 	ldrbvs	r6, [r0, #-1397]	@ 0xfffffa8b
    12c0:	78006b65 	stmdavc	r0, {r0, r2, r5, r6, r8, r9, fp, sp, lr}
    12c4:	72746e45 	rsbsvc	r6, r4, #1104	@ 0x450
                taskYIELD_WITHIN_API();
    12c8:	6d695479 	stclvs	4, cr5, [r9, #-484]!	@ 0xfffffe1c
    12cc:	74655365 	strbtvc	r5, [r5], #-869	@ 0xfffffc9b
    12d0:	75517800 	ldrbvc	r7, [r1, #-2048]	@ 0xfffff800
    12d4:	53657565 	cmnpl	r5, #423624704	@ 0x19400000
        taskENTER_CRITICAL();
    12d8:	70616d65 	rsbvc	r6, r1, r5, ror #26
            ulReturn = pxCurrentTCB->ulNotifiedValue[ uxIndexToWaitOn ];
    12dc:	65726f68 	ldrbvs	r6, [r2, #-3944]!	@ 0xfffff098
    12e0:	656b6154 	strbvs	r6, [fp, #-340]!	@ 0xfffffeac
    12e4:	76727000 	ldrbtvc	r7, [r2], -r0
    12e8:	79706f43 	ldmdbvc	r0!, {r0, r1, r6, r8, r9, sl, fp, sp, lr}^
            if( ulReturn != 0U )
    12ec:	61746144 	cmnvs	r4, r4, asr #2
    12f0:	75516f54 	ldrbvc	r6, [r1, #-3924]	@ 0xfffff0ac
                if( xClearCountOnExit != pdFALSE )
    12f4:	00657565 	rsbeq	r7, r5, r5, ror #10
                    pxCurrentTCB->ulNotifiedValue[ uxIndexToWaitOn ] = ( uint32_t ) 0U;
    12f8:	74497875 	strbvc	r7, [r9], #-2165	@ 0xfffff78b
    12fc:	69536d65 	ldmdbvs	r3, {r0, r2, r5, r6, r8, sl, fp, sp, lr}^
    1300:	7500657a 	strvc	r6, [r0, #-1402]	@ 0xfffffa86
    1304:	65725078 	ldrbvs	r5, [r2, #-120]!	@ 0xffffff88
    1308:	756f6976 	strbvc	r6, [pc, #-2422]!	@ 99a <pcTaskGetName+0xa>
                    pxCurrentTCB->ulNotifiedValue[ uxIndexToWaitOn ] = ulReturn - ( uint32_t ) 1;
    130c:	73654d73 	cmnvc	r5, #7360	@ 0x1cc0
    1310:	65676173 	strbvs	r6, [r7, #-371]!	@ 0xfffffe8d
    1314:	69615773 	stmdbvs	r1!, {r0, r1, r4, r5, r6, r8, r9, sl, ip, lr}^
    1318:	676e6974 			@ <UNDEFINED> instruction: 0x676e6974
            pxCurrentTCB->ucNotifyState[ uxIndexToWaitOn ] = taskNOT_WAITING_NOTIFICATION;
    131c:	76727000 	ldrbtvc	r7, [r2], -r0
    1320:	75517349 	ldrbvc	r7, [r1, #-841]	@ 0xfffffcb7
    1324:	46657565 	strbtmi	r7, [r5], -r5, ror #10
    1328:	006c6c75 	rsbeq	r6, ip, r5, ror ip
        taskEXIT_CRITICAL();
    132c:	75657551 	strbvc	r7, [r5, #-1361]!	@ 0xfffffaaf
    }
    1330:	696f5065 	stmdbvs	pc!, {r0, r2, r5, r6, ip, lr}^	@ <UNPREDICTABLE>
    1334:	7265746e 	rsbvc	r7, r5, #1845493760	@ 0x6e000000
    1338:	51780073 	cmnpl	r8, r3, ror r0
    133c:	65756575 	ldrbvs	r6, [r5, #-1397]!	@ 0xfffffa8b
    {
    1340:	65766947 	ldrbvs	r6, [r6, #-2375]!	@ 0xfffff6b9
    1344:	6d6f7246 	stclvs	2, cr7, [pc, #-280]!	@ 1234 <uxTaskResetEventItemValue+0x14>
    1348:	00525349 	subseq	r5, r2, r9, asr #6
    134c:	75517875 	ldrbvc	r7, [r1, #-2165]	@ 0xfffff78b
        BaseType_t xReturn, xAlreadyYielded, xShouldBlock = pdFALSE;
    1350:	4d657565 	stclmi	5, cr7, [r5, #-404]!	@ 0xfffffe6c
        if( ( pxCurrentTCB->ucNotifyState[ uxIndexToWaitOn ] != taskNOTIFICATION_RECEIVED ) && ( xTicksToWait > ( TickType_t ) 0 ) )
    1354:	61737365 	cmnvs	r3, r5, ror #6
    1358:	57736567 	ldrbpl	r6, [r3, -r7, ror #10]!
    135c:	69746961 	ldmdbvs	r4!, {r0, r5, r6, r8, fp, sp, lr}^
    1360:	7246676e 	subvc	r6, r6, #28835840	@ 0x1b80000
    1364:	53496d6f 	movtpl	r6, #40303	@ 0x9d6f
    1368:	78750052 	ldmdavc	r5!, {r1, r4, r6}^
            vTaskSuspendAll();
    136c:	75657551 	strbvc	r7, [r5, #-1361]!	@ 0xfffffaaf
                taskENTER_CRITICAL();
    1370:	74654765 	strbtvc	r4, [r5], #-1893	@ 0xfffff89b
                    if( pxCurrentTCB->ucNotifyState[ uxIndexToWaitOn ] != taskNOTIFICATION_RECEIVED )
    1374:	75657551 	strbvc	r7, [r5, #-1361]!	@ 0xfffffaaf
    1378:	6e654c65 	cdpvs	12, 6, cr4, cr5, cr5, {3}
    137c:	00687467 	rsbeq	r7, r8, r7, ror #8
    1380:	51637570 	smcpl	14160	@ 0x3750
                        pxCurrentTCB->ulNotifiedValue[ uxIndexToWaitOn ] &= ~ulBitsToClearOnEntry;
    1384:	65756575 	ldrbvs	r6, [r5, #-1397]!	@ 0xfffffa8b
    1388:	726f7453 	rsbvc	r7, pc, #1392508928	@ 0x53000000
    138c:	00656761 	rsbeq	r6, r5, r1, ror #14
    1390:	724f6370 	subvc	r6, pc, #112, 6	@ 0xc0000001
    1394:	6e696769 	cdpvs	7, 6, cr6, cr9, cr9, {3}
    1398:	65526c61 	ldrbvs	r6, [r2, #-3169]	@ 0xfffff39f
    139c:	6f506461 	svcvs	0x00506461
    13a0:	69746973 	ldmdbvs	r4!, {r0, r1, r4, r5, r6, r8, fp, sp, lr}^
                        pxCurrentTCB->ucNotifyState[ uxIndexToWaitOn ] = taskWAITING_NOTIFICATION;
    13a4:	75006e6f 	strvc	r6, [r0, #-3695]	@ 0xfffff191
    13a8:	65755163 	ldrbvs	r5, [r5, #-355]!	@ 0xfffffe9d
    13ac:	79546575 	ldmdbvc	r4, {r0, r2, r4, r5, r6, r8, sl, sp, lr}^
                        xShouldBlock = pdTRUE;
    13b0:	75006570 	strvc	r6, [r0, #-1392]	@ 0xfffffa90
                taskEXIT_CRITICAL();
    13b4:	6d655378 	stclvs	3, cr5, [r5, #-480]!	@ 0xfffffe20
                if( xShouldBlock == pdTRUE )
    13b8:	6f687061 	svcvs	0x00687061
    13bc:	6f436572 	svcvs	0x00436572
                    prvAddCurrentTaskToDelayedList( xTicksToWait, pdTRUE );
    13c0:	00746e75 	rsbseq	r6, r4, r5, ror lr
    13c4:	72576370 	subsvc	r6, r7, #112, 6	@ 0xc0000001
            xAlreadyYielded = xTaskResumeAll();
    13c8:	54657469 	strbtpl	r7, [r5], #-1129	@ 0xfffffb97
            if( ( xShouldBlock == pdTRUE ) && ( xAlreadyYielded == pdFALSE ) )
    13cc:	5f5f006f 	svcpl	0x005f006f
    13d0:	38746e69 	ldmdacc	r4!, {r0, r3, r5, r6, r9, sl, fp, sp, lr}^
    13d4:	7500745f 	strvc	r7, [r0, #-1119]	@ 0xfffffba1
                taskYIELD_WITHIN_API();
    13d8:	65755178 	ldrbvs	r5, [r5, #-376]!	@ 0xfffffe88
    13dc:	654c6575 	strbvs	r6, [ip, #-1397]	@ 0xfffffa8b
    13e0:	6874676e 	ldmdavs	r4!, {r1, r2, r3, r5, r6, r8, r9, sl, sp, lr}^
    13e4:	4e787500 	cdpmi	5, 7, cr7, cr8, cr0, {0}
        taskENTER_CRITICAL();
    13e8:	65626d75 	strbvs	r6, [r2, #-3445]!	@ 0xfffff28b
            if( pulNotificationValue != NULL )
    13ec:	54664f72 	strbtpl	r4, [r6], #-3954	@ 0xfffff08e
    13f0:	736b7361 	cmnvc	fp, #-2080374783	@ 0x84000001
                *pulNotificationValue = pxCurrentTCB->ulNotifiedValue[ uxIndexToWaitOn ];
    13f4:	65755100 	ldrbvs	r5, [r5, #-256]!	@ 0xffffff00
    13f8:	6f506575 	svcvs	0x00506575
    13fc:	65746e69 	ldrbvs	r6, [r4, #-3689]!	@ 0xfffff197
    1400:	745f7372 	ldrbvc	r7, [pc], #-882	@ 1408 <xTaskGenericNotifyWait+0xc8>
            if( pxCurrentTCB->ucNotifyState[ uxIndexToWaitOn ] != taskNOTIFICATION_RECEIVED )
    1404:	4c787500 	ldclmi	5, cr7, [r8], #-0
    1408:	74676e65 	strbtvc	r6, [r7], #-3685	@ 0xfffff19b
    140c:	51780068 	cmnpl	r8, r8, rrx
    1410:	65756575 	ldrbvs	r6, [r5, #-1397]!	@ 0xfffffa8b
    1414:	657a6953 	ldrbvs	r6, [sl, #-2387]!	@ 0xfffff6ad
                xReturn = pdFALSE;
    1418:	79426e49 	stmdbvc	r2, {r0, r3, r6, r9, sl, fp, sp, lr}^
                pxCurrentTCB->ulNotifiedValue[ uxIndexToWaitOn ] &= ~ulBitsToClearOnExit;
    141c:	00736574 	rsbseq	r6, r3, r4, ror r5
    1420:	75517875 	ldrbvc	r7, [r1, #-2165]	@ 0xfffff78b
    1424:	47657565 	strbmi	r7, [r5, -r5, ror #10]!
    1428:	75517465 	ldrbvc	r7, [r1, #-1125]	@ 0xfffffb9b
    142c:	49657565 	stmdbmi	r5!, {r0, r2, r5, r6, r8, sl, ip, sp, lr}^
    1430:	536d6574 	cmnpl	sp, #116, 10	@ 0x1d000000
    1434:	00657a69 	rsbeq	r7, r5, r9, ror #20
    1438:	74497670 	strbvc	r7, [r9], #-1648	@ 0xfffff990
                xReturn = pdTRUE;
    143c:	6f546d65 	svcvs	0x00546d65
            pxCurrentTCB->ucNotifyState[ uxIndexToWaitOn ] = taskNOT_WAITING_NOTIFICATION;
    1440:	75657551 	strbvc	r7, [r5, #-1361]!	@ 0xfffffaaf
    1444:	51780065 	cmnpl	r8, r5, rrx
    1448:	65756575 	ldrbvs	r6, [r5, #-1397]!	@ 0xfffffa8b
        taskEXIT_CRITICAL();
    144c:	75517349 	ldrbvc	r7, [r1, #-841]	@ 0xfffffcb7
        return xReturn;
    1450:	46657565 	strbtmi	r7, [r5], -r5, ror #10
    }
    1454:	466c6c75 			@ <UNDEFINED> instruction: 0x466c6c75
    1458:	496d6f72 	stmdbmi	sp!, {r1, r4, r5, r6, r8, r9, sl, fp, sp, lr}^
    145c:	75005253 	strvc	r5, [r0, #-595]	@ 0xfffffdad
    1460:	65755178 	ldrbvs	r5, [r5, #-376]!	@ 0xfffffe88
    {
    1464:	654d6575 	strbvs	r6, [sp, #-1397]	@ 0xfffffa8b
    1468:	67617373 			@ <UNDEFINED> instruction: 0x67617373
    146c:	61577365 	cmpvs	r7, r5, ror #6
    1470:	6e697469 	cdpvs	4, 6, cr7, cr9, cr9, {3}
        BaseType_t xReturn = pdPASS;
    1474:	63700067 	cmnvs	r0, #103	@ 0x67
        pxTCB = xTaskToNotify;
    1478:	6c696154 	stclvs	1, cr6, [r9], #-336	@ 0xfffffeb0
        taskENTER_CRITICAL();
    147c:	51787000 	cmnpl	r8, r0
            if( pulPreviousNotificationValue != NULL )
    1480:	65756575 	ldrbvs	r6, [r5, #-1397]!	@ 0xfffffa8b
                *pulPreviousNotificationValue = pxTCB->ulNotifiedValue[ uxIndexToNotify ];
    1484:	52787500 	rsbspl	r7, r8, #0, 10
    1488:	72756365 	rsbsvc	r6, r5, #-1811939327	@ 0x94000001
    148c:	65766973 	ldrbvs	r6, [r6, #-2419]!	@ 0xfffff68d
    1490:	6c6c6143 	stclvs	1, cr6, [ip], #-268	@ 0xfffffef4
            ucOriginalNotifyState = pxTCB->ucNotifyState[ uxIndexToNotify ];
    1494:	6e756f43 	cdpvs	15, 7, cr6, cr5, cr3, {2}
    1498:	51780074 	cmnpl	r8, r4, ror r0
    149c:	65756575 	ldrbvs	r6, [r5, #-1397]!	@ 0xfffffa8b
            pxTCB->ucNotifyState[ uxIndexToNotify ] = taskNOTIFICATION_RECEIVED;
    14a0:	6b656550 	blvs	195a9e8 <_edata+0x1957874>
    14a4:	6d6f7246 	stclvs	2, cr7, [pc, #-280]!	@ 1394 <xTaskGenericNotifyWait+0x54>
    14a8:	00525349 	subseq	r5, r2, r9, asr #6
            switch( eAction )
    14ac:	43767270 	cmnmi	r6, #112, 4
    14b0:	4479706f 	ldrbtmi	r7, [r9], #-111	@ 0xffffff91
    14b4:	46617461 	strbtmi	r7, [r1], -r1, ror #8
    14b8:	516d6f72 	smcpl	55026	@ 0xd6f2
    14bc:	65756575 	ldrbvs	r6, [r5, #-1397]!	@ 0xfffffa8b
    14c0:	48637000 	stmdami	r3!, {ip, sp, lr}^
    14c4:	00646165 	rsbeq	r6, r4, r5, ror #2
    14c8:	55767270 	ldrbpl	r7, [r6, #-624]!	@ 0xfffffd90
                    pxTCB->ulNotifiedValue[ uxIndexToNotify ] |= ulValue;
    14cc:	636f6c6e 	cmnvs	pc, #28160	@ 0x6e00
    14d0:	6575516b 	ldrbvs	r5, [r5, #-363]!	@ 0xfffffe95
    14d4:	78006575 	stmdavc	r0, {r0, r2, r4, r5, r6, r8, sl, sp, lr}
    14d8:	75657551 	strbvc	r7, [r5, #-1361]!	@ 0xfffffaaf
    14dc:	6e654765 	cdpvs	7, 6, cr4, cr5, cr5, {3}
    14e0:	63697265 	cmnvs	r9, #1342177286	@ 0x50000006
    14e4:	65736552 	ldrbvs	r6, [r3, #-1362]!	@ 0xfffffaae
                    break;
    14e8:	51780074 	cmnpl	r8, r4, ror r0
                    ( pxTCB->ulNotifiedValue[ uxIndexToNotify ] )++;
    14ec:	65756575 	ldrbvs	r6, [r5, #-1397]!	@ 0xfffffa8b
    14f0:	75517349 	ldrbvc	r7, [r1, #-841]	@ 0xfffffcb7
    14f4:	45657565 	strbmi	r7, [r5, #-1381]!	@ 0xfffffa9b
    14f8:	7974706d 	ldmdbvc	r4!, {r0, r2, r3, r5, r6, ip, sp, lr}^
    14fc:	6d6f7246 	stclvs	2, cr7, [pc, #-280]!	@ 13ec <xTaskGenericNotifyWait+0xac>
    1500:	00525349 	subseq	r5, r2, r9, asr #6
                    break;
    1504:	45555178 	ldrbmi	r5, [r5, #-376]	@ 0xfffffe88
                    pxTCB->ulNotifiedValue[ uxIndexToNotify ] = ulValue;
    1508:	78004555 	stmdavc	r0, {r0, r2, r4, r6, r8, sl, lr}
    150c:	6574754d 	ldrbvs	r7, [r4, #-1357]!	@ 0xfffffab3
    1510:	6c6f4878 	stclvs	8, cr4, [pc], #-480	@ 1338 <ulTaskGenericNotifyTake+0xe8>
                    break;
    1514:	00726564 	rsbseq	r6, r2, r4, ror #10
                    if( ucOriginalNotifyState != taskNOTIFICATION_RECEIVED )
    1518:	736f5078 	cmnvc	pc, #120	@ 0x78
                        pxTCB->ulNotifiedValue[ uxIndexToNotify ] = ulValue;
    151c:	6f697469 	svcvs	0x00697469
    1520:	5263006e 	rsbpl	r0, r3, #110	@ 0x6e
    1524:	636f4c78 	cmnvs	pc, #120, 24	@ 0x7800
    1528:	Address 0x1528 is out of bounds.


Disassembly of section .debug_frame:

00000000 <.debug_frame>:
   0:	0000000c 	andeq	r0, r0, ip
   4:	ffffffff 			@ <UNDEFINED> instruction: 0xffffffff
   8:	7c020001 	stcvc	0, cr0, [r2], {1}
   c:	000d0c0e 	andeq	r0, sp, lr, lsl #24
  10:	0000001c 	andeq	r0, r0, ip, lsl r0
  14:	00000000 	andeq	r0, r0, r0
  18:	000001dc 	ldrdeq	r0, [r0], -ip
  1c:	00000030 	andeq	r0, r0, r0, lsr r0
  20:	87080e41 	strhi	r0, [r8, -r1, asr #28]
  24:	41018e02 	tstmi	r1, r2, lsl #28
  28:	0d41200e 	stcleq	0, cr2, [r1, #-56]	@ 0xffffffc8
  2c:	00000007 	andeq	r0, r0, r7
  30:	0000001c 	andeq	r0, r0, ip, lsl r0
  34:	00000000 	andeq	r0, r0, r0
  38:	0000020c 	andeq	r0, r0, ip, lsl #4
  3c:	0000002c 	andeq	r0, r0, ip, lsr #32
  40:	87080e41 	strhi	r0, [r8, -r1, asr #28]
  44:	41018e02 	tstmi	r1, r2, lsl #28
  48:	0d41200e 	stcleq	0, cr2, [r1, #-56]	@ 0xffffffc8
  4c:	00000007 	andeq	r0, r0, r7
  50:	00000024 	andeq	r0, r0, r4, lsr #32
  54:	00000000 	andeq	r0, r0, r0
  58:	00000238 	andeq	r0, r0, r8, lsr r2
  5c:	000000c0 	andeq	r0, r0, r0, asr #1
  60:	87080e41 	strhi	r0, [r8, -r1, asr #28]
  64:	41018e02 	tstmi	r1, r2, lsl #28
  68:	0c41200e 	mcrreq	0, 0, r2, r1, cr14
  6c:	46021807 	strmi	r1, [r2], -r7, lsl #16
  70:	0d41080e 	stcleq	8, cr0, [r1, #-56]	@ 0xffffffc8
  74:	0000000d 	andeq	r0, r0, sp
  78:	0000000c 	andeq	r0, r0, ip
  7c:	ffffffff 			@ <UNDEFINED> instruction: 0xffffffff
  80:	7c020001 	stcvc	0, cr0, [r2], {1}
  84:	000d0c0e 	andeq	r0, sp, lr, lsl #24
  88:	00000024 	andeq	r0, r0, r4, lsr #32
  8c:	00000078 	andeq	r0, r0, r8, ror r0
  90:	000002f8 	strdeq	r0, [r0], -r8
  94:	0000003a 	andeq	r0, r0, sl, lsr r0
  98:	87040e41 	strhi	r0, [r4, -r1, asr #28]
  9c:	200e4101 	andcs	r4, lr, r1, lsl #2
  a0:	57070d41 	strpl	r0, [r7, -r1, asr #26]
  a4:	0d41040e 	stcleq	4, cr0, [r1, #-56]	@ 0xffffffc8
  a8:	0ec7410d 	cdpeq	1, 12, cr4, cr7, cr13, {0}
  ac:	00000000 	andeq	r0, r0, r0
  b0:	00000024 	andeq	r0, r0, r4, lsr #32
  b4:	00000078 	andeq	r0, r0, r8, ror r0
  b8:	00000332 	andeq	r0, r0, r2, lsr r3
  bc:	00000018 	andeq	r0, r0, r8, lsl r0
  c0:	87040e41 	strhi	r0, [r4, -r1, asr #28]
  c4:	180e4101 	stmdane	lr, {r0, r8, lr}
  c8:	46070d41 	strmi	r0, [r7], -r1, asr #26
  cc:	0d41040e 	stcleq	4, cr0, [r1, #-56]	@ 0xffffffc8
  d0:	0ec7410d 	cdpeq	1, 12, cr4, cr7, cr13, {0}
  d4:	00000000 	andeq	r0, r0, r0
  d8:	0000000c 	andeq	r0, r0, ip
  dc:	ffffffff 			@ <UNDEFINED> instruction: 0xffffffff
  e0:	7c020001 	stcvc	0, cr0, [r2], {1}
  e4:	000d0c0e 	andeq	r0, sp, lr, lsl #24
  e8:	00000020 	andeq	r0, r0, r0, lsr #32
  ec:	000000d8 	ldrdeq	r0, [r0], -r8
  f0:	0000034c 	andeq	r0, r0, ip, asr #6
  f4:	00000078 	andeq	r0, r0, r8, ror r0
  f8:	87080e41 	strhi	r0, [r8, -r1, asr #28]
  fc:	41018e02 	tstmi	r1, r2, lsl #28
 100:	0c41300e 	mcrreq	0, 0, r3, r1, cr14
 104:	0e772007 	cdpeq	0, 7, cr2, cr7, cr7, {0}
 108:	0d0d4108 	stceq	1, cr4, [sp, #-32]	@ 0xffffffe0
 10c:	00000020 	andeq	r0, r0, r0, lsr #32
 110:	000000d8 	ldrdeq	r0, [r0], -r8
 114:	000003c4 	andeq	r0, r0, r4, asr #7
 118:	00000046 	andeq	r0, r0, r6, asr #32
 11c:	87080e41 	strhi	r0, [r8, -r1, asr #28]
 120:	41018e02 	tstmi	r1, r2, lsl #28
 124:	0c41280e 	mcrreq	8, 0, r2, r1, cr14
 128:	0e5e2007 	cdpeq	0, 5, cr2, cr14, cr7, {0}
 12c:	0d0d4108 	stceq	1, cr4, [sp, #-32]	@ 0xffffffe0
 130:	00000020 	andeq	r0, r0, r0, lsr #32
 134:	000000d8 	ldrdeq	r0, [r0], -r8
 138:	0000040a 	andeq	r0, r0, sl, lsl #8
 13c:	000000ca 	andeq	r0, r0, sl, asr #1
 140:	87080e41 	strhi	r0, [r8, -r1, asr #28]
 144:	41018e02 	tstmi	r1, r2, lsl #28
 148:	0d41200e 	stcleq	0, cr2, [r1, #-56]	@ 0xffffffc8
 14c:	0e600207 	cdpeq	2, 6, cr0, cr0, cr7, {0}
 150:	0d0d4108 	stceq	1, cr4, [sp, #-32]	@ 0xffffffe0
 154:	00000020 	andeq	r0, r0, r0, lsr #32
 158:	000000d8 	ldrdeq	r0, [r0], -r8
 15c:	000004d4 	ldrdeq	r0, [r0], -r4
 160:	00000128 	andeq	r0, r0, r8, lsr #2
 164:	87080e41 	strhi	r0, [r8, -r1, asr #28]
 168:	41018e02 	tstmi	r1, r2, lsl #28
 16c:	0d41180e 	stcleq	8, cr1, [r1, #-56]	@ 0xffffffc8
 170:	0e810207 	cdpeq	2, 8, cr0, cr1, cr7, {0}
 174:	0d0d4108 	stceq	1, cr4, [sp, #-32]	@ 0xffffffe0
 178:	00000024 	andeq	r0, r0, r4, lsr #32
 17c:	000000d8 	ldrdeq	r0, [r0], -r8
 180:	000005fc 	strdeq	r0, [r0], -ip
 184:	000000ac 	andeq	r0, r0, ip, lsr #1
 188:	87080e41 	strhi	r0, [r8, -r1, asr #28]
 18c:	41018e02 	tstmi	r1, r2, lsl #28
 190:	0c41300e 	mcrreq	0, 0, r3, r1, cr14
 194:	4b022807 	blmi	8a1b8 <_edata+0x87044>
 198:	0d41080e 	stcleq	8, cr0, [r1, #-56]	@ 0xffffffc8
 19c:	0000000d 	andeq	r0, r0, sp
 1a0:	00000020 	andeq	r0, r0, r0, lsr #32
 1a4:	000000d8 	ldrdeq	r0, [r0], -r8
 1a8:	000006a8 	andeq	r0, r0, r8, lsr #13
 1ac:	0000005c 	andeq	r0, r0, ip, asr r0
 1b0:	87080e41 	strhi	r0, [r8, -r1, asr #28]
 1b4:	41018e02 	tstmi	r1, r2, lsl #28
 1b8:	0d41100e 	stcleq	0, cr1, [r1, #-56]	@ 0xffffffc8
 1bc:	080e6007 	stmdaeq	lr, {r0, r1, r2, sp, lr}
 1c0:	000d0d41 	andeq	r0, sp, r1, asr #26
 1c4:	00000020 	andeq	r0, r0, r0, lsr #32
 1c8:	000000d8 	ldrdeq	r0, [r0], -r8
 1cc:	00000704 	andeq	r0, r0, r4, lsl #14
 1d0:	00000030 	andeq	r0, r0, r0, lsr r0
	b start
 1d4:	87080e41 	strhi	r0, [r8, -r1, asr #28]
	b .
 1d8:	41018e02 	tstmi	r1, r2, lsl #28
static void vTask1(void *pvParameters){
 1dc:	0d41100e 	stcleq	0, cr1, [r1, #-56]	@ 0xffffffc8
 1e0:	080e5107 	stmdaeq	lr, {r0, r1, r2, r8, ip, lr}
	ValueToSend = (int32_t) pvParameters;
 1e4:	000d0d41 	andeq	r0, sp, r1, asr #26
	xstatus = xQueueSendToBack(xQueue, &ValueToSend, 0);
 1e8:	0000001c 	andeq	r0, r0, ip, lsl r0
 1ec:	000000d8 	ldrdeq	r0, [r0], -r8
 1f0:	00000734 	andeq	r0, r0, r4, lsr r7
 1f4:	0000001c 	andeq	r0, r0, ip, lsl r0
 1f8:	87040e41 	strhi	r0, [r4, -r1, asr #28]
	volatile int a = 0;
 1fc:	070d4101 	streq	r4, [sp, -r1, lsl #2]
		a++;
 200:	410d0d47 	tstmi	sp, r7, asr #26
 204:	00000ec7 	andeq	r0, r0, r7, asr #29
 208:	00000020 	andeq	r0, r0, r0, lsr #32
static void vTask2(void *pvParameters){
 20c:	000000d8 	ldrdeq	r0, [r0], -r8
 210:	00000750 	andeq	r0, r0, r0, asr r7
	xStatus = xQueueReceive( xQueue, &lReceivedValue, 0 );
 214:	000001f0 	strdeq	r0, [r0], -r0	@ <UNPREDICTABLE>
 218:	87080e41 	strhi	r0, [r8, -r1, asr #28]
 21c:	41018e02 	tstmi	r1, r2, lsl #28
 220:	0d41280e 	stcleq	8, cr2, [r1, #-56]	@ 0xffffffc8
 224:	0ee10207 	cdpeq	2, 14, cr0, cr1, cr7, {0}
	volatile int b = 0;
 228:	0d0d4108 	stceq	1, cr4, [sp, #-32]	@ 0xffffffe0
		b++;
 22c:	00000024 	andeq	r0, r0, r4, lsr #32
 230:	000000d8 	ldrdeq	r0, [r0], -r8
 234:	00000940 	andeq	r0, r0, r0, asr #18
{
 238:	0000001c 	andeq	r0, r0, ip, lsl r0
 23c:	87040e41 	strhi	r0, [r4, -r1, asr #28]
	uint32_t *src = &_sidata;
 240:	100e4101 	andne	r4, lr, r1, lsl #2
	uint32_t *dst = &_sdata;
 244:	46070d41 	strmi	r0, [r7], -r1, asr #26
		*dst++ = *src++;
 248:	0d41040e 	stcleq	4, cr0, [r1, #-56]	@ 0xffffffc8
 24c:	0ec7410d 	cdpeq	1, 12, cr4, cr7, cr13, {0}
 250:	00000000 	andeq	r0, r0, r0
 254:	00000024 	andeq	r0, r0, r4, lsr #32
	while(dst < &_edata){
 258:	000000d8 	ldrdeq	r0, [r0], -r8
 25c:	0000095c 	andeq	r0, r0, ip, asr r9
	dst = &_sbss;
 260:	00000020 	andeq	r0, r0, r0, lsr #32
	while(dst < &_ebss){
 264:	87040e41 	strhi	r0, [r4, -r1, asr #28]
		*dst++ = 0;
 268:	100e4101 	andne	r4, lr, r1, lsl #2
 26c:	48070d41 	stmdami	r7, {r0, r6, r8, sl, fp}
	while(dst < &_ebss){
 270:	0d41040e 	stcleq	4, cr0, [r1, #-56]	@ 0xffffffc8
 274:	0ec7410d 	cdpeq	1, 12, cr4, cr7, cr13, {0}
	xQueue = xQueueCreate( 5, sizeof( int32_t ) );
 278:	00000000 	andeq	r0, r0, r0
 27c:	0000001c 	andeq	r0, r0, ip, lsl r0
 280:	000000d8 	ldrdeq	r0, [r0], -r8
 284:	0000097c 	andeq	r0, r0, ip, ror r9
	if( xQueue != NULL )
 288:	00000014 	andeq	r0, r0, r4, lsl r0
 28c:	87040e41 	strhi	r0, [r4, -r1, asr #28]
		xReturn = xTaskCreate(vTask1, "T1", configMINIMAL_STACK_SIZE, NULL, 1, NULL);
 290:	070d4101 	streq	r4, [sp, -r1, lsl #2]
 294:	410d0d44 	tstmi	sp, r4, asr #26
 298:	00000ec7 	andeq	r0, r0, r7, asr #29
 29c:	00000024 	andeq	r0, r0, r4, lsr #32
 2a0:	000000d8 	ldrdeq	r0, [r0], -r8
 2a4:	00000990 	muleq	r0, r0, r9
		xReturn = xTaskCreate(vTask2, "T2", configMINIMAL_STACK_SIZE, NULL, 1, NULL);
 2a8:	0000002c 	andeq	r0, r0, ip, lsr #32
 2ac:	87040e41 	strhi	r0, [r4, -r1, asr #28]
 2b0:	180e4101 	stmdane	lr, {r0, r8, lr}
 2b4:	4d070d41 	stcmi	13, cr0, [r7, #-260]	@ 0xfffffefc
 2b8:	0d41040e 	stcleq	4, cr0, [r1, #-56]	@ 0xffffffc8
 2bc:	0ec7410d 	cdpeq	1, 12, cr4, cr7, cr13, {0}
		vTaskStartScheduler();
 2c0:	00000000 	andeq	r0, r0, r0
	return ;
 2c4:	00000020 	andeq	r0, r0, r0, lsr #32
 2c8:	000000d8 	ldrdeq	r0, [r0], -r8
 2cc:	000009bc 			@ <UNDEFINED> instruction: 0x000009bc
 2d0:	00000034 	andeq	r0, r0, r4, lsr r0
 2d4:	87080e41 	strhi	r0, [r8, -r1, asr #28]
 2d8:	41018e02 	tstmi	r1, r2, lsl #28
 2dc:	0d41180e 	stcleq	8, cr1, [r1, #-56]	@ 0xffffffc8
 2e0:	080e5307 	stmdaeq	lr, {r0, r1, r2, r8, r9, ip, lr}
 2e4:	000d0d41 	andeq	r0, sp, r1, asr #26
 2e8:	00000020 	andeq	r0, r0, r0, lsr #32
 2ec:	000000d8 	ldrdeq	r0, [r0], -r8
 2f0:	000009f0 	strdeq	r0, [r0], -r0	@ <UNPREDICTABLE>
 2f4:	00000210 	andeq	r0, r0, r0, lsl r2
{
 2f8:	87080e41 	strhi	r0, [r8, -r1, asr #28]
 2fc:	41018e02 	tstmi	r1, r2, lsl #28
 300:	0d41280e 	stcleq	8, cr2, [r1, #-56]	@ 0xffffffc8
    unsigned char *ptr = (unsigned char*)dst;
 304:	0eed0207 	cdpeq	2, 14, cr0, cr13, cr7, {0}
    unsigned char byte_value = (unsigned char)value;
 308:	0d0d4108 	stceq	1, cr4, [sp, #-32]	@ 0xffffffe0
    while( size > 0)
 30c:	00000024 	andeq	r0, r0, r4, lsr #32
        *ptr = byte_value;
 310:	000000d8 	ldrdeq	r0, [r0], -r8
        ptr++;
 314:	00000c00 	andeq	r0, r0, r0, lsl #24
 318:	0000008c 	andeq	r0, r0, ip, lsl #1
        size--;
 31c:	87040e41 	strhi	r0, [r4, -r1, asr #28]
    while( size > 0)
 320:	180e4101 	stmdane	lr, {r0, r8, lr}
 324:	76070d41 	strvc	r0, [r7], -r1, asr #26
}
 328:	0d41040e 	stcleq	4, cr0, [r1, #-56]	@ 0xffffffc8
 32c:	0ec7410d 	cdpeq	1, 12, cr4, cr7, cr13, {0}
 330:	00000000 	andeq	r0, r0, r0
{
 334:	00000020 	andeq	r0, r0, r0, lsr #32
 338:	000000d8 	ldrdeq	r0, [r0], -r8
 33c:	00000c8c 	andeq	r0, r0, ip, lsl #25
 340:	0000002c 	andeq	r0, r0, ip, lsr #32
 344:	87080e41 	strhi	r0, [r8, -r1, asr #28]
 348:	41018e02 	tstmi	r1, r2, lsl #28
    {
 34c:	0d41100e 	stcleq	0, cr1, [r1, #-56]	@ 0xffffffc8
 350:	080e4f07 	stmdaeq	lr, {r0, r1, r2, r8, r9, sl, fp, lr}
 354:	000d0d41 	andeq	r0, sp, r1, asr #26
 358:	00000020 	andeq	r0, r0, r0, lsr #32
            pxStack = pvPortMallocStack( ( ( ( size_t ) uxStackDepth ) * sizeof( StackType_t ) ) );
 35c:	000000d8 	ldrdeq	r0, [r0], -r8
 360:	00000cb8 			@ <UNDEFINED> instruction: 0x00000cb8
 364:	00000070 	andeq	r0, r0, r0, ror r0
            if( pxStack != NULL )
 368:	87080e41 	strhi	r0, [r8, -r1, asr #28]
                pxNewTCB = ( TCB_t * ) pvPortMalloc( sizeof( TCB_t ) );
 36c:	41018e02 	tstmi	r1, r2, lsl #28
 370:	0d41200e 	stcleq	0, cr2, [r1, #-56]	@ 0xffffffc8
                if( pxNewTCB != NULL )
 374:	080e7007 	stmdaeq	lr, {r0, r1, r2, ip, sp, lr}
 378:	000d0d41 	andeq	r0, sp, r1, asr #26
                    ( void ) memset( ( void * ) pxNewTCB, 0x00, sizeof( TCB_t ) );
 37c:	00000024 	andeq	r0, r0, r4, lsr #32
 380:	000000d8 	ldrdeq	r0, [r0], -r8
                    pxNewTCB->pxStack = pxStack;
 384:	00000d28 	andeq	r0, r0, r8, lsr #26
 388:	00000194 	muleq	r0, r4, r1
                    vPortFreeStack( pxStack );
 38c:	87040e41 	strhi	r0, [r4, -r1, asr #28]
 390:	280e4101 	stmdacs	lr, {r0, r8, lr}
                pxNewTCB = NULL;
 394:	02070d41 	andeq	r0, r7, #4160	@ 0x1040
        if( pxNewTCB != NULL )
 398:	41040eb7 			@ <UNDEFINED> instruction: 0x41040eb7
 39c:	c7410d0d 	strbgt	r0, [r1, -sp, lsl #26]
            prvInitialiseNewTask( pxTaskCode, pcName, uxStackDepth, pvParameters, uxPriority, pxCreatedTask, pxNewTCB, NULL );
 3a0:	0000000e 	andeq	r0, r0, lr
 3a4:	00000024 	andeq	r0, r0, r4, lsr #32
 3a8:	000000d8 	ldrdeq	r0, [r0], -r8
 3ac:	00000ebc 			@ <UNDEFINED> instruction: 0x00000ebc
 3b0:	00000144 	andeq	r0, r0, r4, asr #2
 3b4:	87040e41 	strhi	r0, [r4, -r1, asr #28]
 3b8:	200e4101 	andcs	r4, lr, r1, lsl #2
    }
 3bc:	02070d41 	andeq	r0, r7, #4160	@ 0x1040
 3c0:	41040e94 			@ <UNDEFINED> instruction: 0x41040e94
    {
 3c4:	c7410d0d 	strbgt	r0, [r1, -sp, lsl #26]
 3c8:	0000000e 	andeq	r0, r0, lr
 3cc:	00000020 	andeq	r0, r0, r0, lsr #32
 3d0:	000000d8 	ldrdeq	r0, [r0], -r8
        pxNewTCB = prvCreateTask( pxTaskCode, pcName, uxStackDepth, pvParameters, uxPriority, pxCreatedTask );
 3d4:	00001000 	andeq	r1, r0, r0
 3d8:	00000030 	andeq	r0, r0, r0, lsr r0
 3dc:	87080e41 	strhi	r0, [r8, -r1, asr #28]
 3e0:	41018e02 	tstmi	r1, r2, lsl #28
 3e4:	0d41100e 	stcleq	0, cr1, [r1, #-56]	@ 0xffffffc8
        if( pxNewTCB != NULL )
 3e8:	080e4f07 	stmdaeq	lr, {r0, r1, r2, r8, r9, sl, fp, lr}
 3ec:	000d0d41 	andeq	r0, sp, r1, asr #26
            prvAddNewTaskToReadyList( pxNewTCB );
 3f0:	00000024 	andeq	r0, r0, r4, lsr #32
            xReturn = pdPASS;
 3f4:	000000d8 	ldrdeq	r0, [r0], -r8
 3f8:	00001030 	andeq	r1, r0, r0, lsr r0
            xReturn = errCOULD_NOT_ALLOCATE_REQUIRED_MEMORY;
 3fc:	0000002c 	andeq	r0, r0, ip, lsr #32
        return xReturn;
 400:	87040e41 	strhi	r0, [r4, -r1, asr #28]
    }
 404:	100e4101 	andne	r4, lr, r1, lsl #2
 408:	4b070d41 	blmi	1c3914 <_edata+0x1c07a0>
{
 40c:	0d41040e 	stcleq	4, cr0, [r1, #-56]	@ 0xffffffc8
 410:	0ec7410d 	cdpeq	1, 12, cr4, cr7, cr13, {0}
 414:	00000000 	andeq	r0, r0, r0
        pxTopOfStack = &( pxNewTCB->pxStack[ uxStackDepth - ( configSTACK_DEPTH_TYPE ) 1 ] );
 418:	00000020 	andeq	r0, r0, r0, lsr #32
 41c:	000000d8 	ldrdeq	r0, [r0], -r8
 420:	0000105c 	andeq	r1, r0, ip, asr r0
 424:	00000084 	andeq	r0, r0, r4, lsl #1
 428:	87080e41 	strhi	r0, [r8, -r1, asr #28]
        pxTopOfStack = ( StackType_t * ) ( ( ( portPOINTER_SIZE_TYPE ) pxTopOfStack ) & ( ~( ( portPOINTER_SIZE_TYPE ) portBYTE_ALIGNMENT_MASK ) ) );
 42c:	41018e02 	tstmi	r1, r2, lsl #28
 430:	0d41200e 	stcleq	0, cr2, [r1, #-56]	@ 0xffffffc8
    if( pcName != NULL )
 434:	080e7807 	stmdaeq	lr, {r0, r1, r2, fp, ip, sp, lr}
        for( x = ( UBaseType_t ) 0; x < ( UBaseType_t ) configMAX_TASK_NAME_LEN; x++ )
 438:	000d0d41 	andeq	r0, sp, r1, asr #26
 43c:	0000001c 	andeq	r0, r0, ip, lsl r0
            pxNewTCB->pcTaskName[ x ] = pcName[ x ];
 440:	000000d8 	ldrdeq	r0, [r0], -r8
 444:	000010e0 	andeq	r1, r0, r0, ror #1
 448:	00000018 	andeq	r0, r0, r8, lsl r0
 44c:	87040e41 	strhi	r0, [r4, -r1, asr #28]
 450:	070d4101 	streq	r4, [sp, -r1, lsl #2]
            if( pcName[ x ] == ( char ) 0x00 )
 454:	410d0d45 	tstmi	sp, r5, asr #26
 458:	00000ec7 	andeq	r0, r0, r7, asr #29
 45c:	0000001c 	andeq	r0, r0, ip, lsl r0
        for( x = ( UBaseType_t ) 0; x < ( UBaseType_t ) configMAX_TASK_NAME_LEN; x++ )
 460:	000000d8 	ldrdeq	r0, [r0], -r8
 464:	000010f8 	strdeq	r1, [r0], -r8
 468:	00000030 	andeq	r0, r0, r0, lsr r0
                break;
 46c:	87080e41 	strhi	r0, [r8, -r1, asr #28]
        pxNewTCB->pcTaskName[ configMAX_TASK_NAME_LEN - 1U ] = '\0';
 470:	41018e02 	tstmi	r1, r2, lsl #28
 474:	0d41100e 	stcleq	0, cr1, [r1, #-56]	@ 0xffffffc8
    if( uxPriority >= ( UBaseType_t ) configMAX_PRIORITIES )
 478:	00000007 	andeq	r0, r0, r7
        uxPriority = ( UBaseType_t ) configMAX_PRIORITIES - ( UBaseType_t ) 1U;
 47c:	00000020 	andeq	r0, r0, r0, lsr #32
    pxNewTCB->uxPriority = uxPriority;
 480:	000000d8 	ldrdeq	r0, [r0], -r8
 484:	00001128 	andeq	r1, r0, r8, lsr #2
    vListInitialiseItem( &( pxNewTCB->xStateListItem ) );
 488:	0000006c 	andeq	r0, r0, ip, rrx
 48c:	87080e41 	strhi	r0, [r8, -r1, asr #28]
    vListInitialiseItem( &( pxNewTCB->xEventListItem ) );
 490:	41018e02 	tstmi	r1, r2, lsl #28
 494:	0d41100e 	stcleq	0, cr1, [r1, #-56]	@ 0xffffffc8
 498:	080e6407 	stmdaeq	lr, {r0, r1, r2, sl, sp, lr}
    listSET_LIST_ITEM_OWNER( &( pxNewTCB->xStateListItem ), pxNewTCB );
 49c:	000d0d41 	andeq	r0, sp, r1, asr #26
    listSET_LIST_ITEM_VALUE( &( pxNewTCB->xEventListItem ), ( TickType_t ) configMAX_PRIORITIES - ( TickType_t ) uxPriority );
 4a0:	0000001c 	andeq	r0, r0, ip, lsl r0
 4a4:	000000d8 	ldrdeq	r0, [r0], -r8
 4a8:	00001194 	muleq	r0, r4, r1
    listSET_LIST_ITEM_OWNER( &( pxNewTCB->xEventListItem ), pxNewTCB );
 4ac:	0000000c 	andeq	r0, r0, ip
            pxNewTCB->pxTopOfStack = pxPortInitialiseStack( pxTopOfStack, pxTaskCode, pvParameters );
 4b0:	87040e41 	strhi	r0, [r4, -r1, asr #28]
 4b4:	070d4101 	streq	r4, [sp, -r1, lsl #2]
 4b8:	410d0d42 	tstmi	sp, r2, asr #26
 4bc:	00000ec7 	andeq	r0, r0, r7, asr #29
    if( pxCreatedTask != NULL )
 4c0:	0000001c 	andeq	r0, r0, ip, lsl r0
 4c4:	000000d8 	ldrdeq	r0, [r0], -r8
        *pxCreatedTask = ( TaskHandle_t ) pxNewTCB;
 4c8:	000011a0 	andeq	r1, r0, r0, lsr #3
}
 4cc:	00000034 	andeq	r0, r0, r4, lsr r0
 4d0:	87040e41 	strhi	r0, [r4, -r1, asr #28]
    {
 4d4:	070d4101 	streq	r4, [sp, -r1, lsl #2]
 4d8:	410d0d52 	tstmi	sp, r2, asr sp
        taskENTER_CRITICAL();
 4dc:	00000ec7 	andeq	r0, r0, r7, asr #29
            uxCurrentNumberOfTasks = ( UBaseType_t ) ( uxCurrentNumberOfTasks + 1U );
 4e0:	00000024 	andeq	r0, r0, r4, lsr #32
 4e4:	000000d8 	ldrdeq	r0, [r0], -r8
 4e8:	000011d4 	ldrdeq	r1, [r0], -r4
            if( pxCurrentTCB == NULL )
 4ec:	0000001c 	andeq	r0, r0, ip, lsl r0
 4f0:	87040e41 	strhi	r0, [r4, -r1, asr #28]
                pxCurrentTCB = pxNewTCB;
 4f4:	100e4101 	andne	r4, lr, r1, lsl #2
                if( uxCurrentNumberOfTasks == ( UBaseType_t ) 1 )
 4f8:	46070d41 	strmi	r0, [r7], -r1, asr #26
 4fc:	0d41040e 	stcleq	4, cr0, [r1, #-56]	@ 0xffffffc8
                    prvInitialiseTaskLists();
 500:	0ec7410d 	cdpeq	1, 12, cr4, cr7, cr13, {0}
 504:	00000000 	andeq	r0, r0, r0
                if( xSchedulerRunning == pdFALSE )
 508:	00000024 	andeq	r0, r0, r4, lsr #32
 50c:	000000d8 	ldrdeq	r0, [r0], -r8
                    if( pxCurrentTCB->uxPriority <= pxNewTCB->uxPriority )
 510:	000011f0 	strdeq	r1, [r0], -r0
 514:	00000030 	andeq	r0, r0, r0, lsr r0
 518:	87040e41 	strhi	r0, [r4, -r1, asr #28]
                        pxCurrentTCB = pxNewTCB;
 51c:	180e4101 	stmdane	lr, {r0, r8, lr}
 520:	4f070d41 	svcmi	0x00070d41
            uxTaskNumber++;
 524:	0d41040e 	stcleq	4, cr0, [r1, #-56]	@ 0xffffffc8
 528:	0ec7410d 	cdpeq	1, 12, cr4, cr7, cr13, {0}
            prvAddTaskToReadyList( pxNewTCB );
 52c:	00000000 	andeq	r0, r0, r0
 530:	00000024 	andeq	r0, r0, r4, lsr #32
 534:	000000d8 	ldrdeq	r0, [r0], -r8
 538:	00001220 	andeq	r1, r0, r0, lsr #4
 53c:	00000030 	andeq	r0, r0, r0, lsr r0
 540:	87040e41 	strhi	r0, [r4, -r1, asr #28]
 544:	100e4101 	andne	r4, lr, r1, lsl #2
 548:	4f070d41 	svcmi	0x00070d41
 54c:	0d41040e 	stcleq	4, cr0, [r1, #-56]	@ 0xffffffc8
 550:	0ec7410d 	cdpeq	1, 12, cr4, cr7, cr13, {0}
 554:	00000000 	andeq	r0, r0, r0
 558:	00000020 	andeq	r0, r0, r0, lsr #32
 55c:	000000d8 	ldrdeq	r0, [r0], -r8
 560:	00001250 	andeq	r1, r0, r0, asr r2
 564:	000000f0 	strdeq	r0, [r0], -r0	@ <UNPREDICTABLE>
 568:	87080e41 	strhi	r0, [r8, -r1, asr #28]
 56c:	41018e02 	tstmi	r1, r2, lsl #28
 570:	0d41280e 	stcleq	8, cr2, [r1, #-56]	@ 0xffffffc8
 574:	0e6f0207 	cdpeq	2, 6, cr0, cr15, cr7, {0}
 578:	0d0d4108 	stceq	1, cr4, [sp, #-32]	@ 0xffffffe0
 57c:	00000020 	andeq	r0, r0, r0, lsr #32
 580:	000000d8 	ldrdeq	r0, [r0], -r8
 584:	00001340 	andeq	r1, r0, r0, asr #6
 588:	00000124 	andeq	r0, r0, r4, lsr #2
 58c:	87080e41 	strhi	r0, [r8, -r1, asr #28]
 590:	41018e02 	tstmi	r1, r2, lsl #28
 594:	0d41280e 	stcleq	8, cr2, [r1, #-56]	@ 0xffffffc8
 598:	0e880207 	cdpeq	2, 8, cr0, cr8, cr7, {0}
 59c:	0d0d4108 	stceq	1, cr4, [sp, #-32]	@ 0xffffffe0
 5a0:	00000020 	andeq	r0, r0, r0, lsr #32
 5a4:	000000d8 	ldrdeq	r0, [r0], -r8
 5a8:	00001464 	andeq	r1, r0, r4, ror #8
 5ac:	000001d4 	ldrdeq	r0, [r0], -r4
        taskEXIT_CRITICAL();
 5b0:	87080e41 	strhi	r0, [r8, -r1, asr #28]
        if( xSchedulerRunning != pdFALSE )
 5b4:	41018e02 	tstmi	r1, r2, lsl #28
 5b8:	0d41300e 	stcleq	0, cr3, [r1, #-56]	@ 0xffffffc8
            taskYIELD_ANY_CORE_IF_USING_PREEMPTION( pxNewTCB );
 5bc:	0edc0207 	cdpeq	2, 13, cr0, cr12, cr7, {0}
 5c0:	0d0d4108 	stceq	1, cr4, [sp, #-32]	@ 0xffffffe0
 5c4:	00000024 	andeq	r0, r0, r4, lsr #32
 5c8:	000000d8 	ldrdeq	r0, [r0], -r8
 5cc:	00001638 	andeq	r1, r0, r8, lsr r6
 5d0:	0000024c 	andeq	r0, r0, ip, asr #4
 5d4:	87040e41 	strhi	r0, [r4, -r1, asr #28]
    }
 5d8:	400e4101 	andmi	r4, lr, r1, lsl #2
 5dc:	03070d41 	movweq	r0, #32065	@ 0x7d41
 5e0:	040e0113 	streq	r0, [lr], #-275	@ 0xfffffeed
 5e4:	410d0d41 	tstmi	sp, r1, asr #26
 5e8:	00000ec7 	andeq	r0, r0, r7, asr #29
 5ec:	00000024 	andeq	r0, r0, r4, lsr #32
 5f0:	000000d8 	ldrdeq	r0, [r0], -r8
 5f4:	00001884 	andeq	r1, r0, r4, lsl #17
 5f8:	000001bc 			@ <UNDEFINED> instruction: 0x000001bc
{
 5fc:	87040e41 	strhi	r0, [r4, -r1, asr #28]
 600:	400e4101 	andmi	r4, lr, r1, lsl #2
    BaseType_t xReturn = pdPASS;
 604:	02070d41 	andeq	r0, r7, #4160	@ 0x1040
    char cIdleName[ configMAX_TASK_NAME_LEN ] = { 0 };
 608:	41040ecb 	smlabtmi	r4, fp, lr, r0
 60c:	c7410d0d 	strbgt	r0, [r1, -sp, lsl #26]
 610:	0000000e 	andeq	r0, r0, lr
    TaskFunction_t pxIdleTaskFunction = NULL;
 614:	00000020 	andeq	r0, r0, r0, lsr #32
    for( xIdleTaskNameIndex = 0U; xIdleTaskNameIndex < ( configMAX_TASK_NAME_LEN - taskRESERVED_TASK_NAME_LENGTH ); xIdleTaskNameIndex++ )
 618:	000000d8 	ldrdeq	r0, [r0], -r8
        cIdleName[ xIdleTaskNameIndex ] = configIDLE_TASK_NAME[ xIdleTaskNameIndex ];
 61c:	00001a40 	andeq	r1, r0, r0, asr #20
 620:	00000058 	andeq	r0, r0, r8, asr r0
 624:	87080e41 	strhi	r0, [r8, -r1, asr #28]
 628:	41018e02 	tstmi	r1, r2, lsl #28
 62c:	0d41180e 	stcleq	8, cr1, [r1, #-56]	@ 0xffffffc8
        if( cIdleName[ xIdleTaskNameIndex ] == ( char ) 0x00 )
 630:	080e6407 	stmdaeq	lr, {r0, r1, r2, sl, sp, lr}
 634:	000d0d41 	andeq	r0, sp, r1, asr #26
 638:	00000020 	andeq	r0, r0, r0, lsr #32
    for( xIdleTaskNameIndex = 0U; xIdleTaskNameIndex < ( configMAX_TASK_NAME_LEN - taskRESERVED_TASK_NAME_LENGTH ); xIdleTaskNameIndex++ )
 63c:	000000d8 	ldrdeq	r0, [r0], -r8
 640:	00001a98 	muleq	r0, r8, sl
 644:	00000060 	andeq	r0, r0, r0, rrx
            break;
 648:	87080e41 	strhi	r0, [r8, -r1, asr #28]
    cIdleName[ xIdleTaskNameIndex ] = '\0';
 64c:	41018e02 	tstmi	r1, r2, lsl #28
 650:	0d41200e 	stcleq	0, cr2, [r1, #-56]	@ 0xffffffc8
    for( xCoreID = ( BaseType_t ) 0; xCoreID < ( BaseType_t ) configNUMBER_OF_CORES; xCoreID++ )
 654:	080e6807 	stmdaeq	lr, {r0, r1, r2, fp, sp, lr}
 658:	000d0d41 	andeq	r0, sp, r1, asr #26
            pxIdleTaskFunction = &prvIdleTask;
 65c:	00000020 	andeq	r0, r0, r0, lsr #32
            xReturn = xTaskCreate( pxIdleTaskFunction,
 660:	000000d8 	ldrdeq	r0, [r0], -r8
 664:	00001af8 	strdeq	r1, [r0], -r8
 668:	000000ac 	andeq	r0, r0, ip, lsr #1
 66c:	87080e41 	strhi	r0, [r8, -r1, asr #28]
 670:	41018e02 	tstmi	r1, r2, lsl #28
 674:	0d41200e 	stcleq	0, cr2, [r1, #-56]	@ 0xffffffc8
 678:	0e450207 	cdpeq	2, 4, cr0, cr5, cr7, {0}
        if( xReturn != pdPASS )
 67c:	0d0d4108 	stceq	1, cr4, [sp, #-32]	@ 0xffffffe0
 680:	00000024 	andeq	r0, r0, r4, lsr #32
    for( xCoreID = ( BaseType_t ) 0; xCoreID < ( BaseType_t ) configNUMBER_OF_CORES; xCoreID++ )
 684:	000000d8 	ldrdeq	r0, [r0], -r8
 688:	00001ba4 	andeq	r1, r0, r4, lsr #23
 68c:	00000094 	muleq	r0, r4, r0
            break;
 690:	87040e41 	strhi	r0, [r4, -r1, asr #28]
}
 694:	100e4101 	andne	r4, lr, r1, lsl #2
 698:	6e070d41 	cdpvs	13, 0, cr0, cr7, cr1, {2}
 69c:	0d41040e 	stcleq	4, cr0, [r1, #-56]	@ 0xffffffc8
 6a0:	0ec7410d 	cdpeq	1, 12, cr4, cr7, cr13, {0}
 6a4:	00000000 	andeq	r0, r0, r0
{
 6a8:	0000000c 	andeq	r0, r0, ip
 6ac:	ffffffff 			@ <UNDEFINED> instruction: 0xffffffff
    xReturn = prvCreateIdleTasks();
 6b0:	7c020001 	stcvc	0, cr0, [r2], {1}
    if( xReturn == pdPASS )
 6b4:	000d0c0e 	andeq	r0, sp, lr, lsl #24
 6b8:	00000024 	andeq	r0, r0, r4, lsr #32
    __asm volatile
 6bc:	000006a8 	andeq	r0, r0, r8, lsr #13
 6c0:	00001c38 	andeq	r1, r0, r8, lsr ip
 6c4:	0000003e 	andeq	r0, r0, lr, lsr r0
 6c8:	87040e41 	strhi	r0, [r4, -r1, asr #28]
}
 6cc:	100e4101 	andne	r4, lr, r1, lsl #2
        xNextTaskUnblockTime = portMAX_DELAY;
 6d0:	59070d41 	stmdbpl	r7, {r0, r6, r8, sl, fp}
 6d4:	0d41040e 	stcleq	4, cr0, [r1, #-56]	@ 0xffffffc8
        xSchedulerRunning = pdTRUE;
 6d8:	0ec7410d 	cdpeq	1, 12, cr4, cr7, cr13, {0}
        xTickCount = ( TickType_t ) configINITIAL_TICK_COUNT;
 6dc:	00000000 	andeq	r0, r0, r0
 6e0:	00000024 	andeq	r0, r0, r4, lsr #32
        ( void ) xPortStartScheduler();
 6e4:	000006a8 	andeq	r0, r0, r8, lsr #13
    ( void ) uxTopUsedPriority;
 6e8:	00001c76 	andeq	r1, r0, r6, ror ip
}
 6ec:	00000018 	andeq	r0, r0, r8, lsl r0
 6f0:	87040e41 	strhi	r0, [r4, -r1, asr #28]
 6f4:	100e4101 	andne	r4, lr, r1, lsl #2
 6f8:	46070d41 	strmi	r0, [r7], -r1, asr #26
 6fc:	0d41040e 	stcleq	4, cr0, [r1, #-56]	@ 0xffffffc8
 700:	0ec7410d 	cdpeq	1, 12, cr4, cr7, cr13, {0}
{
 704:	00000000 	andeq	r0, r0, r0
 708:	00000024 	andeq	r0, r0, r4, lsr #32
    __asm volatile
 70c:	000006a8 	andeq	r0, r0, r8, lsr #13
 710:	00001c8e 	andeq	r1, r0, lr, lsl #25
 714:	00000046 	andeq	r0, r0, r6, asr #32
 718:	87040e41 	strhi	r0, [r4, -r1, asr #28]
}
 71c:	180e4101 	stmdane	lr, {r0, r8, lr}
    xSchedulerRunning = pdFALSE;
 720:	5d070d41 	stcpl	13, cr0, [r7, #-260]	@ 0xfffffefc
    vPortEndScheduler();
 724:	0d41040e 	stcleq	4, cr0, [r1, #-56]	@ 0xffffffc8
}
 728:	0ec7410d 	cdpeq	1, 12, cr4, cr7, cr13, {0}
 72c:	00000000 	andeq	r0, r0, r0
 730:	00000024 	andeq	r0, r0, r4, lsr #32
{
 734:	000006a8 	andeq	r0, r0, r8, lsr #13
        uxSchedulerSuspended = ( UBaseType_t ) ( uxSchedulerSuspended + 1U );
 738:	00001cd4 	ldrdeq	r1, [r0], -r4
 73c:	00000070 	andeq	r0, r0, r0, ror r0
 740:	87040e41 	strhi	r0, [r4, -r1, asr #28]
}
 744:	180e4101 	stmdane	lr, {r0, r8, lr}
 748:	72070d41 	andvc	r0, r7, #4160	@ 0x1040
 74c:	0d41040e 	stcleq	4, cr0, [r1, #-56]	@ 0xffffffc8
{
 750:	0ec7410d 	cdpeq	1, 12, cr4, cr7, cr13, {0}
 754:	00000000 	andeq	r0, r0, r0
    TCB_t * pxTCB = NULL;
 758:	00000024 	andeq	r0, r0, r4, lsr #32
    BaseType_t xAlreadyYielded = pdFALSE;
 75c:	000006a8 	andeq	r0, r0, r8, lsr #13
        taskENTER_CRITICAL();
 760:	00001d44 	andeq	r1, r0, r4, asr #26
            const BaseType_t xCoreID = ( BaseType_t ) portGET_CORE_ID();
 764:	00000052 	andeq	r0, r0, r2, asr r0
            uxSchedulerSuspended = ( UBaseType_t ) ( uxSchedulerSuspended - 1U );
 768:	87040e41 	strhi	r0, [r4, -r1, asr #28]
 76c:	180e4101 	stmdane	lr, {r0, r8, lr}
            if( uxSchedulerSuspended == ( UBaseType_t ) 0U )
 770:	63070d41 	movwvs	r0, #32065	@ 0x7d41
 774:	0d41040e 	stcleq	4, cr0, [r1, #-56]	@ 0xffffffc8
 778:	0ec7410d 	cdpeq	1, 12, cr4, cr7, cr13, {0}
                if( uxCurrentNumberOfTasks > ( UBaseType_t ) 0U )
 77c:	00000000 	andeq	r0, r0, r0
 780:	0000000c 	andeq	r0, r0, ip
                    while( listLIST_IS_EMPTY( &xPendingReadyList ) == pdFALSE )
 784:	ffffffff 			@ <UNDEFINED> instruction: 0xffffffff
                        pxTCB = listGET_OWNER_OF_HEAD_ENTRY( ( &xPendingReadyList ) );
 788:	7c020001 	stcvc	0, cr0, [r2], {1}
 78c:	000d0c0e 	andeq	r0, sp, lr, lsl #24
                        listREMOVE_ITEM( &( pxTCB->xEventListItem ) );
 790:	00000020 	andeq	r0, r0, r0, lsr #32
 794:	00000780 	andeq	r0, r0, r0, lsl #15
 798:	00001d98 	muleq	r0, r8, sp
 79c:	00000164 	andeq	r0, r0, r4, ror #2
 7a0:	87080e41 	strhi	r0, [r8, -r1, asr #28]
 7a4:	41018e02 	tstmi	r1, r2, lsl #28
 7a8:	0d41280e 	stcleq	8, cr2, [r1, #-56]	@ 0xffffffc8
 7ac:	0ea30207 	cdpeq	2, 10, cr0, cr3, cr7, {0}
 7b0:	0d0d4108 	stceq	1, cr4, [sp, #-32]	@ 0xffffffe0
 7b4:	00000020 	andeq	r0, r0, r0, lsr #32
 7b8:	00000780 	andeq	r0, r0, r0, lsl #15
 7bc:	00001efc 	strdeq	r1, [r0], -ip
 7c0:	00000074 	andeq	r0, r0, r4, ror r0
 7c4:	87080e41 	strhi	r0, [r8, -r1, asr #28]
 7c8:	41018e02 	tstmi	r1, r2, lsl #28
                        listREMOVE_ITEM( &( pxTCB->xStateListItem ) );
 7cc:	0d41180e 	stcleq	8, cr1, [r1, #-56]	@ 0xffffffc8
 7d0:	080e7007 	stmdaeq	lr, {r0, r1, r2, ip, sp, lr}
 7d4:	000d0d41 	andeq	r0, sp, r1, asr #26
 7d8:	0000001c 	andeq	r0, r0, ip, lsl r0
 7dc:	00000780 	andeq	r0, r0, r0, lsl #15
 7e0:	00001f70 	andeq	r1, r0, r0, ror pc
 7e4:	00000014 	andeq	r0, r0, r4, lsl r0
 7e8:	87040e41 	strhi	r0, [r4, -r1, asr #28]
 7ec:	070d4101 	streq	r4, [sp, -r1, lsl #2]
 7f0:	410d0d44 	tstmi	sp, r4, asr #26
 7f4:	00000ec7 	andeq	r0, r0, r7, asr #29
 7f8:	0000001c 	andeq	r0, r0, ip, lsl r0
 7fc:	00000780 	andeq	r0, r0, r0, lsl #15
 800:	00001f84 	andeq	r1, r0, r4, lsl #31
 804:	00000014 	andeq	r0, r0, r4, lsl r0
 808:	87040e41 	strhi	r0, [r4, -r1, asr #28]
                        prvAddTaskToReadyList( pxTCB );
 80c:	070d4101 	streq	r4, [sp, -r1, lsl #2]
 810:	410d0d44 	tstmi	sp, r4, asr #26
 814:	00000ec7 	andeq	r0, r0, r7, asr #29
 818:	0000001c 	andeq	r0, r0, ip, lsl r0
 81c:	00000780 	andeq	r0, r0, r0, lsl #15
 820:	00001f98 	muleq	r0, r8, pc	@ <UNPREDICTABLE>
 824:	0000001c 	andeq	r0, r0, ip, lsl r0
 828:	87040e41 	strhi	r0, [r4, -r1, asr #28]
 82c:	070d4101 	streq	r4, [sp, -r1, lsl #2]
 830:	410d0d46 	tstmi	sp, r6, asr #26
 834:	00000ec7 	andeq	r0, r0, r7, asr #29
 838:	0000001c 	andeq	r0, r0, ip, lsl r0
 83c:	00000780 	andeq	r0, r0, r0, lsl #15
 840:	00001fb4 			@ <UNDEFINED> instruction: 0x00001fb4
 844:	0000000c 	andeq	r0, r0, ip
 848:	87040e41 	strhi	r0, [r4, -r1, asr #28]
 84c:	070d4101 	streq	r4, [sp, -r1, lsl #2]
 850:	410d0d42 	tstmi	sp, r2, asr #26
 854:	00000ec7 	andeq	r0, r0, r7, asr #29
 858:	00000020 	andeq	r0, r0, r0, lsr #32
 85c:	00000780 	andeq	r0, r0, r0, lsl #15
 860:	00001fc0 	andeq	r1, r0, r0, asr #31
 864:	00000060 	andeq	r0, r0, r0, rrx
 868:	87080e41 	strhi	r0, [r8, -r1, asr #28]
 86c:	41018e02 	tstmi	r1, r2, lsl #28
 870:	0d41180e 	stcleq	8, cr1, [r1, #-56]	@ 0xffffffc8
 874:	080e6b07 	stmdaeq	lr, {r0, r1, r2, r8, r9, fp, sp, lr}
 878:	000d0d41 	andeq	r0, sp, r1, asr #26
 87c:	00000024 	andeq	r0, r0, r4, lsr #32
 880:	00000780 	andeq	r0, r0, r0, lsl #15
 884:	00002020 	andeq	r2, r0, r0, lsr #32
 888:	000000b4 	strheq	r0, [r0], -r4
                            if( pxTCB->uxPriority > pxCurrentTCB->uxPriority )
 88c:	87040e41 	strhi	r0, [r4, -r1, asr #28]
 890:	180e4101 	stmdane	lr, {r0, r8, lr}
 894:	02070d41 	andeq	r0, r7, #4160	@ 0x1040
 898:	41040e49 	tstmi	r4, r9, asr #28
                                xYieldPendings[ xCoreID ] = pdTRUE;
 89c:	c7410d0d 	strbgt	r0, [r1, -sp, lsl #26]
 8a0:	0000000e 	andeq	r0, r0, lr
                    while( listLIST_IS_EMPTY( &xPendingReadyList ) == pdFALSE )
 8a4:	00000024 	andeq	r0, r0, r4, lsr #32
 8a8:	00000780 	andeq	r0, r0, r0, lsl #15
 8ac:	000020d4 	ldrdeq	r2, [r0], -r4
                    if( pxTCB != NULL )
 8b0:	000000b0 	strheq	r0, [r0], -r0	@ <UNPREDICTABLE>
                        prvResetNextTaskUnblockTime();
 8b4:	87040e41 	strhi	r0, [r4, -r1, asr #28]
                        TickType_t xPendedCounts = xPendedTicks; /* Non-volatile copy. */
 8b8:	180e4101 	stmdane	lr, {r0, r8, lr}
 8bc:	02070d41 	andeq	r0, r7, #4160	@ 0x1040
                        if( xPendedCounts > ( TickType_t ) 0U )
 8c0:	41040e4e 	tstmi	r4, lr, asr #28
                                if( xTaskIncrementTick() != pdFALSE )
 8c4:	c7410d0d 	strbgt	r0, [r1, -sp, lsl #26]
 8c8:	0000000e 	andeq	r0, r0, lr
 8cc:	00000020 	andeq	r0, r0, r0, lsr #32
                                    xYieldPendings[ xCoreID ] = pdTRUE;
 8d0:	00000780 	andeq	r0, r0, r0, lsl #15
 8d4:	00002184 	andeq	r2, r0, r4, lsl #3
                                --xPendedCounts;
 8d8:	000000bc 	strheq	r0, [r0], -ip
 8dc:	87080e41 	strhi	r0, [r8, -r1, asr #28]
                            } while( xPendedCounts > ( TickType_t ) 0U );
 8e0:	41018e02 	tstmi	r1, r2, lsl #28
                            xPendedTicks = 0;
 8e4:	0d41200e 	stcleq	0, cr2, [r1, #-56]	@ 0xffffffc8
 8e8:	0e4d0207 	cdpeq	2, 4, cr0, cr13, cr7, {0}
                    if( xYieldPendings[ xCoreID ] != pdFALSE )
 8ec:	0d0d4108 	stceq	1, cr4, [sp, #-32]	@ 0xffffffe0
 8f0:	0000001c 	andeq	r0, r0, ip, lsl r0
 8f4:	00000780 	andeq	r0, r0, r0, lsl #15
                            xAlreadyYielded = pdTRUE;
 8f8:	00002240 	andeq	r2, r0, r0, asr #4
                            taskYIELD_TASK_CORE_IF_USING_PREEMPTION( pxCurrentTCB );
 8fc:	00000040 	andeq	r0, r0, r0, asr #32
 900:	87040e41 	strhi	r0, [r4, -r1, asr #28]
 904:	070d4101 	streq	r4, [sp, -r1, lsl #2]
 908:	410d0d51 	tstmi	sp, r1, asr sp
 90c:	00000ec7 	andeq	r0, r0, r7, asr #29
        taskEXIT_CRITICAL();
 910:	0000000c 	andeq	r0, r0, ip
}
 914:	ffffffff 			@ <UNDEFINED> instruction: 0xffffffff
 918:	7c020001 	stcvc	0, cr0, [r2], {1}
 91c:	000d0c0e 	andeq	r0, sp, lr, lsl #24
 920:	00000024 	andeq	r0, r0, r4, lsr #32
 924:	00000910 	andeq	r0, r0, r0, lsl r9
 928:	00002280 	andeq	r2, r0, r0, lsl #5
 92c:	00000058 	andeq	r0, r0, r8, asr r0
 930:	87040e41 	strhi	r0, [r4, -r1, asr #28]
 934:	180e4101 	stmdane	lr, {r0, r8, lr}
 938:	64070d41 	strvs	r0, [r7], #-3393	@ 0xfffff2bf
 93c:	0d41040e 	stcleq	4, cr0, [r1, #-56]	@ 0xffffffc8
{
 940:	0ec7410d 	cdpeq	1, 12, cr4, cr7, cr13, {0}
 944:	00000000 	andeq	r0, r0, r0
        xTicks = xTickCount;
 948:	00000024 	andeq	r0, r0, r4, lsr #32
    return xTicks;
 94c:	00000910 	andeq	r0, r0, r0, lsl r9
}
 950:	000022d8 	ldrdeq	r2, [r0], -r8
 954:	00000032 	andeq	r0, r0, r2, lsr r0
 958:	87040e41 	strhi	r0, [r4, -r1, asr #28]
{
 95c:	100e4101 	andne	r4, lr, r1, lsl #2
 960:	53070d41 	movwpl	r0, #32065	@ 0x7d41
    uxSavedInterruptStatus = portTICK_TYPE_SET_INTERRUPT_MASK_FROM_ISR();
 964:	0d41040e 	stcleq	4, cr0, [r1, #-56]	@ 0xffffffc8
        xReturn = xTickCount;
 968:	0ec7410d 	cdpeq	1, 12, cr4, cr7, cr13, {0}
    return xReturn;
 96c:	00000000 	andeq	r0, r0, r0
}
 970:	0000000c 	andeq	r0, r0, ip
 974:	00000910 	andeq	r0, r0, r0, lsl r9
 978:	0000230a 	andeq	r2, r0, sl, lsl #6
{
 97c:	00000028 	andeq	r0, r0, r8, lsr #32
    return uxCurrentNumberOfTasks;
 980:	0000000c 	andeq	r0, r0, ip
}
 984:	00000910 	andeq	r0, r0, r0, lsl r9
 988:	00002332 	andeq	r2, r0, r2, lsr r3
 98c:	00000020 	andeq	r0, r0, r0, lsr #32
{
 990:	00000020 	andeq	r0, r0, r0, lsr #32
 994:	00000910 	andeq	r0, r0, r0, lsl r9
    pxTCB = prvGetTCBFromHandle( xTaskToQuery );
 998:	00002352 	andeq	r2, r0, r2, asr r3
 99c:	0000005a 	andeq	r0, r0, sl, asr r0
 9a0:	87080e41 	strhi	r0, [r8, -r1, asr #28]
 9a4:	41018e02 	tstmi	r1, r2, lsl #28
    return &( pxTCB->pcTaskName[ 0 ] );
 9a8:	0d41100e 	stcleq	0, cr1, [r1, #-56]	@ 0xffffffc8
}
 9ac:	080e6007 	stmdaeq	lr, {r0, r1, r2, sp, lr}
 9b0:	000d0d41 	andeq	r0, sp, r1, asr #26
 9b4:	0000001c 	andeq	r0, r0, ip, lsl r0
 9b8:	00000910 	andeq	r0, r0, r0, lsl r9
{
 9bc:	000023ac 	andeq	r2, r0, ip, lsr #7
 9c0:	0000000c 	andeq	r0, r0, ip
    vTaskSuspendAll();
 9c4:	87040e41 	strhi	r0, [r4, -r1, asr #28]
    taskENTER_CRITICAL();
 9c8:	070d4101 	streq	r4, [sp, -r1, lsl #2]
        xPendedTicks += xTicksToCatchUp;
 9cc:	410d0d42 	tstmi	sp, r2, asr #26
 9d0:	00000ec7 	andeq	r0, r0, r7, asr #29
 9d4:	00000024 	andeq	r0, r0, r4, lsr #32
    taskEXIT_CRITICAL();
 9d8:	00000910 	andeq	r0, r0, r0, lsl r9
    xYieldOccurred = xTaskResumeAll();
 9dc:	000023b8 			@ <UNDEFINED> instruction: 0x000023b8
 9e0:	00000034 	andeq	r0, r0, r4, lsr r0
}
 9e4:	87040e41 	strhi	r0, [r4, -r1, asr #28]
 9e8:	100e4101 	andne	r4, lr, r1, lsl #2
 9ec:	51070d41 	tstpl	r7, r1, asr #26
{
 9f0:	0d41040e 	stcleq	4, cr0, [r1, #-56]	@ 0xffffffc8
 9f4:	0ec7410d 	cdpeq	1, 12, cr4, cr7, cr13, {0}
    BaseType_t xSwitchRequired = pdFALSE;
 9f8:	00000000 	andeq	r0, r0, r0
    if( uxSchedulerSuspended == ( UBaseType_t ) 0U )
 9fc:	00000024 	andeq	r0, r0, r4, lsr #32
 a00:	00000910 	andeq	r0, r0, r0, lsl r9
        const TickType_t xConstTickCount = xTickCount + ( TickType_t ) 1;
 a04:	000023ec 	andeq	r2, r0, ip, ror #7
 a08:	00000034 	andeq	r0, r0, r4, lsr r0
        xTickCount = xConstTickCount;
 a0c:	87040e41 	strhi	r0, [r4, -r1, asr #28]
 a10:	100e4101 	andne	r4, lr, r1, lsl #2
        if( xConstTickCount == ( TickType_t ) 0U )
 a14:	51070d41 	tstpl	r7, r1, asr #26
            taskSWITCH_DELAYED_LISTS();
 a18:	0d41040e 	stcleq	4, cr0, [r1, #-56]	@ 0xffffffc8
 a1c:	0ec7410d 	cdpeq	1, 12, cr4, cr7, cr13, {0}
 a20:	00000000 	andeq	r0, r0, r0
 a24:	0000000c 	andeq	r0, r0, ip
 a28:	00000910 	andeq	r0, r0, r0, lsl r9
 a2c:	00002420 	andeq	r2, r0, r0, lsr #8
 a30:	00000046 	andeq	r0, r0, r6, asr #32
 a34:	00000020 	andeq	r0, r0, r0, lsr #32
 a38:	00000910 	andeq	r0, r0, r0, lsl r9
        if( xConstTickCount >= xNextTaskUnblockTime )
 a3c:	00002466 	andeq	r2, r0, r6, ror #8
 a40:	00000046 	andeq	r0, r0, r6, asr #32
 a44:	87080e41 	strhi	r0, [r8, -r1, asr #28]
                if( listLIST_IS_EMPTY( pxDelayedTaskList ) != pdFALSE )
 a48:	41018e02 	tstmi	r1, r2, lsl #28
 a4c:	0d41100e 	stcleq	0, cr1, [r1, #-56]	@ 0xffffffc8
                    xNextTaskUnblockTime = portMAX_DELAY;
 a50:	080e5b07 	stmdaeq	lr, {r0, r1, r2, r8, r9, fp, ip, lr}
 a54:	000d0d41 	andeq	r0, sp, r1, asr #26
                    break;
 a58:	0000001c 	andeq	r0, r0, ip, lsl r0
                    pxTCB = listGET_OWNER_OF_HEAD_ENTRY( pxDelayedTaskList );
 a5c:	00000910 	andeq	r0, r0, r0, lsl r9
 a60:	000024ac 	andeq	r2, r0, ip, lsr #9
                    xItemValue = listGET_LIST_ITEM_VALUE( &( pxTCB->xStateListItem ) );
 a64:	00000034 	andeq	r0, r0, r4, lsr r0
 a68:	87040e41 	strhi	r0, [r4, -r1, asr #28]
                    if( xConstTickCount < xItemValue )
 a6c:	070d4101 	streq	r4, [sp, -r1, lsl #2]
 a70:	410d0d4e 	tstmi	sp, lr, asr #26
                        xNextTaskUnblockTime = xItemValue;
 a74:	00000ec7 	andeq	r0, r0, r7, asr #29
                        break;
 a78:	0000000c 	andeq	r0, r0, ip
                    listREMOVE_ITEM( &( pxTCB->xStateListItem ) );
 a7c:	ffffffff 			@ <UNDEFINED> instruction: 0xffffffff
 a80:	7c020001 	stcvc	0, cr0, [r2], {1}
 a84:	000d0c0e 	andeq	r0, sp, lr, lsl #24
 a88:	00000020 	andeq	r0, r0, r0, lsr #32
 a8c:	00000a78 	andeq	r0, r0, r8, ror sl
 a90:	000024e0 	andeq	r2, r0, r0, ror #9
 a94:	000000e8 	andeq	r0, r0, r8, ror #1
 a98:	87080e41 	strhi	r0, [r8, -r1, asr #28]
 a9c:	41018e02 	tstmi	r1, r2, lsl #28
 aa0:	0d41180e 	stcleq	8, cr1, [r1, #-56]	@ 0xffffffc8
 aa4:	0e6c0207 	cdpeq	2, 6, cr0, cr12, cr7, {0}
 aa8:	0d0d4108 	stceq	1, cr4, [sp, #-32]	@ 0xffffffe0
 aac:	00000020 	andeq	r0, r0, r0, lsr #32
 ab0:	00000a78 	andeq	r0, r0, r8, ror sl
 ab4:	000025c8 	andeq	r2, r0, r8, asr #11
                    if( listLIST_ITEM_CONTAINER( &( pxTCB->xEventListItem ) ) != NULL )
 ab8:	0000007e 	andeq	r0, r0, lr, ror r0
 abc:	87080e41 	strhi	r0, [r8, -r1, asr #28]
                        listREMOVE_ITEM( &( pxTCB->xEventListItem ) );
 ac0:	41018e02 	tstmi	r1, r2, lsl #28
 ac4:	0c41300e 	mcrreq	0, 0, r3, r1, cr14
 ac8:	0e7a2807 	cdpeq	8, 7, cr2, cr10, cr7, {0}
 acc:	0d0d4108 	stceq	1, cr4, [sp, #-32]	@ 0xffffffe0
 ad0:	00000020 	andeq	r0, r0, r0, lsr #32
 ad4:	00000a78 	andeq	r0, r0, r8, ror sl
 ad8:	00002646 	andeq	r2, r0, r6, asr #12
 adc:	0000003e 	andeq	r0, r0, lr, lsr r0
 ae0:	87080e41 	strhi	r0, [r8, -r1, asr #28]
 ae4:	41018e02 	tstmi	r1, r2, lsl #28
 ae8:	0d41180e 	stcleq	8, cr1, [r1, #-56]	@ 0xffffffc8
 aec:	080e5a07 	stmdaeq	lr, {r0, r1, r2, r9, fp, ip, lr}
 af0:	000d0d41 	andeq	r0, sp, r1, asr #26
 af4:	00000020 	andeq	r0, r0, r0, lsr #32
 af8:	00000a78 	andeq	r0, r0, r8, ror sl
 afc:	00002684 	andeq	r2, r0, r4, lsl #13
                    prvAddTaskToReadyList( pxTCB );
 b00:	00000154 	andeq	r0, r0, r4, asr r1
 b04:	87080e41 	strhi	r0, [r8, -r1, asr #28]
 b08:	41018e02 	tstmi	r1, r2, lsl #28
 b0c:	0d41300e 	stcleq	0, cr3, [r1, #-56]	@ 0xffffffc8
 b10:	0ea30207 	cdpeq	2, 10, cr0, cr3, cr7, {0}
 b14:	0d0d4108 	stceq	1, cr4, [sp, #-32]	@ 0xffffffe0
 b18:	00000020 	andeq	r0, r0, r0, lsr #32
 b1c:	00000a78 	andeq	r0, r0, r8, ror sl
 b20:	000027d8 	ldrdeq	r2, [r0], -r8
 b24:	000000ca 	andeq	r0, r0, sl, asr #1
 b28:	87080e41 	strhi	r0, [r8, -r1, asr #28]
 b2c:	41018e02 	tstmi	r1, r2, lsl #28
 b30:	0d41400e 	stcleq	0, cr4, [r1, #-56]	@ 0xffffffc8
 b34:	0e600207 	cdpeq	2, 6, cr0, cr0, cr7, {0}
 b38:	0d0d4108 	stceq	1, cr4, [sp, #-32]	@ 0xffffffe0
 b3c:	00000020 	andeq	r0, r0, r0, lsr #32
 b40:	00000a78 	andeq	r0, r0, r8, ror sl
 b44:	000028a2 	andeq	r2, r0, r2, lsr #17
 b48:	000000b8 	strheq	r0, [r0], -r8
 b4c:	87080e41 	strhi	r0, [r8, -r1, asr #28]
 b50:	41018e02 	tstmi	r1, r2, lsl #28
 b54:	0d41380e 	stcleq	8, cr3, [r1, #-56]	@ 0xffffffc8
 b58:	0e570207 	cdpeq	2, 5, cr0, cr7, cr7, {0}
 b5c:	0d0d4108 	stceq	1, cr4, [sp, #-32]	@ 0xffffffe0
 b60:	00000020 	andeq	r0, r0, r0, lsr #32
 b64:	00000a78 	andeq	r0, r0, r8, ror sl
 b68:	0000295a 	andeq	r2, r0, sl, asr r9
 b6c:	00000146 	andeq	r0, r0, r6, asr #2
 b70:	87080e41 	strhi	r0, [r8, -r1, asr #28]
 b74:	41018e02 	tstmi	r1, r2, lsl #28
 b78:	0d41300e 	stcleq	0, cr3, [r1, #-56]	@ 0xffffffc8
 b7c:	0e9b0207 	cdpeq	2, 9, cr0, cr11, cr7, {0}
                            if( pxTCB->uxPriority > pxCurrentTCB->uxPriority )
 b80:	0d0d4108 	stceq	1, cr4, [sp, #-32]	@ 0xffffffe0
 b84:	00000020 	andeq	r0, r0, r0, lsr #32
 b88:	00000a78 	andeq	r0, r0, r8, ror sl
 b8c:	00002aa0 	andeq	r2, r0, r0, lsr #21
                                xSwitchRequired = pdTRUE;
 b90:	0000013c 	andeq	r0, r0, ip, lsr r1
                if( listLIST_IS_EMPTY( pxDelayedTaskList ) != pdFALSE )
 b94:	87080e41 	strhi	r0, [r8, -r1, asr #28]
                if( listCURRENT_LIST_LENGTH( &( pxReadyTasksLists[ pxCurrentTCB->uxPriority ] ) ) > 1U )
 b98:	41018e02 	tstmi	r1, r2, lsl #28
 b9c:	0d41280e 	stcleq	8, cr2, [r1, #-56]	@ 0xffffffc8
 ba0:	0e960207 	cdpeq	2, 9, cr0, cr6, cr7, {0}
 ba4:	0d0d4108 	stceq	1, cr4, [sp, #-32]	@ 0xffffffe0
 ba8:	00000020 	andeq	r0, r0, r0, lsr #32
 bac:	00000a78 	andeq	r0, r0, r8, ror sl
                    xSwitchRequired = pdTRUE;
 bb0:	00002bdc 	ldrdeq	r2, [r0], -ip
                if( xYieldPendings[ 0 ] != pdFALSE )
 bb4:	00000148 	andeq	r0, r0, r8, asr #2
 bb8:	87080e41 	strhi	r0, [r8, -r1, asr #28]
                    xSwitchRequired = pdTRUE;
 bbc:	41018e02 	tstmi	r1, r2, lsl #28
        xPendedTicks += 1U;
 bc0:	0d41300e 	stcleq	0, cr3, [r1, #-56]	@ 0xffffffc8
 bc4:	0e9d0207 	cdpeq	2, 9, cr0, cr13, cr7, {0}
 bc8:	0d0d4108 	stceq	1, cr4, [sp, #-32]	@ 0xffffffe0
}
 bcc:	00000020 	andeq	r0, r0, r0, lsr #32
 bd0:	00000a78 	andeq	r0, r0, r8, ror sl
 bd4:	00002d24 	andeq	r2, r0, r4, lsr #26
 bd8:	000000c2 	andeq	r0, r0, r2, asr #1
 bdc:	87080e41 	strhi	r0, [r8, -r1, asr #28]
 be0:	41018e02 	tstmi	r1, r2, lsl #28
 be4:	0d41400e 	stcleq	0, cr4, [r1, #-56]	@ 0xffffffc8
 be8:	0e5c0207 	cdpeq	2, 5, cr0, cr12, cr7, {0}
 bec:	0d0d4108 	stceq	1, cr4, [sp, #-32]	@ 0xffffffe0
 bf0:	00000020 	andeq	r0, r0, r0, lsr #32
 bf4:	00000a78 	andeq	r0, r0, r8, ror sl
 bf8:	00002de6 	andeq	r2, r0, r6, ror #27
 bfc:	00000066 	andeq	r0, r0, r6, rrx
    {
 c00:	87080e41 	strhi	r0, [r8, -r1, asr #28]
 c04:	41018e02 	tstmi	r1, r2, lsl #28
        if( uxSchedulerSuspended != ( UBaseType_t ) 0U )
 c08:	0d41300e 	stcleq	0, cr3, [r1, #-56]	@ 0xffffffc8
 c0c:	080e6e07 	stmdaeq	lr, {r0, r1, r2, r9, sl, fp, sp, lr}
            xYieldPendings[ 0 ] = pdTRUE;
 c10:	000d0d41 	andeq	r0, sp, r1, asr #26
    }
 c14:	00000020 	andeq	r0, r0, r0, lsr #32
            xYieldPendings[ 0 ] = pdFALSE;
 c18:	00000a78 	andeq	r0, r0, r8, ror sl
            taskSELECT_HIGHEST_PRIORITY_TASK();
 c1c:	00002e4c 	andeq	r2, r0, ip, asr #28
 c20:	00000020 	andeq	r0, r0, r0, lsr #32
        __asm volatile ( "clz %0, %1" : "=r" ( ucReturn ) : "r" ( ulBitmap ) : "memory" );
 c24:	87080e41 	strhi	r0, [r8, -r1, asr #28]
 c28:	41018e02 	tstmi	r1, r2, lsl #28
 c2c:	0d41180e 	stcleq	8, cr1, [r1, #-56]	@ 0xffffffc8
 c30:	080e4b07 	stmdaeq	lr, {r0, r1, r2, r8, r9, fp, lr}
 c34:	000d0d41 	andeq	r0, sp, r1, asr #26
 c38:	00000020 	andeq	r0, r0, r0, lsr #32
 c3c:	00000a78 	andeq	r0, r0, r8, ror sl
 c40:	00002e6c 	andeq	r2, r0, ip, ror #28
 c44:	0000002a 	andeq	r0, r0, sl, lsr #32
 c48:	87080e41 	strhi	r0, [r8, -r1, asr #28]
 c4c:	41018e02 	tstmi	r1, r2, lsl #28
 c50:	0d41180e 	stcleq	8, cr1, [r1, #-56]	@ 0xffffffc8
 c54:	080e5007 	stmdaeq	lr, {r0, r1, r2, ip, lr}
 c58:	000d0d41 	andeq	r0, sp, r1, asr #26
 c5c:	00000024 	andeq	r0, r0, r4, lsr #32
 c60:	00000a78 	andeq	r0, r0, r8, ror sl
 c64:	00002e96 	muleq	r0, r6, lr
 c68:	0000001e 	andeq	r0, r0, lr, lsl r0
            portTASK_SWITCH_HOOK( pxCurrentTCB );
 c6c:	87040e41 	strhi	r0, [r4, -r1, asr #28]
    }
 c70:	180e4101 	stmdane	lr, {r0, r8, lr}
 c74:	49070d41 	stmdbmi	r7, {r0, r6, r8, sl, fp}
 c78:	0d41040e 	stcleq	4, cr0, [r1, #-56]	@ 0xffffffc8
 c7c:	0ec7410d 	cdpeq	1, 12, cr4, cr7, cr13, {0}
 c80:	00000000 	andeq	r0, r0, r0
 c84:	00000020 	andeq	r0, r0, r0, lsr #32
 c88:	00000a78 	andeq	r0, r0, r8, ror sl
{
 c8c:	00002eb4 			@ <UNDEFINED> instruction: 0x00002eb4
 c90:	0000001a 	andeq	r0, r0, sl, lsl r0
 c94:	87080e41 	strhi	r0, [r8, -r1, asr #28]
    vListInsert( pxEventList, &( pxCurrentTCB->xEventListItem ) );
 c98:	41018e02 	tstmi	r1, r2, lsl #28
 c9c:	0d41180e 	stcleq	8, cr1, [r1, #-56]	@ 0xffffffc8
 ca0:	080e4807 	stmdaeq	lr, {r0, r1, r2, fp, lr}
    prvAddCurrentTaskToDelayedList( xTicksToWait, pdTRUE );
 ca4:	000d0d41 	andeq	r0, sp, r1, asr #26
 ca8:	00000024 	andeq	r0, r0, r4, lsr #32
}
 cac:	00000a78 	andeq	r0, r0, r8, ror sl
 cb0:	00002ece 	andeq	r2, r0, lr, asr #29
 cb4:	00000016 	andeq	r0, r0, r6, lsl r0
{
 cb8:	87040e41 	strhi	r0, [r4, -r1, asr #28]
 cbc:	100e4101 	andne	r4, lr, r1, lsl #2
 cc0:	45070d41 	strmi	r0, [r7, #-3393]	@ 0xfffff2bf
    listSET_LIST_ITEM_VALUE( &( pxCurrentTCB->xEventListItem ), xItemValue | taskEVENT_LIST_ITEM_VALUE_IN_USE );
 cc4:	0d41040e 	stcleq	4, cr0, [r1, #-56]	@ 0xffffffc8
 cc8:	0ec7410d 	cdpeq	1, 12, cr4, cr7, cr13, {0}
 ccc:	00000000 	andeq	r0, r0, r0
    listINSERT_END( pxEventList, &( pxCurrentTCB->xEventListItem ) );
 cd0:	00000024 	andeq	r0, r0, r4, lsr #32
 cd4:	00000a78 	andeq	r0, r0, r8, ror sl
 cd8:	00002ee4 	andeq	r2, r0, r4, ror #29
 cdc:	00000016 	andeq	r0, r0, r6, lsl r0
 ce0:	87040e41 	strhi	r0, [r4, -r1, asr #28]
 ce4:	100e4101 	andne	r4, lr, r1, lsl #2
 ce8:	45070d41 	strmi	r0, [r7, #-3393]	@ 0xfffff2bf
 cec:	0d41040e 	stcleq	4, cr0, [r1, #-56]	@ 0xffffffc8
 cf0:	0ec7410d 	cdpeq	1, 12, cr4, cr7, cr13, {0}
 cf4:	00000000 	andeq	r0, r0, r0
 cf8:	00000020 	andeq	r0, r0, r0, lsr #32
 cfc:	00000a78 	andeq	r0, r0, r8, ror sl
 d00:	00002efa 	strdeq	r2, [r0], -sl
 d04:	000000b8 	strheq	r0, [r0], -r8
 d08:	87080e41 	strhi	r0, [r8, -r1, asr #28]
 d0c:	41018e02 	tstmi	r1, r2, lsl #28
 d10:	0d41200e 	stcleq	0, cr2, [r1, #-56]	@ 0xffffffc8
    prvAddCurrentTaskToDelayedList( xTicksToWait, pdTRUE );
 d14:	0e570207 	cdpeq	2, 5, cr0, cr7, cr7, {0}
 d18:	0d0d4108 	stceq	1, cr4, [sp, #-32]	@ 0xffffffe0
}
 d1c:	00000020 	andeq	r0, r0, r0, lsr #32
 d20:	00000a78 	andeq	r0, r0, r8, ror sl
 d24:	00002fb2 			@ <UNDEFINED> instruction: 0x00002fb2
{
 d28:	0000004c 	andeq	r0, r0, ip, asr #32
 d2c:	87080e41 	strhi	r0, [r8, -r1, asr #28]
    pxUnblockedTCB = listGET_OWNER_OF_HEAD_ENTRY( pxEventList );
 d30:	41018e02 	tstmi	r1, r2, lsl #28
 d34:	0d41100e 	stcleq	0, cr1, [r1, #-56]	@ 0xffffffc8
    listREMOVE_ITEM( &( pxUnblockedTCB->xEventListItem ) );
 d38:	080e6107 	stmdaeq	lr, {r0, r1, r2, r8, sp, lr}
 d3c:	000d0d41 	andeq	r0, sp, r1, asr #26
 d40:	00000020 	andeq	r0, r0, r0, lsr #32
 d44:	00000a78 	andeq	r0, r0, r8, ror sl
 d48:	00002ffe 	strdeq	r2, [r0], -lr
 d4c:	000000a4 	andeq	r0, r0, r4, lsr #1
 d50:	87080e41 	strhi	r0, [r8, -r1, asr #28]
 d54:	41018e02 	tstmi	r1, r2, lsl #28
 d58:	0d41180e 	stcleq	8, cr1, [r1, #-56]	@ 0xffffffc8
 d5c:	0e4d0207 	cdpeq	2, 4, cr0, cr13, cr7, {0}
 d60:	0d0d4108 	stceq	1, cr4, [sp, #-32]	@ 0xffffffe0
 d64:	00000020 	andeq	r0, r0, r0, lsr #32
 d68:	00000a78 	andeq	r0, r0, r8, ror sl
 d6c:	000030a2 	andeq	r3, r0, r2, lsr #1
 d70:	0000002c 	andeq	r0, r0, ip, lsr #32
 d74:	87080e41 	strhi	r0, [r8, -r1, asr #28]
    if( uxSchedulerSuspended == ( UBaseType_t ) 0U )
 d78:	41018e02 	tstmi	r1, r2, lsl #28
 d7c:	0d41180e 	stcleq	8, cr1, [r1, #-56]	@ 0xffffffc8
        listREMOVE_ITEM( &( pxUnblockedTCB->xStateListItem ) );
 d80:	080e5107 	stmdaeq	lr, {r0, r1, r2, r8, ip, lr}
 d84:	000d0d41 	andeq	r0, sp, r1, asr #26
 d88:	00000024 	andeq	r0, r0, r4, lsr #32
 d8c:	00000a78 	andeq	r0, r0, r8, ror sl
 d90:	000030ce 	andeq	r3, r0, lr, asr #1
 d94:	0000002a 	andeq	r0, r0, sl, lsr #32
 d98:	87040e41 	strhi	r0, [r4, -r1, asr #28]
 d9c:	180e4101 	stmdane	lr, {r0, r8, lr}
 da0:	4f070d41 	svcmi	0x00070d41
 da4:	0d41040e 	stcleq	4, cr0, [r1, #-56]	@ 0xffffffc8
 da8:	0ec7410d 	cdpeq	1, 12, cr4, cr7, cr13, {0}
 dac:	00000000 	andeq	r0, r0, r0
 db0:	00000020 	andeq	r0, r0, r0, lsr #32
 db4:	00000a78 	andeq	r0, r0, r8, ror sl
 db8:	000030f8 	strdeq	r3, [r0], -r8
        prvAddTaskToReadyList( pxUnblockedTCB );
 dbc:	00000030 	andeq	r0, r0, r0, lsr r0
 dc0:	87080e41 	strhi	r0, [r8, -r1, asr #28]
 dc4:	41018e02 	tstmi	r1, r2, lsl #28
 dc8:	0d41180e 	stcleq	8, cr1, [r1, #-56]	@ 0xffffffc8
 dcc:	080e5307 	stmdaeq	lr, {r0, r1, r2, r8, r9, ip, lr}
 dd0:	000d0d41 	andeq	r0, sp, r1, asr #26
 dd4:	00000024 	andeq	r0, r0, r4, lsr #32
 dd8:	00000a78 	andeq	r0, r0, r8, ror sl
 ddc:	00003128 	andeq	r3, r0, r8, lsr #2
 de0:	0000002e 	andeq	r0, r0, lr, lsr #32
 de4:	87040e41 	strhi	r0, [r4, -r1, asr #28]
 de8:	180e4101 	stmdane	lr, {r0, r8, lr}
 dec:	51070d41 	tstpl	r7, r1, asr #26
 df0:	0d41040e 	stcleq	4, cr0, [r1, #-56]	@ 0xffffffc8
 df4:	0ec7410d 	cdpeq	1, 12, cr4, cr7, cr13, {0}
 df8:	00000000 	andeq	r0, r0, r0
